Position,Const,Created,Modified,Description,Title,Original Title,URL,Title Type,IMDb Rating,Runtime (mins),Year,Genres,Num Votes,Release Date,Directors,Your Rating,Date Rated
1,tt0000417,2018-08-19,2018-08-19,,"A Trip to the Moon","Le voyage dans la lune",https://www.imdb.com/title/tt0000417/,Short,8.1,13,1902,"Short, Adventure, Comedy, Fantasy, Sci-Fi",60583,1902-10-04,"Georges Méliès",,
2,tt0000439,2018-08-19,2018-08-19,,"The Great Train Robbery","The Great Train Robbery",https://www.imdb.com/title/tt0000439/,Short,7.2,11,1903,"Short, Action, Adventure, Crime, Drama, Western",22721,1903-12-07,"Edwin S. Porter",,
3,tt0004972,2018-08-19,2018-08-19,,"The Birth of a Nation","The Birth of a Nation",https://www.imdb.com/title/tt0004972/,Movie,6.1,195,1915,"Drama, War",28220,1915-03-21,"D.W. Griffith",,
4,tt0006206,2018-08-19,2018-08-19,,"Les Vampires","Les vampires",https://www.imdb.com/title/tt0006206/,Movie,7.3,421,1915,"Action, Adventure, Crime, Drama, Mystery, Thriller",5871,1916-11-23,"Louis Feuillade",,
5,tt0006864,2018-08-19,2018-08-19,,"Intolerance","Intolerance: Love's Struggle Throughout the Ages",https://www.imdb.com/title/tt0006864/,Movie,7.6,210,1916,"Drama, History",17904,1916-10-04,"D.W. Griffith",,
6,tt0010323,2018-08-19,2018-08-19,,"The Cabinet of Dr. Caligari","Das Cabinet des Dr. Caligari",https://www.imdb.com/title/tt0010323/,Movie,8.0,67,1920,"Horror, Mystery, Thriller",75983,1920-02-27,"Robert Wiene",,
7,tt0009968,2018-08-19,2018-08-19,,"Broken Blossoms","Broken Blossoms or The Yellow Man and the Girl",https://www.imdb.com/title/tt0009968/,Movie,7.2,90,1919,"Drama, Romance",11756,1919-10-20,"D.W. Griffith",,
8,tt0011870,2018-08-19,2018-08-19,,"Within Our Gates","Within Our Gates",https://www.imdb.com/title/tt0011870/,Movie,6.4,79,1920,"Drama, Romance",4046,1920-01-12,"Oscar Micheaux",,
9,tt0011841,2018-08-19,2018-08-19,,"Way Down East","Way Down East",https://www.imdb.com/title/tt0011841/,Movie,7.3,145,1920,"Drama, Romance",6290,1920-09-03,"D.W. Griffith",,
10,tt0012532,2018-08-19,2018-08-19,,"Orphans of the Storm","Orphans of the Storm",https://www.imdb.com/title/tt0012532/,Movie,7.3,150,1921,"Drama, History, Romance",5749,1922-01-30,"D.W. Griffith",,
11,tt0012364,2018-08-19,2018-08-19,,"The Phantom Carriage","Körkarlen",https://www.imdb.com/title/tt0012364/,Movie,8.0,107,1921,"Drama, Fantasy, Horror",15677,1922-06-04,"Victor Sjöström",,
12,tt0013626,2018-08-19,2018-08-19,,"The Smiling Madame Beudet","La souriante Madame Beudet",https://www.imdb.com/title/tt0013626/,Short,6.6,26,1923,"Short, Drama",3233,1923-11-09,"Germaine Dulac",,
13,tt0013086,2018-08-19,2018-08-19,,"Dr. Mabuse, the Gambler","Dr. Mabuse, der Spieler",https://www.imdb.com/title/tt0013086/,Movie,7.8,195,1922,"Crime, Mystery, Thriller",9908,1922-09-30,"Fritz Lang",,
14,tt0013427,2018-08-19,2018-08-19,,"Nanook of the North","Nanook of the North",https://www.imdb.com/title/tt0013427/,Movie,7.6,78,1922,"Documentary",14362,1922-06-11,"Robert J. Flaherty",,
15,tt0013442,2018-08-19,2018-08-19,,"Nosferatu","Nosferatu, eine Symphonie des Grauens",https://www.imdb.com/title/tt0013442/,Movie,7.8,94,1922,"Fantasy, Horror",122990,1922-12-19,"F.W. Murnau",,
16,tt0013257,2018-08-19,2018-08-19,,"Häxan","Häxan",https://www.imdb.com/title/tt0013257/,Movie,7.6,91,1922,"Documentary, Fantasy, Horror",19062,1929-05-27,"Benjamin Christensen",,
17,tt0013140,2018-08-19,2018-08-19,,"Foolish Wives","Foolish Wives",https://www.imdb.com/title/tt0013140/,Movie,7.0,117,1922,"Drama, Thriller",4344,1922-01-11,"Erich von Stroheim",,
18,tt0014341,2018-08-19,2018-08-19,,"Our Hospitality","Our Hospitality",https://www.imdb.com/title/tt0014341/,Movie,7.7,65,1923,"Comedy, Romance, Thriller",13494,1923-11-19,"John G. Blystone, Buster Keaton",,
19,tt0014417,2018-08-19,2018-08-19,,"The Wheel","La roue",https://www.imdb.com/title/tt0014417/,Movie,7.5,417,1923,"Drama",2782,1923-02-17,"Abel Gance",,
20,tt0015064,2018-08-19,2018-08-19,,"The Last Laugh","Der letzte Mann",https://www.imdb.com/title/tt0015064/,Movie,8.0,90,1924,"Drama",16464,1925-01-05,"F.W. Murnau",,
21,tt0015361,2018-08-19,2018-08-19,,"Strike","Stachka",https://www.imdb.com/title/tt0015361/,Movie,7.6,82,1925,"Drama",9431,1961,"Sergei Eisenstein",,
22,tt0015324,2018-08-19,2018-08-19,,"Sherlock Jr.","Sherlock Jr.",https://www.imdb.com/title/tt0015324/,Movie,8.1,45,1924,"Action, Comedy, Romance",65372,1924-05-11,"Buster Keaton",,
23,tt1764657,2018-08-19,2018-08-19,,"The Great White Silence","The Great White Silence",https://www.imdb.com/title/tt1764657/,Movie,7.9,80,1924,"Documentary",2029,1924-05-01,"Herbert G. Ponting",,
24,tt0015881,2018-08-19,2018-08-19,,"Greed","Greed",https://www.imdb.com/title/tt0015881/,Movie,8.0,140,1924,"Drama, Thriller, Western",11552,1925-01-26,"Erich von Stroheim",,
25,tt0015400,2018-08-19,2018-08-19,,"The Thief of Bagdad","The Thief of Bagdad",https://www.imdb.com/title/tt0015400/,Movie,7.7,155,1924,"Adventure, Family, Fantasy, Romance",7649,1924-04-11,"Raoul Walsh",,
26,tt0015772,2018-08-19,2018-08-19,,"The Eagle","The Eagle",https://www.imdb.com/title/tt0015772/,Movie,6.6,73,1925,"Action, Adventure, Comedy, Drama, History, Romance",2495,1925-11-08,"Clarence Brown",,
27,tt0016220,2018-08-19,2018-08-19,,"The Phantom of the Opera","The Phantom of the Opera",https://www.imdb.com/title/tt0016220/,Movie,7.5,93,1925,"Horror, Music",22118,1925-11-15,"Rupert Julian, Lon Chaney, Ernst Laemmle, Edward Sedgwick",,
28,tt0015648,2018-08-19,2018-08-19,,"Battleship Potemkin","Bronenosets Potyomkin",https://www.imdb.com/title/tt0015648/,Movie,7.9,66,1925,"Drama, History, Thriller, War",64958,1925-12-24,"Sergei Eisenstein",,
29,tt0015864,2018-08-19,2018-08-19,,"The Gold Rush","The Gold Rush",https://www.imdb.com/title/tt0015864/,Movie,8.1,95,1925,"Adventure, Comedy, Drama, Romance, Western",127792,1925-08-16,"Charles Chaplin",,
30,tt0015624,2018-08-19,2018-08-19,,"The Big Parade","The Big Parade",https://www.imdb.com/title/tt0015624/,Movie,7.9,151,1925,"Drama, Romance, War",7803,1925-12-03,"King Vidor, George W. Hill",,
31,tt0016332,2018-08-19,2018-08-19,,"Seven Chances","Seven Chances",https://www.imdb.com/title/tt0016332/,Movie,7.8,56,1925,"Comedy, Romance",13101,1925-03-15,"Buster Keaton",,
32,tt0015532,2018-08-19,2018-08-19,,"The Adventures of Prince Achmed","Die Abenteuer des Prinzen Achmed",https://www.imdb.com/title/tt0015532/,Movie,7.8,80,1926,"Animation, Adventure, Drama, Family, Fantasy, Music, Romance",7659,1928,"Lotte Reiniger, Carl Koch",,
33,tt0017136,2018-08-19,2018-08-19,,"Metropolis","Metropolis",https://www.imdb.com/title/tt0017136/,Movie,8.2,153,1927,"Drama, Sci-Fi",200553,1927-03-13,"Fritz Lang",,
34,tt0018455,2018-08-19,2018-08-19,,"Sunrise","Sunrise: A Song of Two Humans",https://www.imdb.com/title/tt0018455/,Movie,8.1,94,1927,"Drama, Romance",56585,1927-11-04,"F.W. Murnau",,
35,tt0017925,2018-08-19,2018-08-19,,"The General","The General",https://www.imdb.com/title/tt0017925/,Movie,8.1,78,1926,"Action, Adventure, Comedy, Drama, War",105921,1927-01-02,"Clyde Bruckman, Buster Keaton",,
36,tt0018528,2018-08-19,2018-08-19,,"The Unknown","The Unknown",https://www.imdb.com/title/tt0018528/,Movie,7.7,68,1927,"Drama, Horror, Romance, Thriller",10236,1927-06-04,"Tod Browning",,
37,tt0018217,2018-08-19,2018-08-19,,"October (Ten Days that Shook the World)","Oktyabr",https://www.imdb.com/title/tt0018217/,Movie,7.4,95,1928,"Drama, History",9009,1928-09-24,"Grigoriy Aleksandrov, Sergei Eisenstein",,
38,tt0018037,2018-08-19,2018-08-19,,"The Jazz Singer","The Jazz Singer",https://www.imdb.com/title/tt0018037/,Movie,6.4,88,1927,"Drama, Music, Musical, Romance",11877,1928-02-04,"Alan Crosland",,
39,tt0018192,2018-08-19,2018-08-19,,"Napoleon","Napoléon vu par Abel Gance",https://www.imdb.com/title/tt0018192/,Movie,8.2,330,1927,"Biography, Drama, History, War",9739,1929-02-17,"Abel Gance",,
40,tt0018051,2018-08-19,2018-08-19,,"The Kid Brother","The Kid Brother",https://www.imdb.com/title/tt0018051/,Movie,7.6,82,1927,"Comedy, Drama, Family, Romance, Western",5238,1927-01-17,"Ted Wilde, Harold Lloyd, Lewis Milestone, J.A. Howe",,
41,tt0018806,2018-08-19,2018-08-19,,"The Crowd","The Crowd",https://www.imdb.com/title/tt0018806/,Movie,8.0,98,1928,"Drama, Romance",9983,1928-03-03,"King Vidor",,
42,tt0018839,2018-08-19,2018-08-19,,"The Docks of New York","The Docks of New York",https://www.imdb.com/title/tt0018839/,Movie,7.5,76,1928,"Crime, Drama, Film-Noir, Romance",5481,1928-09-29,"Josef von Sternberg",,
43,tt0019254,2018-08-19,2018-08-19,,"The Passion of Joan of Arc","La passion de Jeanne d'Arc",https://www.imdb.com/title/tt0019254/,Movie,8.1,114,1928,"Biography, Drama, History",67902,1928-10-25,"Carl Theodor Dreyer",,
44,tt0020530,2018-08-19,2018-08-19,,"Un chien andalou","Un chien andalou",https://www.imdb.com/title/tt0020530/,Short,7.6,16,1929,"Short, Fantasy, Horror",56571,1929-06-06,"Luis Buñuel",,
45,tt0019421,2018-08-19,2018-08-19,,"Steamboat Bill, Jr.","Steamboat Bill, Jr.",https://www.imdb.com/title/tt0019421/,Movie,7.8,70,1928,"Action, Comedy, Drama, Family, Romance",17469,1928-05-20,"Charles Reisner, Buster Keaton",,
46,tt0019286,2018-08-19,2018-08-19,,"Storm Over Asia","Potomok Chingis-Khana",https://www.imdb.com/title/tt0019286/,Movie,6.9,74,1928,"Drama, War",2496,1930-09-06,"Vsevolod Pudovkin",,
47,tt0020286,2018-08-19,2018-08-19,,"A Throw of Dice","Prapanch Pash",https://www.imdb.com/title/tt0020286/,Movie,6.5,74,1929,"Adventure, Drama, Romance",1134,1930-01-04,"Franz Osten",,
48,tt0019760,2018-08-19,2018-08-19,,"Man with a Movie Camera","Chelovek s kino-apparatom",https://www.imdb.com/title/tt0019760/,Movie,8.3,68,1929,"Documentary",30232,1929-05-12,"Dziga Vertov",,
49,tt0018737,2018-08-19,2018-08-19,,"Pandora's Box","Die Büchse der Pandora",https://www.imdb.com/title/tt0018737/,Movie,7.7,109,1929,"Crime, Drama, Romance",12877,1930-02-22,"Georg Wilhelm Pabst",,
50,tt0019702,2018-08-19,2018-08-19,,"Blackmail","Blackmail",https://www.imdb.com/title/tt0019702/,Movie,6.9,85,1929,"Crime, Drama, Mystery, Thriller",13458,1929-10-06,"Alfred Hitchcock",,
51,tt0021079,2018-08-19,2018-08-19,,"Little Caesar","Little Caesar",https://www.imdb.com/title/tt0021079/,Movie,7.1,79,1931,"Action, Crime, Drama, Romance",15870,1931-01-25,"Mervyn LeRoy",,
52,tt0020697,2018-08-19,2018-08-19,,"The Blue Angel","Der blaue Engel",https://www.imdb.com/title/tt0020697/,Movie,7.6,104,1930,"Drama, Music, Romance",17572,1931-01-03,"Josef von Sternberg",,
53,tt0020629,2018-08-19,2018-08-19,,"All Quiet on the Western Front","All Quiet on the Western Front",https://www.imdb.com/title/tt0020629/,Movie,8.1,152,1930,"Drama, War",71877,1930-08-24,"Lewis Milestone",,
54,tt0021577,2018-08-19,2018-08-19,,"L'Age d'Or","L'Âge d'or",https://www.imdb.com/title/tt0021577/,Movie,7.2,63,1930,"Comedy, Drama",15660,1979-11-01,"Luis Buñuel",,
55,tt0021571,2018-08-19,2018-08-19,,"Earth","Zemlya",https://www.imdb.com/title/tt0021571/,Movie,7.2,75,1930,"Drama",6949,1930-10-17,"Aleksandr Dovzhenko",,
56,tt0022599,2018-08-19,2018-08-19,,"À nous la liberté","À nous la liberté",https://www.imdb.com/title/tt0022599/,Movie,7.4,83,1931,"Comedy, Musical",5309,1931-12-31,"René Clair",,
57,tt0022080,2018-08-19,2018-08-19,,"Limit","Limite",https://www.imdb.com/title/tt0022080/,Movie,7.0,114,1931,"Drama, Romance",3250,1931-10,"Mario Peixoto",,
58,tt0022458,2018-08-19,2018-08-19,,"Tabu: A Story of the South Seas","Tabu: A Story of the South Seas",https://www.imdb.com/title/tt0022458/,Movie,7.3,86,1931,"Adventure, Drama, Romance",6880,1931-08-01,"F.W. Murnau",,
59,tt0021749,2018-08-19,2018-08-19,,"City Lights","City Lights",https://www.imdb.com/title/tt0021749/,Movie,8.5,87,1931,"Comedy, Drama, Romance",215860,1931-03-07,"Charles Chaplin",7,2016-04-04
60,tt0021814,2018-08-19,2018-08-19,,"Dracula","Dracula",https://www.imdb.com/title/tt0021814/,Movie,7.3,74,1931,"Drama, Fantasy, Horror",64587,1931-02-14,"Tod Browning, Karl Freund",,
61,tt0021884,2018-08-19,2018-08-19,,"Frankenstein","Frankenstein",https://www.imdb.com/title/tt0021884/,Movie,7.7,70,1931,"Drama, Horror, Sci-Fi, Thriller",87666,1931-11-21,"James Whale",,
62,tt0022286,2018-08-19,2018-08-19,,"The Public Enemy","The Public Enemy",https://www.imdb.com/title/tt0022286/,Movie,7.6,83,1931,"Crime, Drama",24670,1931-05-15,"William A. Wellman",,
63,tt0022100,2018-08-19,2018-08-19,,"M","M - Eine Stadt sucht einen Mörder",https://www.imdb.com/title/tt0022100/,Movie,8.3,99,1931,"Crime, Mystery, Thriller",182310,1931-08-31,"Fritz Lang",,
64,tt0022150,2018-08-19,2018-08-19,,"Le Million","Le million",https://www.imdb.com/title/tt0022150/,Movie,7.3,91,1931,"Comedy, Musical",4055,1931-02-04,"René Clair",,
65,tt0021739,2018-08-19,2018-08-19,,"The Bitch","La chienne",https://www.imdb.com/title/tt0021739/,Movie,7.5,95,1931,"Crime, Drama, Romance",5311,1931-11-20,"Jean Renoir",,
66,tt0023649,2018-08-19,2018-08-19,,"Vampyr","Vampyr",https://www.imdb.com/title/tt0023649/,Movie,7.4,75,1932,"Fantasy, Horror",22706,1934-08-14,"Carl Theodor Dreyer",,
67,tt0023042,2018-08-19,2018-08-19,,"I Am a Fugitive from a Chain Gang","I Am a Fugitive from a Chain Gang",https://www.imdb.com/title/tt0023042/,Movie,8.2,92,1932,"Crime, Drama, Film-Noir",15673,1932-11-19,"Mervyn LeRoy",,
68,tt0022718,2018-08-19,2018-08-19,,"Boudu Saved from Drowning","Boudu sauvé des eaux",https://www.imdb.com/title/tt0022718/,Movie,7.2,85,1932,"Comedy",6642,1967-02-23,"Jean Renoir",,
69,tt0023158,2018-08-19,2018-08-19,,"Love Me Tonight","Love Me Tonight",https://www.imdb.com/title/tt0023158/,Movie,7.5,104,1932,"Comedy, Musical, Romance",5090,1932-08-18,"Rouben Mamoulian",,
70,tt0023458,2018-08-19,2018-08-19,,"Shanghai Express","Shanghai Express",https://www.imdb.com/title/tt0023458/,Movie,7.3,82,1932,"Adventure, Drama, Film-Noir, Romance",11703,1932-02-12,"Josef von Sternberg",,
71,tt0023622,2018-08-19,2018-08-19,,"Trouble in Paradise","Trouble in Paradise",https://www.imdb.com/title/tt0023622/,Movie,7.9,83,1932,"Comedy, Crime, Romance",17380,1932-10-30,"Ernst Lubitsch",,
72,tt0023427,2018-08-19,2018-08-19,,"Scarface","Scarface",https://www.imdb.com/title/tt0023427/,Movie,7.7,93,1932,"Action, Crime, Drama, Film-Noir, Thriller",33253,1932-04-09,"Howard Hawks, Richard Rosson",,
73,tt0022913,2018-08-19,2018-08-19,,"Freaks","Freaks",https://www.imdb.com/title/tt0022913/,Movie,7.8,64,1932,"Drama, Horror",54560,1932-02-20,"Tod Browning",,
74,tt0023202,2018-08-19,2018-08-19,,"Me and My Gal","Me and My Gal",https://www.imdb.com/title/tt0023202/,Movie,6.6,79,1932,"Comedy, Drama, Romance",1577,1932-12-04,"Raoul Walsh",,
75,tt0024034,2018-08-19,2018-08-19,,"42nd Street","42nd Street",https://www.imdb.com/title/tt0024034/,Movie,7.3,89,1933,"Comedy, Drama, Musical, Romance",13819,1933-03-11,"Lloyd Bacon",,
76,tt0024028,2018-08-19,2018-08-19,,"Footlight Parade","Footlight Parade",https://www.imdb.com/title/tt0024028/,Movie,7.5,104,1933,"Comedy, Musical, Romance",6618,1933-10-21,"Lloyd Bacon",,
77,tt0023814,2018-08-19,2018-08-19,,"The Bitter Tea of General Yen","The Bitter Tea of General Yen",https://www.imdb.com/title/tt0023814/,Movie,6.9,88,1932,"Drama, Romance, War",4773,1933-01-06,"Frank Capra",,
78,tt0024548,2018-08-19,2018-08-19,,"She Done Him Wrong","She Done Him Wrong",https://www.imdb.com/title/tt0024548/,Movie,6.3,66,1933,"Comedy, Drama, History, Musical, Romance",7594,1933-02-09,"Lowell Sherman",,
79,tt0023969,2018-08-19,2018-08-19,,"Duck Soup","Duck Soup",https://www.imdb.com/title/tt0023969/,Movie,7.7,69,1933,"Comedy, Musical",65284,1933-11-17,"Leo McCarey",,
80,tt0024803,2018-08-19,2018-08-19,,"Zero de Conduite","Zéro de conduite",https://www.imdb.com/title/tt0024803/,Movie,7.2,47,1933,"Drama",9994,1947-06-21,"Jean Vigo",,
81,tt0024069,2018-08-19,2018-08-19,,"Gold Diggers of 1933","Gold Diggers of 1933",https://www.imdb.com/title/tt0024069/,Movie,7.7,97,1933,"Comedy, Drama, Musical",10013,1933-05-27,"Mervyn LeRoy",,
82,tt0024216,2018-08-19,2018-08-19,,"King Kong","King Kong",https://www.imdb.com/title/tt0024216/,Movie,7.9,100,1933,"Adventure, Horror",95657,1933-04-07,"Merian C. Cooper, Ernest B. Schoedsack",,
83,tt0023037,2018-08-19,2018-08-19,,"Land Without Bread","Las Hurdes",https://www.imdb.com/title/tt0023037/,Short,7.3,30,1933,"Documentary, Short",6670,1933-12,"Luis Buñuel",,
84,tt0024601,2018-08-19,2018-08-19,,"Sons of the Desert","Sons of the Desert",https://www.imdb.com/title/tt0024601/,Movie,7.5,68,1933,"Comedy, Family",10353,1933-12-29,"William A. Seiter",,
85,tt0024481,2018-08-19,2018-08-19,,"Queen Christina","Queen Christina",https://www.imdb.com/title/tt0024481/,Movie,7.5,99,1933,"Biography, Drama, History, Romance",9285,1934-02-09,"Rouben Mamoulian",,
86,tt0025913,2018-08-19,2018-08-19,,"Triumph of the Will","Triumph des Willens",https://www.imdb.com/title/tt0025913/,Movie,7.1,110,1935,"Documentary, History",19653,1935-03-28,"Leni Riefenstahl",,
87,tt0025318,2018-08-19,2018-08-19,,"It's a Gift","It's a Gift",https://www.imdb.com/title/tt0025318/,Movie,7.1,68,1934,"Comedy",6075,1934-11-30,"Norman Z. McLeod",,
88,tt0195256,2018-08-19,2018-08-19,,"The Goddess","Shen nu",https://www.imdb.com/title/tt0195256/,Movie,7.7,85,1934,"Drama",2788,1934,"Yonggang Wu",,
89,tt0025316,2018-08-19,2018-08-19,,"It Happened One Night","It Happened One Night",https://www.imdb.com/title/tt0025316/,Movie,8.1,105,1934,"Comedy, Romance",119465,1934-02-22,"Frank Capra",,
90,tt0024844,2018-08-19,2018-08-19,,"L'Atalante","L'Atalante",https://www.imdb.com/title/tt0024844/,Movie,7.7,89,1934,"Adventure, Drama, Romance",18602,1947-06-21,"Jean Vigo",,
91,tt0024894,2018-08-19,2018-08-19,,"The Black Cat","The Black Cat",https://www.imdb.com/title/tt0024894/,Movie,6.9,65,1934,"Crime, Horror, Romance, Thriller",14388,1934-05-07,"Edgar G. Ulmer",,
92,tt0025878,2018-08-19,2018-08-19,,"The Thin Man","The Thin Man",https://www.imdb.com/title/tt0025878/,Movie,7.9,91,1934,"Comedy, Crime, Mystery, Romance",35081,1934-05-25,"W.S. Van Dyke",,
93,tt0025335,2018-08-19,2018-08-19,,"Judge Priest","Judge Priest",https://www.imdb.com/title/tt0025335/,Movie,6.2,80,1934,"Comedy, Drama, Romance",2771,1934-09-28,"John Ford",,
94,tt0026752,2018-08-19,2018-08-19,,"Mutiny on the Bounty","Mutiny on the Bounty",https://www.imdb.com/title/tt0026752/,Movie,7.6,132,1935,"Adventure, Biography, Drama, History, Romance",26571,1936-01-12,"Frank Lloyd",,
95,tt0026029,2018-08-19,2018-08-19,,"The 39 Steps","The 39 Steps",https://www.imdb.com/title/tt0026029/,Movie,7.6,86,1935,"Crime, Mystery, Thriller",65937,1935-07-31,"Alfred Hitchcock",,
96,tt0026778,2018-08-19,2018-08-19,,"A Night at the Opera","A Night at the Opera",https://www.imdb.com/title/tt0026778/,Movie,7.8,96,1935,"Comedy, Music, Musical",36416,1935-11-15,"Sam Wood, Edmund Goulding",,
97,tt0026138,2018-08-19,2018-08-19,,"Bride of Frankenstein","The Bride of Frankenstein",https://www.imdb.com/title/tt0026138/,Movie,7.8,75,1935,"Drama, Horror, Sci-Fi",58796,1935-05-06,"James Whale",,
98,tt0026174,2018-08-19,2018-08-19,,"Captain Blood","Captain Blood",https://www.imdb.com/title/tt0026174/,Movie,7.7,119,1935,"Action, Adventure, History, Romance",17274,1935-12-28,"Michael Curtiz",,
99,tt0027125,2018-08-19,2018-08-19,,"Top Hat","Top Hat",https://www.imdb.com/title/tt0027125/,Movie,7.7,101,1935,"Comedy, Musical, Romance",22056,1935-09-06,"Mark Sandrich",,
100,tt0026866,2018-08-19,2018-08-19,,"Peter Ibbetson","Peter Ibbetson",https://www.imdb.com/title/tt0026866/,Movie,6.9,85,1935,"Drama, Fantasy, Romance",2903,1935-11-07,"Henry Hathaway",,
101,tt0027977,2018-08-19,2018-08-19,,"Modern Times","Modern Times",https://www.imdb.com/title/tt0027977/,Movie,8.5,87,1936,"Comedy, Drama, Romance",284499,1936-02-25,"Charles Chaplin",7,2016-10-10
102,tt0028333,2018-08-19,2018-08-19,,"Swing Time","Swing Time",https://www.imdb.com/title/tt0028333/,Movie,7.4,103,1936,"Comedy, Musical, Romance",15548,1936-10-12,"George Stevens",,
103,tt0027996,2018-08-19,2018-08-19,,"Mr. Deeds Goes to Town","Mr. Deeds Goes to Town",https://www.imdb.com/title/tt0027996/,Movie,7.8,115,1936,"Comedy, Drama, Romance",24908,1936-04-12,"Frank Capra",,
104,tt0028010,2018-08-19,2018-08-19,,"My Man Godfrey","My Man Godfrey",https://www.imdb.com/title/tt0028010/,Movie,7.9,94,1936,"Comedy, Drama, Romance",28538,1936-09-06,"Gregory La Cava",,
105,tt0028201,2018-08-19,2018-08-19,,"The Story of a Cheat","Le roman d'un tricheur",https://www.imdb.com/title/tt0028201/,Movie,7.5,81,1936,"Comedy",2757,1938-09-26,"Sacha Guitry",,
106,tt0028683,2018-08-19,2018-08-19,,"Camille","Camille",https://www.imdb.com/title/tt0028683/,Movie,7.3,109,1936,"Drama, Romance",9469,1937-02-24,"George Cukor",,
107,tt0028358,2018-08-19,2018-08-19,,"Things to Come","Things to Come",https://www.imdb.com/title/tt0028358/,Movie,6.6,100,1936,"Drama, Sci-Fi, War",10065,1936-09-14,"William Cameron Menzies",,
108,tt0027532,2018-08-19,2018-08-19,,"Dodsworth","Dodsworth",https://www.imdb.com/title/tt0027532/,Movie,7.7,101,1936,"Drama, Romance",11056,1936-09-23,"William Wyler",,
109,tt0028445,2018-08-19,2018-08-19,,"A Day in the Country","Partie de campagne",https://www.imdb.com/title/tt0028445/,Short,7.5,40,1946,"Short, Comedy, Drama, Romance",7711,1950-12-12,"Jean Renoir",,
110,tt0028212,2018-08-19,2018-08-19,,"Sabotage","Sabotage",https://www.imdb.com/title/tt0028212/,Movie,7.0,76,1936,"Crime, Thriller",20542,1937-01-11,"Alfred Hitchcock",,
111,tt0029453,2018-08-19,2018-08-19,,"Pépé le Moko","Pépé le Moko",https://www.imdb.com/title/tt0029453/,Movie,7.6,94,1937,"Crime, Drama, Romance",8684,1941-03-03,"Julien Duvivier",,
112,tt0029192,2018-08-19,2018-08-19,,"Make Way for Tomorrow","Make Way for Tomorrow",https://www.imdb.com/title/tt0029192/,Movie,8.1,91,1937,"Drama, Romance",10576,1937-07-22,"Leo McCarey",,
113,tt0028950,2018-08-19,2018-08-19,,"Grand Illusion","La grande illusion",https://www.imdb.com/title/tt0028950/,Movie,8.0,113,1937,"Drama, War",40981,1938-09-12,"Jean Renoir",,
114,tt0029608,2018-08-19,2018-08-19,,"Stella Dallas","Stella Dallas",https://www.imdb.com/title/tt0029608/,Movie,7.4,106,1937,"Drama, Romance",6970,1937-08-06,"King Vidor",,
115,tt0206442,2018-08-19,2018-08-19,,"Song at Midnight","Ye ban ge sheng",https://www.imdb.com/title/tt0206442/,Movie,6.1,124,1937,"Horror, Romance",1068,1937-03-25,"Weibang Ma-Xu",,
116,tt0029583,2018-08-19,2018-08-19,,"Snow White and the Seven Dwarfs","Snow White and the Seven Dwarfs",https://www.imdb.com/title/tt0029583/,Movie,7.6,83,1937,"Animation, Adventure, Family, Fantasy, Musical, Romance",238120,1938-02-04,"William Cottrell, David Hand, Wilfred Jackson, Larry Morey, Perce Pearce, Ben Sharpsteen",,
117,tt0028691,2018-08-19,2018-08-19,,"Captains Courageous","Captains Courageous",https://www.imdb.com/title/tt0028691/,Movie,7.9,117,1937,"Adventure, Drama, Family",11879,1937-06-25,"Victor Fleming",,
118,tt0028597,2018-08-19,2018-08-19,,"The Awful Truth","The Awful Truth",https://www.imdb.com/title/tt0028597/,Movie,7.6,90,1937,"Comedy, Romance",23260,1937-10-21,"Leo McCarey",,
119,tt0029146,2018-08-19,2018-08-19,,"The Life of Emile Zola","The Life of Emile Zola",https://www.imdb.com/title/tt0029146/,Movie,7.1,116,1937,"Biography, Drama",9962,1937-10-02,"William Dieterle",,
120,tt0030287,2018-08-19,2018-08-19,,"Jezebel","Jezebel",https://www.imdb.com/title/tt0030287/,Movie,7.4,104,1938,"Drama, Romance",16358,1938-03-26,"William Wyler",,
121,tt0029843,2018-08-19,2018-08-19,,"The Adventures of Robin Hood","The Adventures of Robin Hood",https://www.imdb.com/title/tt0029843/,Movie,7.9,102,1938,"Action, Adventure, Romance",57635,1938-05-14,"Michael Curtiz, William Keighley",,
122,tt0029870,2018-08-19,2018-08-19,,"Angels with Dirty Faces","Angels with Dirty Faces",https://www.imdb.com/title/tt0029870/,Movie,7.9,97,1938,"Crime, Drama, Film-Noir, Thriller",24773,1938-11-26,"Michael Curtiz",,
123,tt0030127,2018-08-19,2018-08-19,,"The Baker's Wife","La femme du boulanger",https://www.imdb.com/title/tt0030127/,Movie,7.5,133,1938,"Comedy, Drama",2699,1940-02-26,"Marcel Pagnol",,
124,tt0029947,2018-08-19,2018-08-19,,"Bringing Up Baby","Bringing Up Baby",https://www.imdb.com/title/tt0029947/,Movie,7.8,102,1938,"Comedy",70263,1938-02-18,"Howard Hawks",,
125,tt0030522,2018-08-19,2018-08-19,,"Olympia Part One: Festival of the Nations","Olympia 1. Teil - Fest der Völker",https://www.imdb.com/title/tt0030522/,Movie,7.7,111,1938,"Documentary, Sport",5711,1940-03-08,"Leni Riefenstahl",,
126,tt0030523,2018-08-19,2018-08-19,,"Olympia Part Two: Festival of Beauty","Olympia 2. Teil - Fest der Schönheit",https://www.imdb.com/title/tt0030523/,Movie,7.6,90,1938,"Documentary, Sport",4684,1940-03-29,"Leni Riefenstahl",,
127,tt0030341,2018-08-19,2018-08-19,,"The Lady Vanishes","The Lady Vanishes",https://www.imdb.com/title/tt0030341/,Movie,7.7,96,1938,"Crime, Drama, Mystery, Thriller",61228,1938-11-01,"Alfred Hitchcock",,
128,tt0032145,2018-08-19,2018-08-19,,"Wuthering Heights","Wuthering Heights",https://www.imdb.com/title/tt0032145/,Movie,7.5,104,1939,"Drama, Romance",22368,1939-04-07,"William Wyler",,
129,tt0031679,2018-08-19,2018-08-19,,"Mr. Smith Goes to Washington","Mr. Smith Goes to Washington",https://www.imdb.com/title/tt0031679/,Movie,8.1,129,1939,"Comedy, Drama",129173,1939-10-19,"Frank Capra",,
130,tt0031971,2018-08-19,2018-08-19,,"Stagecoach","Stagecoach",https://www.imdb.com/title/tt0031971/,Movie,7.8,96,1939,"Adventure, Drama, Western",58592,1939-03-03,"John Ford",,
131,tt0031762,2018-08-19,2018-08-19,,"Only Angels Have Wings","Only Angels Have Wings",https://www.imdb.com/title/tt0031762/,Movie,7.6,121,1939,"Adventure, Drama, Romance",17323,1939-05-25,"Howard Hawks",,
132,tt0031225,2018-08-19,2018-08-19,,"Destry Rides Again","Destry Rides Again",https://www.imdb.com/title/tt0031225/,Movie,7.6,95,1939,"Comedy, Western",13453,1939-12-29,"George Marshall",,
133,tt0031381,2018-08-19,2018-08-19,,"Gone with the Wind","Gone with the Wind",https://www.imdb.com/title/tt0031381/,Movie,8.2,238,1939,"Drama, Romance, War",355518,1940-01-17,"Victor Fleming",,
134,tt0031514,2018-08-19,2018-08-19,,"Daybreak","Le jour se lève",https://www.imdb.com/title/tt0031514/,Movie,7.6,93,1939,"Crime, Drama, Romance, Thriller",8858,1940-07-29,"Marcel Carné",,
135,tt0031398,2018-08-19,2018-08-19,,"Gunga Din","Gunga Din",https://www.imdb.com/title/tt0031398/,Movie,7.2,117,1939,"Adventure, Comedy, War",13586,1939-02-17,"George Stevens",,
136,tt0031725,2018-08-19,2018-08-19,,"Ninotchka","Ninotchka",https://www.imdb.com/title/tt0031725/,Movie,7.8,110,1939,"Comedy, Romance",24770,1939-11-23,"Ernst Lubitsch",,
137,tt0032138,2018-08-19,2018-08-19,,"The Wizard of Oz","The Wizard of Oz",https://www.imdb.com/title/tt0032138/,Movie,8.1,102,1939,"Adventure, Family, Fantasy, Musical",465993,1939-08-25,"Victor Fleming, George Cukor, Norman Taurog, Richard Thorpe, King Vidor",,
138,tt0031885,2018-08-19,2018-08-19,,"The Rules of the Game","La règle du jeu",https://www.imdb.com/title/tt0031885/,Movie,7.9,110,1939,"Comedy, Drama",33300,1950-04-08,"Jean Renoir",,
139,tt0032156,2018-08-19,2018-08-19,,"The Story of the Last Chrysanthemum","Zangiku monogatari",https://www.imdb.com/title/tt0032156/,Movie,7.8,148,1939,"Drama, Romance",4852,1979-01-15,"Kenji Mizoguchi",,
140,tt0031066,2018-08-19,2018-08-19,,"Babes in Arms","Babes in Arms",https://www.imdb.com/title/tt0031066/,Movie,6.3,94,1939,"Comedy, Musical",3088,1939-10-13,"Busby Berkeley",,
141,tt0032599,2018-08-19,2018-08-19,,"His Girl Friday","His Girl Friday",https://www.imdb.com/title/tt0032599/,Movie,7.8,92,1940,"Comedy, Drama, Romance",67748,1940-01-18,"Howard Hawks",,
142,tt0032455,2018-08-19,2018-08-19,,"Fantasia","Fantasia",https://www.imdb.com/title/tt0032455/,Movie,7.7,124,1940,"Animation, Family, Fantasy, Music, Musical",110877,1941-09-19,"James Algar, Samuel Armstrong, Ford Beebe Jr., Norman Ferguson, David Hand, Jim Handley, T. Hee, Wilfred Jackson, Hamilton Luske, Bill Roberts, Paul Satterfield, Ben Sharpsteen",,
143,tt0032976,2018-08-19,2018-08-19,,"Rebecca","Rebecca",https://www.imdb.com/title/tt0032976/,Movie,8.1,130,1940,"Drama, Mystery, Romance, Thriller",162182,1940-04-12,"Alfred Hitchcock",,
144,tt0032904,2018-08-19,2018-08-19,,"The Philadelphia Story","The Philadelphia Story",https://www.imdb.com/title/tt0032904/,Movie,7.8,112,1940,"Comedy, Romance",78321,1941-01-17,"George Cukor",,
145,tt0032551,2018-08-19,2018-08-19,,"The Grapes of Wrath","The Grapes of Wrath",https://www.imdb.com/title/tt0032551/,Movie,8.1,129,1940,"Drama",108135,1940-03-15,"John Ford",,
146,tt0032811,2018-08-19,2018-08-19,,"The Mortal Storm","The Mortal Storm",https://www.imdb.com/title/tt0032811/,Movie,7.7,100,1940,"Drama",6787,1940-06-14,"Frank Borzage",,
147,tt0032234,2018-08-19,2018-08-19,,"The Bank Dick","The Bank Dick",https://www.imdb.com/title/tt0032234/,Movie,7.1,72,1940,"Comedy",8191,1940-11-29,"Edward F. Cline",,
148,tt0032910,2018-08-19,2018-08-19,,"Pinocchio","Pinocchio",https://www.imdb.com/title/tt0032910/,Movie,7.5,88,1940,"Animation, Adventure, Comedy, Family, Fantasy, Musical",171947,1940-02-23,"Norman Ferguson, T. Hee, Wilfred Jackson, Jack Kinney, Hamilton Luske, Bill Roberts, Ben Sharpsteen",,
149,tt0032376,2018-08-19,2018-08-19,,"Dance, Girl, Dance","Dance, Girl, Dance",https://www.imdb.com/title/tt0032376/,Movie,6.8,90,1940,"Comedy, Drama, Music",3534,1940-08-30,"Dorothy Arzner, Roy Del Ruth",,
150,tt0033467,2018-08-19,2018-08-19,,"Citizen Kane","Citizen Kane",https://www.imdb.com/title/tt0033467/,Movie,8.2,119,1941,"Drama, Mystery",492569,1941-09-05,"Orson Welles",,
151,tt0034167,2018-08-19,2018-08-19,,"Sergeant York","Sergeant York",https://www.imdb.com/title/tt0034167/,Movie,7.7,134,1941,"Biography, Drama, History, Romance, War",21142,1941-09-27,"Howard Hawks",,
152,tt0033804,2018-08-19,2018-08-19,,"The Lady Eve","The Lady Eve",https://www.imdb.com/title/tt0033804/,Movie,7.7,94,1941,"Comedy, Romance",25355,1941-03-21,"Preston Sturges",,
153,tt0034398,2018-08-19,2018-08-19,,"The Wolf Man","The Wolf Man",https://www.imdb.com/title/tt0034398/,Movie,7.2,70,1941,"Horror, Mystery, Romance",34317,1941-12-12,"George Waggner",,
154,tt0033717,2018-08-19,2018-08-19,,"High Sierra","High Sierra",https://www.imdb.com/title/tt0033717/,Movie,7.5,100,1941,"Action, Adventure, Drama, Film-Noir, Thriller",20924,1941-01-25,"Raoul Walsh",,
155,tt0033729,2018-08-19,2018-08-19,,"How Green Was My Valley","How Green Was My Valley",https://www.imdb.com/title/tt0033729/,Movie,7.7,118,1941,"Drama, Family",28979,1942-01-29,"John Ford",,
156,tt0034240,2018-08-19,2018-08-19,,"Sullivan's Travels","Sullivan's Travels",https://www.imdb.com/title/tt0034240/,Movie,7.9,90,1941,"Adventure, Comedy, Drama, Romance",30586,1942-02-06,"Preston Sturges",,
157,tt0033870,2018-08-19,2018-08-19,,"The Maltese Falcon","The Maltese Falcon",https://www.imdb.com/title/tt0033870/,Movie,7.9,100,1941,"Crime, Drama, Film-Noir, Mystery, Romance",173884,1941-10-18,"John Huston",,
158,tt0033563,2018-08-19,2018-08-19,,"Dumbo","Dumbo",https://www.imdb.com/title/tt0033563/,Movie,7.2,64,1941,"Animation, Adventure, Drama, Family, Fantasy, Musical",151069,1941-10-31,"Samuel Armstrong, Norman Ferguson, Wilfred Jackson, Jack Kinney, Bill Roberts, Ben Sharpsteen",,
159,tt0035169,2018-08-19,2018-08-19,,"The Palm Beach Story","The Palm Beach Story",https://www.imdb.com/title/tt0035169/,Movie,7.4,88,1942,"Comedy, Romance",13781,1943-01-01,"Preston Sturges",,
160,tt0035140,2018-08-19,2018-08-19,,"Now, Voyager","Now, Voyager",https://www.imdb.com/title/tt0035140/,Movie,7.8,117,1942,"Drama, Romance",20684,1942-10-31,"Irving Rapper",,
161,tt0035446,2018-08-19,2018-08-19,,"To Be or Not to Be","To Be or Not to Be",https://www.imdb.com/title/tt0035446/,Movie,8.1,99,1942,"Comedy, Romance, War",49657,1942-03-06,"Ernst Lubitsch",,
162,tt0035015,2018-08-19,2018-08-19,,"The Magnificent Ambersons","The Magnificent Ambersons",https://www.imdb.com/title/tt0035015/,Movie,7.6,88,1942,"Drama, Romance",28637,1942-07-10,"Orson Welles, Fred Fleck, Robert Wise",,
163,tt0035575,2018-08-19,2018-08-19,,"Yankee Doodle Dandy","Yankee Doodle Dandy",https://www.imdb.com/title/tt0035575/,Movie,7.6,126,1942,"Biography, Drama, Family, Music, Musical",17985,1942-06-06,"Michael Curtiz",,
164,tt0035093,2018-08-19,2018-08-19,,"Mrs. Miniver","Mrs. Miniver",https://www.imdb.com/title/tt0035093/,Movie,7.6,134,1942,"Drama, Romance, War",21139,1942-07-29,"William Wyler",,
165,tt0034583,2018-08-19,2018-08-19,,"Casablanca","Casablanca",https://www.imdb.com/title/tt0034583/,Movie,8.5,102,1942,"Drama, Romance, War",653685,1943-01-23,"Michael Curtiz",7,2015-01-11
166,tt0034587,2018-08-19,2018-08-19,,"Cat People","Cat People",https://www.imdb.com/title/tt0034587/,Movie,7.2,73,1942,"Fantasy, Horror, Thriller",28496,1942-12-25,"Jacques Tourneur",,
167,tt0035881,2018-08-19,2018-08-19,,"Fires Were Started","Fires Were Started",https://www.imdb.com/title/tt0035881/,Movie,6.4,63,1943,"Drama, War",1466,1943-04-12,"Humphrey Jennings",,
168,tt0036244,2018-08-19,2018-08-19,,"The Ox-Bow Incident","The Ox-Bow Incident",https://www.imdb.com/title/tt0036244/,Movie,8.0,75,1943,"Drama, Western",27133,1943-05-21,"William A. Wellman",,
169,tt0036112,2018-08-19,2018-08-19,,"The Life and Death of Colonel Blimp","The Life and Death of Colonel Blimp",https://www.imdb.com/title/tt0036112/,Movie,8.0,163,1943,"Drama, Romance, War",18168,1944-08-30,"Michael Powell, Emeric Pressburger",,
170,tt0036154,2018-08-19,2018-08-19,,"Meshes of the Afternoon","Meshes of the Afternoon",https://www.imdb.com/title/tt0036154/,Short,7.8,14,1943,"Short, Fantasy, Mystery",16664,1943,"Maya Deren, Alexander Hammid",,
171,tt0036341,2018-08-19,2018-08-19,,"The Seventh Victim","The Seventh Victim",https://www.imdb.com/title/tt0036341/,Movie,6.7,71,1943,"Drama, Horror, Mystery",8851,1943-08-21,"Mark Robson",,
172,tt0036135,2018-08-19,2018-08-19,,"The Man in Grey","The Man in Grey",https://www.imdb.com/title/tt0036135/,Movie,6.5,90,1943,"Drama, History, Romance",1793,1946-03-13,"Leslie Arliss",,
173,tt0036342,2018-08-19,2018-08-19,,"Shadow of a Doubt","Shadow of a Doubt",https://www.imdb.com/title/tt0036342/,Movie,7.8,108,1943,"Drama, Film-Noir, Mystery, Thriller",75177,1943-01-15,"Alfred Hitchcock",,
174,tt0035160,2018-08-19,2018-08-19,,"Obsession","Ossessione",https://www.imdb.com/title/tt0035160/,Movie,7.5,140,1943,"Crime, Drama, Romance",9008,1949-05-24,"Luchino Visconti",,
175,tt0036027,2018-08-19,2018-08-19,,"I Walked with a Zombie","I Walked with a Zombie",https://www.imdb.com/title/tt0036027/,Movie,7.0,69,1943,"Drama, Fantasy, Horror, Romance",15345,1943-04-30,"Jacques Tourneur",,
176,tt0037008,2018-08-19,2018-08-19,,"Laura","Laura",https://www.imdb.com/title/tt0037008/,Movie,7.9,88,1944,"Drama, Film-Noir, Mystery",55712,1944-11,"Otto Preminger, Rouben Mamoulian",,
177,tt0037059,2018-08-19,2018-08-19,,"Meet Me in St. Louis","Meet Me in St. Louis",https://www.imdb.com/title/tt0037059/,Movie,7.5,113,1944,"Comedy, Drama, Family, Musical, Romance",31007,1945-01,"Vincente Minnelli",,
178,tt0037382,2018-08-19,2018-08-19,,"To Have and Have Not","To Have and Have Not",https://www.imdb.com/title/tt0037382/,Movie,7.8,100,1944,"Adventure, Comedy, Drama, Film-Noir, Romance, Thriller, War",41040,1945-01-20,"Howard Hawks",,
179,tt0036855,2018-08-19,2018-08-19,,"Gaslight","Gaslight",https://www.imdb.com/title/tt0036855/,Movie,7.8,114,1944,"Crime, Drama, Mystery, Romance, Thriller",37606,1944-06-16,"George Cukor",,
180,tt0036910,2018-08-19,2018-08-19,,"Henry V","The Chronicle History of King Henry the Fifth with His Battell Fought at Agincourt in France",https://www.imdb.com/title/tt0036910/,Movie,7.0,137,1944,"Biography, Drama, History, War",7666,1945-10-28,"Laurence Olivier",,
181,tt0036775,2018-08-19,2018-08-19,,"Double Indemnity","Double Indemnity",https://www.imdb.com/title/tt0036775/,Movie,8.3,107,1944,"Crime, Drama, Film-Noir, Mystery, Thriller",180703,1944-07-06,"Billy Wilder",,
182,tt0037101,2018-08-19,2018-08-19,,"Murder, My Sweet","Murder, My Sweet",https://www.imdb.com/title/tt0037101/,Movie,7.5,95,1944,"Crime, Drama, Film-Noir, Mystery, Thriller",16266,1945-02-22,"Edward Dmytryk",,
183,tt0037824,2018-08-19,2018-08-19,,"Ivan the Terrible, Part I","Ivan Groznyy",https://www.imdb.com/title/tt0037824/,Movie,7.6,95,1944,"Biography, Drama, History",11712,1947-03-08,"Sergei Eisenstein",,
184,tt0051790,2018-08-19,2018-08-19,,"Ivan the Terrible, Part II: The Boyars' Plot","Ivan Groznyy. Skaz vtoroy: Boyarskiy zagovor",https://www.imdb.com/title/tt0051790/,Movie,7.7,88,1946,"Biography, Drama, History",8724,1959-11-24,"Sergei Eisenstein",,
185,tt0037913,2018-08-19,2018-08-19,,"Mildred Pierce","Mildred Pierce",https://www.imdb.com/title/tt0037913/,Movie,7.9,111,1945,"Crime, Drama, Film-Noir, Mystery, Romance",31253,1945-10-20,"Michael Curtiz",,
186,tt0037638,2018-08-19,2018-08-19,,"Detour","Detour",https://www.imdb.com/title/tt0037638/,Movie,7.3,66,1945,"Crime, Drama, Film-Noir",21899,1946-01-25,"Edgar G. Ulmer",,
187,tt0037800,2018-08-19,2018-08-19,,"I Know Where I'm Going!","I Know Where I'm Going!",https://www.imdb.com/title/tt0037800/,Movie,7.4,92,1945,"Drama, Romance",11301,1946-09-27,"Michael Powell, Emeric Pressburger",,
188,tt0037884,2018-08-19,2018-08-19,,"The Lost Weekend","The Lost Weekend",https://www.imdb.com/title/tt0037884/,Movie,7.9,101,1945,"Drama, Film-Noir",43164,1946-01,"Billy Wilder",,
189,tt0037674,2018-08-19,2018-08-19,,"Children of Paradise","Les enfants du paradis",https://www.imdb.com/title/tt0037674/,Movie,8.3,189,1945,"Drama, Romance",22458,1946-11-15,"Marcel Carné",,
190,tt0036630,2018-08-19,2018-08-19,,"San Pietro","San Pietro",https://www.imdb.com/title/tt0036630/,Short,6.6,32,1945,"Documentary, Short, War",2670,1945-05-03,"John Huston",,
191,tt0037558,2018-08-19,2018-08-19,,"Brief Encounter","Brief Encounter",https://www.imdb.com/title/tt0037558/,Movie,8.0,86,1945,"Drama, Romance",48430,1946-08-24,"David Lean",,
192,tt0038890,2018-08-19,2018-08-19,,"Rome, Open City","Roma città aperta",https://www.imdb.com/title/tt0038890/,Movie,8.0,103,1945,"Drama, Thriller, War",33876,1945-10-08,"Roberto Rossellini",,
193,tt0038109,2018-08-19,2018-08-19,,"Spellbound","Spellbound",https://www.imdb.com/title/tt0038109/,Movie,7.5,111,1945,"Drama, Film-Noir, Mystery, Romance, Thriller",56360,1945-12-28,"Alfred Hitchcock",,
194,tt0036868,2018-08-19,2018-08-19,,"The Best Years of Our Lives","The Best Years of Our Lives",https://www.imdb.com/title/tt0036868/,Movie,8.1,170,1946,"Drama, Romance, War",77224,1947-05-29,"William Wyler",,
195,tt0038823,2018-08-19,2018-08-19,,"Paisan","Paisà",https://www.imdb.com/title/tt0038823/,Movie,7.6,120,1946,"Drama, War",10638,1948-03-29,"Roberto Rossellini",,
196,tt0038854,2018-08-19,2018-08-19,,"The Postman Always Rings Twice","The Postman Always Rings Twice",https://www.imdb.com/title/tt0038854/,Movie,7.4,113,1946,"Crime, Drama, Film-Noir, Mystery, Romance, Thriller",24690,1946-09-06,"Tay Garnett",,
197,tt0038348,2018-08-19,2018-08-19,,"Beauty and the Beast","La Belle et la Bête",https://www.imdb.com/title/tt0038348/,Movie,7.9,93,1946,"Drama, Fantasy, Romance",29845,1947-12-23,"Jean Cocteau, René Clément",,
198,tt0038669,2018-08-19,2018-08-19,,"The Killers","The Killers",https://www.imdb.com/title/tt0038669/,Movie,7.7,103,1946,"Crime, Drama, Film-Noir, Mystery",25912,1946-08-30,"Robert Siodmak",,
199,tt0038650,2018-08-19,2018-08-19,,"It's a Wonderful Life","It's a Wonderful Life",https://www.imdb.com/title/tt0038650/,Movie,8.6,130,1946,"Drama, Family, Fantasy, Romance",553144,1947-01-07,"Frank Capra",7,2014-12-24
200,tt0038355,2018-08-19,2018-08-19,,"The Big Sleep","The Big Sleep",https://www.imdb.com/title/tt0038355/,Movie,7.9,114,1946,"Crime, Drama, Film-Noir, Mystery, Thriller",95253,1946-08-31,"Howard Hawks",,
201,tt0038559,2018-08-19,2018-08-19,,"Gilda","Gilda",https://www.imdb.com/title/tt0038559/,Movie,7.6,110,1946,"Drama, Film-Noir, Romance, Thriller",38456,1946-04-25,"Charles Vidor",,
202,tt0038733,2018-08-19,2018-08-19,,"A Matter of Life and Death","A Matter of Life and Death",https://www.imdb.com/title/tt0038733/,Movie,8.0,104,1946,"Drama, Fantasy, Romance, War",27770,1947-03,"Michael Powell, Emeric Pressburger",,
203,tt0038574,2018-08-19,2018-08-19,,"Great Expectations","Great Expectations",https://www.imdb.com/title/tt0038574/,Movie,7.8,118,1946,"Adventure, Drama, Mystery, Romance",28216,1947-05-22,"David Lean",,
204,tt0038762,2018-08-19,2018-08-19,,"My Darling Clementine","My Darling Clementine",https://www.imdb.com/title/tt0038762/,Movie,7.7,97,1946,"Drama, Romance, Western",28305,1946-12-02,"John Ford, Lloyd Bacon",,
205,tt0038787,2018-08-19,2018-08-19,,"Notorious","Notorious",https://www.imdb.com/title/tt0038787/,Movie,7.9,102,1946,"Drama, Film-Noir, Mystery, Romance, Thriller",113562,1946-09-06,"Alfred Hitchcock",,
206,tt0039192,2018-08-19,2018-08-19,,"Black Narcissus","Black Narcissus",https://www.imdb.com/title/tt0039192/,Movie,7.7,101,1947,"Drama",31157,1947-12,"Michael Powell, Emeric Pressburger",,
207,tt0038991,2018-08-19,2018-08-19,,"The Stranger","The Stranger",https://www.imdb.com/title/tt0038991/,Movie,7.3,95,1946,"Crime, Drama, Film-Noir, Mystery, Thriller",30717,1946-08,"Orson Welles",,
208,tt0039689,2018-08-19,2018-08-19,,"Out of the Past","Out of the Past",https://www.imdb.com/title/tt0039689/,Movie,7.9,97,1947,"Crime, Drama, Film-Noir, Romance, Thriller",44167,1947-12,"Jacques Tourneur",,
209,tt0039631,2018-08-19,2018-08-19,,"Monsieur Verdoux","Monsieur Verdoux",https://www.imdb.com/title/tt0039631/,Movie,7.8,124,1947,"Comedy, Crime, Drama",20537,1947-10-23,"Charles Chaplin",,
210,tt0039677,2018-08-19,2018-08-19,,"Odd Man Out","Odd Man Out",https://www.imdb.com/title/tt0039677/,Movie,7.6,116,1947,"Crime, Drama, Film-Noir, Thriller",13009,1947-04-23,"Carol Reed",,
211,tt0039420,2018-08-19,2018-08-19,,"The Ghost and Mrs. Muir","The Ghost and Mrs. Muir",https://www.imdb.com/title/tt0039420/,Movie,7.8,104,1947,"Comedy, Drama, Fantasy, Mystery, Romance, Thriller",22457,1947-06-18,"Joseph L. Mankiewicz",,
212,tt0040522,2018-08-19,2018-08-19,,"Bicycle Thieves","Ladri di biciclette",https://www.imdb.com/title/tt0040522/,Movie,8.2,89,1948,"Drama",192097,1949-12-13,"Vittorio De Sica",,
213,tt0040536,2018-08-19,2018-08-19,,"Letter from an Unknown Woman","Letter from an Unknown Woman",https://www.imdb.com/title/tt0040536/,Movie,7.8,87,1948,"Drama, Romance",14844,1948-07-16,"Max Ophüls",,
214,tt0040766,2018-08-19,2018-08-19,,"Secret Beyond the Door...","Secret Beyond the Door...",https://www.imdb.com/title/tt0040766/,Movie,6.6,99,1947,"Drama, Film-Noir, Mystery, Romance, Thriller",6345,1948-04-12,"Fritz Lang",,
215,tt0040366,2018-08-19,2018-08-19,,"Force of Evil","Force of Evil",https://www.imdb.com/title/tt0040366/,Movie,7.2,79,1948,"Crime, Drama, Film-Noir",8342,1949-03,"Abraham Polonsky",,
216,tt0189219,2018-08-19,2018-08-19,,"Spring in a Small Town","Xiao cheng zhi chun",https://www.imdb.com/title/tt0189219/,Movie,7.3,98,1948,"Drama, Romance",3685,1948,"Mu Fei",,
217,tt0040724,2018-08-19,2018-08-19,,"Red River","Red River",https://www.imdb.com/title/tt0040724/,Movie,7.7,133,1948,"Drama, Western",37686,1948-09-17,"Howard Hawks, Arthur Rosson",,
218,tt0040679,2018-08-19,2018-08-19,,"The Paleface","The Paleface",https://www.imdb.com/title/tt0040679/,Movie,6.6,91,1948,"Comedy, Family, Western",4954,1948-12-17,"Norman Z. McLeod",,
219,tt0040806,2018-08-19,2018-08-19,,"The Snake Pit","The Snake Pit",https://www.imdb.com/title/tt0040806/,Movie,7.5,108,1948,"Drama, Mystery",9099,1948-11-13,"Anatole Litvak",,
220,tt0040525,2018-08-19,2018-08-19,,"The Lady from Shanghai","The Lady from Shanghai",https://www.imdb.com/title/tt0040525/,Movie,7.5,87,1947,"Crime, Drama, Film-Noir, Mystery, Thriller",36455,1948-04-14,"Orson Welles",,
221,tt0040746,2018-08-19,2018-08-19,,"Rope","Rope",https://www.imdb.com/title/tt0040746/,Movie,7.9,80,1948,"Crime, Drama, Mystery, Thriller",164579,1948-09-25,"Alfred Hitchcock",,
222,tt0040725,2018-08-19,2018-08-19,,"The Red Shoes","The Red Shoes",https://www.imdb.com/title/tt0040725/,Movie,8.1,135,1948,"Drama, Music, Romance",43334,1948-10-22,"Michael Powell, Emeric Pressburger",,
223,tt0040897,2018-08-19,2018-08-19,,"The Treasure of the Sierra Madre","The Treasure of the Sierra Madre",https://www.imdb.com/title/tt0040897/,Movie,8.2,126,1948,"Adventure, Drama, Western",141053,1948-01-24,"John Huston",,
224,tt0040550,2018-08-19,2018-08-19,,"Louisiana Story","Louisiana Story",https://www.imdb.com/title/tt0040550/,Movie,6.4,78,1948,"Adventure, Drama",2368,1948-10-28,"Robert J. Flaherty",,
225,tt0042530,2018-08-19,2018-08-19,,"Gun Crazy","Gun Crazy",https://www.imdb.com/title/tt0042530/,Movie,7.6,87,1950,"Crime, Drama, Film-Noir, Romance, Thriller",16513,1950-01-20,"Joseph H. Lewis",,
226,tt0041786,2018-08-19,2018-08-19,,"The Reckless Moment","The Reckless Moment",https://www.imdb.com/title/tt0041786/,Movie,7.1,82,1949,"Crime, Drama, Film-Noir",6363,1949-12-09,"Max Ophüls",,
227,tt0042041,2018-08-19,2018-08-19,,"White Heat","White Heat",https://www.imdb.com/title/tt0042041/,Movie,8.1,114,1949,"Action, Crime, Drama, Film-Noir, Thriller",38304,1949-09-03,"Raoul Walsh",,
228,tt0041090,2018-08-19,2018-08-19,,"Adam's Rib","Adam's Rib",https://www.imdb.com/title/tt0041090/,Movie,7.4,101,1949,"Comedy, Romance",24410,1949-11-17,"George Cukor",,
229,tt0041452,2018-08-19,2018-08-19,,"The Heiress","The Heiress",https://www.imdb.com/title/tt0041452/,Movie,8.1,115,1949,"Drama, Romance",18852,1949-12-28,"William Wyler",,
230,tt0041959,2018-08-19,2018-08-19,,"The Third Man","The Third Man",https://www.imdb.com/title/tt0041959/,Movie,8.1,104,1949,"Drama, Film-Noir, Mystery, Thriller",194854,1950-02-01,"Carol Reed",,
231,tt0041546,2018-08-19,2018-08-19,,"Kind Hearts and Coronets","Kind Hearts and Coronets",https://www.imdb.com/title/tt0041546/,Movie,8.0,106,1949,"Comedy, Crime",41890,1950-03,"Robert Hamer",,
232,tt0042040,2018-08-19,2018-08-19,,"Whisky Galore!","Whisky Galore!",https://www.imdb.com/title/tt0042040/,Movie,7.1,82,1949,"Comedy, Crime",7300,1949-12-25,"Alexander Mackendrick",,
233,tt0041716,2018-08-19,2018-08-19,,"On the Town","On the Town",https://www.imdb.com/title/tt0041716/,Movie,7.3,98,1949,"Comedy, Musical, Romance",19861,1949-12-30,"Stanley Donen, Gene Kelly",,
234,tt0041719,2018-08-19,2018-08-19,,"Orpheus","Orphée",https://www.imdb.com/title/tt0041719/,Movie,7.8,112,1950,"Drama, Fantasy, Romance",14475,1950-11-29,"Jean Cocteau",,
235,tt0042208,2018-08-19,2018-08-19,,"The Asphalt Jungle","The Asphalt Jungle",https://www.imdb.com/title/tt0042208/,Movie,7.8,112,1950,"Crime, Drama, Film-Noir, Thriller",32641,1950-05-12,"John Huston",,
236,tt0042876,2018-08-19,2018-08-19,,"Rashomon","Rashômon",https://www.imdb.com/title/tt0042876/,Movie,8.1,88,1950,"Crime, Drama, Mystery",195836,1951-12-26,"Akira Kurosawa",7,2010-02-03
237,tt0042192,2018-08-19,2018-08-19,,"All About Eve","All About Eve",https://www.imdb.com/title/tt0042192/,Movie,8.2,138,1950,"Drama",148760,1950-10-27,"Joseph L. Mankiewicz",,
238,tt0043137,2018-08-19,2018-08-19,,"Winchester '73","Winchester '73",https://www.imdb.com/title/tt0043137/,Movie,7.6,92,1950,"Action, Drama, Western",24197,1950-07-12,"Anthony Mann",,
239,tt0042895,2018-08-19,2018-08-19,,"Rio Grande","Rio Grande",https://www.imdb.com/title/tt0042895/,Movie,7.0,105,1950,"Drama, Romance, Western",19311,1950-11-15,"John Ford",,
240,tt0043014,2018-08-19,2018-08-19,,"Sunset Boulevard","Sunset Blvd.",https://www.imdb.com/title/tt0043014/,Movie,8.4,110,1950,"Drama, Film-Noir",260319,1950-08-04,"Billy Wilder",7,2016-10-27
241,tt0042804,2018-08-19,2018-08-19,,"The Young and the Damned","Los olvidados",https://www.imdb.com/title/tt0042804/,Movie,8.2,80,1950,"Crime, Drama",23580,1952-03-24,"Luis Buñuel",,
242,tt0042593,2018-08-19,2018-08-19,,"In a Lonely Place","In a Lonely Place",https://www.imdb.com/title/tt0042593/,Movie,7.9,94,1950,"Drama, Film-Noir, Mystery, Romance, Thriller",39017,1950-08,"Nicholas Ray",,
243,tt0043338,2018-08-19,2018-08-19,,"Ace in the Hole","Ace in the Hole",https://www.imdb.com/title/tt0043338/,Movie,8.1,111,1951,"Drama, Film-Noir",42233,1951-07-04,"Billy Wilder",,
244,tt0044079,2018-08-19,2018-08-19,,"Strangers on a Train","Strangers on a Train",https://www.imdb.com/title/tt0044079/,Movie,7.9,101,1951,"Crime, Drama, Film-Noir, Thriller",148768,1951-06-30,"Alfred Hitchcock",,
245,tt0044081,2018-08-19,2018-08-19,,"A Streetcar Named Desire","A Streetcar Named Desire",https://www.imdb.com/title/tt0044081/,Movie,7.9,122,1951,"Drama",119714,1951-09-19,"Elia Kazan",,
246,tt0043278,2018-08-19,2018-08-19,,"An American in Paris","An American in Paris",https://www.imdb.com/title/tt0043278/,Movie,7.1,114,1951,"Drama, Musical, Romance",39222,1951-11-11,"Vincente Minnelli",,
247,tt0043899,2018-08-19,2018-08-19,,"Pandora and the Flying Dutchman","Pandora and the Flying Dutchman",https://www.imdb.com/title/tt0043899/,Movie,6.9,124,1951,"Drama, Fantasy, Mystery, Romance",5386,1951-10-15,"Albert Lewin",,
248,tt0043265,2018-08-19,2018-08-19,,"The African Queen","The African Queen",https://www.imdb.com/title/tt0043265/,Movie,7.7,105,1951,"Adventure, Drama, Romance, War",88665,1952-03-21,"John Huston",,
249,tt0043924,2018-08-19,2018-08-19,,"A Place in the Sun","A Place in the Sun",https://www.imdb.com/title/tt0043924/,Movie,7.7,122,1951,"Drama, Romance",26795,1951-11-09,"George Stevens",,
250,tt0044829,2018-08-19,2018-08-19,,"The Lavender Hill Mob","The Lavender Hill Mob",https://www.imdb.com/title/tt0044829/,Movie,7.5,78,1951,"Comedy, Crime",16878,1951-10-15,"Charles Crichton",,
251,tt0042619,2018-08-19,2018-08-19,,"Diary of a Country Priest","Journal d'un curé de campagne",https://www.imdb.com/title/tt0042619/,Movie,7.7,95,1951,"Drama",13624,1954-04-05,"Robert Bresson",,
252,tt0043456,2018-08-19,2018-08-19,,"The Day the Earth Stood Still","The Day the Earth Stood Still",https://www.imdb.com/title/tt0043456/,Movie,7.7,92,1951,"Drama, Sci-Fi",89741,1951-09-20,"Robert Wise",,
253,tt0045061,2018-08-19,2018-08-19,,"The Quiet Man","The Quiet Man",https://www.imdb.com/title/tt0045061/,Movie,7.7,129,1952,"Comedy, Drama, Romance",45704,1952-09-14,"John Ford",,
254,tt0043686,2018-08-19,2018-08-19,,"Forbidden Games","Jeux interdits",https://www.imdb.com/title/tt0043686/,Movie,8.0,86,1952,"Drama, War",14152,1952-12-08,"René Clément",,
255,tt0043511,2018-08-19,2018-08-19,,"Europe '51","Europa '51",https://www.imdb.com/title/tt0043511/,Movie,7.4,118,1952,"Drama",5391,1954-11-03,"Roberto Rossellini",,
256,tt0045152,2018-08-19,2018-08-19,,"Singin' in the Rain","Singin' in the Rain",https://www.imdb.com/title/tt0045152/,Movie,8.3,103,1952,"Comedy, Musical, Romance",281533,1952-04-10,"Stanley Donen, Gene Kelly",,
257,tt0044391,2018-08-19,2018-08-19,,"The Bad and the Beautiful","The Bad and the Beautiful",https://www.imdb.com/title/tt0044391/,Movie,7.7,118,1952,"Drama, Romance",17765,1953-02-09,"Vincente Minnelli",,
258,tt0044741,2018-08-19,2018-08-19,,"Ikiru","Ikiru",https://www.imdb.com/title/tt0044741/,Movie,8.3,143,1952,"Drama",101770,1956-03-25,"Akira Kurosawa",,
259,tt0045274,2018-08-19,2018-08-19,,"Umberto D.","Umberto D.",https://www.imdb.com/title/tt0045274/,Movie,8.1,89,1952,"Drama",30574,1955-11-07,"Vittorio De Sica",,
260,tt0044706,2018-08-19,2018-08-19,,"High Noon","High Noon",https://www.imdb.com/title/tt0044706/,Movie,7.9,85,1952,"Drama, Thriller, Western",116090,1952-07-30,"Fred Zinnemann",,
261,tt0044487,2018-08-19,2018-08-19,,"The Golden Coach","Le carrosse d'or",https://www.imdb.com/title/tt0044487/,Movie,7.0,103,1952,"Comedy, Drama, History, Romance",3754,1954-01-05,"Jean Renoir",,
262,tt0044357,2018-08-19,2018-08-19,,"Angel Face","Angel Face",https://www.imdb.com/title/tt0044357/,Movie,7.2,91,1952,"Crime, Drama, Film-Noir, Romance, Thriller",10024,1953-02-11,"Otto Preminger",,
263,tt0044419,2018-08-19,2018-08-19,,"The Big Sky","The Big Sky",https://www.imdb.com/title/tt0044419/,Movie,6.9,140,1952,"Adventure, Drama, Western",5294,1952-10-24,"Howard Hawks",,
264,tt0046345,2018-08-19,2018-08-19,,"Summer with Monika","Sommaren med Monika",https://www.imdb.com/title/tt0046345/,Movie,7.5,96,1953,"Drama, Romance",17633,1953-02-09,"Ingmar Bergman",,
265,tt0046187,2018-08-19,2018-08-19,,"Pickup on South Street","Pickup on South Street",https://www.imdb.com/title/tt0046187/,Movie,7.6,80,1953,"Crime, Drama, Film-Noir, Mystery, Thriller",17668,1953-07-03,"Samuel Fuller",,
266,tt0045537,2018-08-19,2018-08-19,,"The Band Wagon","The Band Wagon",https://www.imdb.com/title/tt0045537/,Movie,7.4,112,1953,"Comedy, Musical, Romance",13578,1953-08-07,"Vincente Minnelli",,
267,tt0046487,2018-08-19,2018-08-19,,"Monsieur Hulot's Holiday","Les vacances de Monsieur Hulot",https://www.imdb.com/title/tt0046487/,Movie,7.3,83,1953,"Comedy",21841,1954-06-16,"Jacques Tati",,
268,tt0046022,2018-08-19,2018-08-19,,"The Earrings of Madame De...","Madame de...",https://www.imdb.com/title/tt0046022/,Movie,7.9,105,1953,"Drama, Romance",12081,1954-07-19,"Max Ophüls",,
269,tt0046268,2018-08-19,2018-08-19,,"The Wages of Fear","Le salaire de la peur",https://www.imdb.com/title/tt0046268/,Movie,8.1,156,1953,"Adventure, Drama, Thriller",73259,1955-02-16,"Henri-Georges Clouzot",,
270,tt0045557,2018-08-19,2018-08-19,,"The Bigamist","The Bigamist",https://www.imdb.com/title/tt0045557/,Movie,6.8,80,1953,"Drama, Film-Noir",5356,1953-12-03,"Ida Lupino",,
271,tt0044953,2018-08-19,2018-08-19,,"The Naked Spur","The Naked Spur",https://www.imdb.com/title/tt0044953/,Movie,7.3,91,1953,"Drama, Thriller, Western",13890,1953-02-01,"Anthony Mann",,
272,tt0046438,2018-08-19,2018-08-19,,"Tokyo Story","Tôkyô monogatari",https://www.imdb.com/title/tt0046438/,Movie,8.1,137,1953,"Drama",77296,1972-03-13,"Yasujirô Ozu",,
273,tt0045793,2018-08-19,2018-08-19,,"From Here to Eternity","From Here to Eternity",https://www.imdb.com/title/tt0045793/,Movie,7.6,118,1953,"Drama, Romance, War",54109,1953-08-28,"Fred Zinnemann",,
274,tt0046478,2018-08-19,2018-08-19,,"Ugetsu","Ugetsu monogatari",https://www.imdb.com/title/tt0046478/,Movie,8.1,96,1953,"Drama, Fantasy, War",28145,1954-09-07,"Kenji Mizoguchi",,
275,tt0046511,2018-08-19,2018-08-19,,"Journey to Italy","Viaggio in Italia",https://www.imdb.com/title/tt0046511/,Movie,7.2,97,1954,"Drama, Romance",13758,1954-09-08,"Roberto Rossellini",,
276,tt0046303,2018-08-19,2018-08-19,,"Shane","Shane",https://www.imdb.com/title/tt0046303/,Movie,7.6,118,1953,"Drama, Western",47560,1953-08-14,"George Stevens",,
277,tt0045810,2018-08-19,2018-08-19,,"Gentlemen Prefer Blondes","Gentlemen Prefer Blondes",https://www.imdb.com/title/tt0045810/,Movie,7.1,91,1953,"Comedy, Musical, Romance",47016,1953-08,"Howard Hawks",,
278,tt0046250,2018-08-19,2018-08-19,,"Roman Holiday","Roman Holiday",https://www.imdb.com/title/tt0046250/,Movie,8.0,118,1953,"Comedy, Drama, Romance",158081,1953-09-02,"William Wyler",,
279,tt0045555,2018-08-19,2018-08-19,,"The Big Heat","The Big Heat",https://www.imdb.com/title/tt0045555/,Movie,7.9,89,1953,"Crime, Drama, Film-Noir, Thriller",32367,1953-11-16,"Fritz Lang",,
280,tt0046414,2018-08-19,2018-08-19,,"Beat the Devil","Beat the Devil",https://www.imdb.com/title/tt0046414/,Movie,6.4,89,1953,"Action, Adventure, Comedy, Crime, Drama, Romance",11374,1953-12-17,"John Huston",,
281,tt0047296,2018-08-19,2018-08-19,,"On the Waterfront","On the Waterfront",https://www.imdb.com/title/tt0047296/,Movie,8.1,108,1954,"Crime, Drama, Thriller",177295,1954-06-22,"Elia Kazan",7,2014-11-18
282,tt0047528,2018-08-19,2018-08-19,,"La Strada","La strada",https://www.imdb.com/title/tt0047528/,Movie,8.0,108,1954,"Drama",69811,1956-07-16,"Federico Fellini",,
283,tt0046911,2018-08-19,2018-08-19,,"Diabolique","Les diaboliques",https://www.imdb.com/title/tt0046911/,Movie,8.1,117,1955,"Crime, Drama, Horror, Mystery, Thriller",73212,1955-11-21,"Henri-Georges Clouzot",,
284,tt0047522,2018-08-19,2018-08-19,,"A Star Is Born","A Star Is Born",https://www.imdb.com/title/tt0047522/,Movie,7.5,154,1954,"Drama, Musical, Romance",20956,1954-10-16,"George Cukor",,
285,tt0047396,2018-08-19,2018-08-19,,"Rear Window","Rear Window",https://www.imdb.com/title/tt0047396/,Movie,8.5,112,1954,"Drama, Mystery, Thriller",567454,1954-09-01,"Alfred Hitchcock",8,2012-10-17
286,tt0047469,2018-08-19,2018-08-19,,"Senso","Senso",https://www.imdb.com/title/tt0047469/,Movie,7.4,123,1954,"Drama, Romance, War",10010,1968-07-08,"Luchino Visconti",,
287,tt0047495,2018-08-19,2018-08-19,,"Silver Lode","Silver Lode",https://www.imdb.com/title/tt0047495/,Movie,6.8,81,1954,"Drama, Western",2587,1954-07-23,"Allan Dwan",,
288,tt0046754,2018-08-19,2018-08-19,,"The Barefoot Contessa","The Barefoot Contessa",https://www.imdb.com/title/tt0046754/,Movie,6.9,128,1954,"Crime, Drama, Mystery, Romance",14416,1954-09-30,"Joseph L. Mankiewicz",,
289,tt0047478,2018-08-19,2018-08-19,,"Seven Samurai","Shichinin no samurai",https://www.imdb.com/title/tt0047478/,Movie,8.6,207,1954,"Action, Drama",400502,1956-11-19,"Akira Kurosawa",7,2015-01-24
290,tt0047445,2018-08-19,2018-08-19,,"Sansho the Bailiff","Sanshô dayû",https://www.imdb.com/title/tt0047445/,Movie,8.3,124,1954,"Drama",19794,1955,"Kenji Mizoguchi",,
291,tt0046828,2018-08-19,2018-08-19,,"Carmen Jones","Carmen Jones",https://www.imdb.com/title/tt0046828/,Movie,6.8,105,1954,"Drama, Musical, Romance",6393,1954-10-28,"Otto Preminger",,
292,tt0047136,2018-08-19,2018-08-19,,"Johnny Guitar","Johnny Guitar",https://www.imdb.com/title/tt0047136/,Movie,7.6,110,1954,"Drama, Western",21488,1954-08-23,"Nicholas Ray",,
293,tt0047443,2018-08-19,2018-08-19,,"Salt of the Earth","Salt of the Earth",https://www.imdb.com/title/tt0047443/,Movie,7.3,94,1954,"Drama, History",4512,1954-10-20,"Herbert J. Biberman",,
294,tt0047472,2018-08-19,2018-08-19,,"Seven Brides for Seven Brothers","Seven Brides for Seven Brothers",https://www.imdb.com/title/tt0047472/,Movie,7.3,102,1954,"Comedy, Musical, Romance, Western",29175,1954-08-06,"Stanley Donen",,
295,tt0047834,2018-08-19,2018-08-19,,"Animal Farm","Animal Farm",https://www.imdb.com/title/tt0047834/,Movie,7.2,72,1954,"Animation, Drama",21285,1959-06-19,"Joy Batchelor, John Halas",,
296,tt0048308,2018-08-19,2018-08-19,,"Lola Montès","Lola Montès",https://www.imdb.com/title/tt0048308/,Movie,7.2,116,1955,"Biography, Drama, Romance",6616,1955-12-23,"Max Ophüls",,
297,tt0048473,2018-08-19,2018-08-19,,"Pather Panchali","Pather Panchali",https://www.imdb.com/title/tt0048473/,Movie,8.2,125,1955,"Drama, History",41457,1955-08-26,"Satyajit Ray",,
298,tt0048452,2018-08-19,2018-08-19,,"Ordet","Ordet",https://www.imdb.com/title/tt0048452/,Movie,8.2,126,1955,"Drama",18835,1955-01-10,"Carl Theodor Dreyer",,
299,tt0048356,2018-08-19,2018-08-19,,"Marty","Marty",https://www.imdb.com/title/tt0048356/,Movie,7.6,90,1955,"Drama, Romance",30270,1955-06-10,"Delbert Mann",,
300,tt0047840,2018-08-19,2018-08-19,,"Artists and Models","Artists and Models",https://www.imdb.com/title/tt0047840/,Movie,6.4,109,1955,"Comedy, Musical, Romance",4927,1955-11-07,"Frank Tashlin",,
301,tt0048545,2018-08-19,2018-08-19,,"Rebel Without a Cause","Rebel Without a Cause",https://www.imdb.com/title/tt0048545/,Movie,7.6,111,1955,"Drama",103027,1955-10-27,"Nicholas Ray",,
302,tt0048363,2018-08-19,2018-08-19,,"The Mad Masters","Les maîtres fous",https://www.imdb.com/title/tt0048363/,Short,6.5,36,1955,"Documentary, Short, Horror",1920,1973-06-17,"Jean Rouch",,
303,tt0048121,2018-08-19,2018-08-19,,"Hill 24 Doesn't Answer","Giv'a 24 Eina Ona",https://www.imdb.com/title/tt0048121/,Movie,5.7,101,1955,"Adventure, Drama, Romance, War",697,1955-11-02,"Thorold Dickinson",,
304,tt0047849,2018-08-19,2018-08-19,,"Bad Day at Black Rock","Bad Day at Black Rock",https://www.imdb.com/title/tt0047849/,Movie,7.6,81,1955,"Crime, Drama, Mystery, Thriller, Western",26470,1955-02-13,"John Sturges",,
305,tt0048434,2018-08-19,2018-08-19,,"Night and Fog","Nuit et brouillard",https://www.imdb.com/title/tt0048434/,Short,8.6,32,1956,"Documentary, Short, History, War",23433,1956-01,"Alain Resnais",,
306,tt0048488,2018-08-19,2018-08-19,,"The Phenix City Story","The Phenix City Story",https://www.imdb.com/title/tt0048488/,Movie,7.2,100,1955,"Crime, Drama, Film-Noir",3597,1955-07-19,"Phil Karlson",,
307,tt0048347,2018-08-19,2018-08-19,,"The Man with the Golden Arm","The Man with the Golden Arm",https://www.imdb.com/title/tt0048347/,Movie,7.3,119,1955,"Crime, Drama, Romance",13354,1956-01,"Otto Preminger",,
308,tt0048261,2018-08-19,2018-08-19,,"Kiss Me Deadly","Kiss Me Deadly",https://www.imdb.com/title/tt0048261/,Movie,7.5,106,1955,"Crime, Drama, Film-Noir, Mystery, Thriller",23627,1955-04-28,"Robert Aldrich",,
309,tt0048140,2018-08-19,2018-08-19,,"Guys and Dolls","Guys and Dolls",https://www.imdb.com/title/tt0048140/,Movie,7.1,150,1955,"Comedy, Crime, Musical, Romance",20832,1955-12-23,"Joseph L. Mankiewicz",,
310,tt0048424,2018-08-19,2018-08-19,,"The Night of the Hunter","The Night of the Hunter",https://www.imdb.com/title/tt0048424/,Movie,8.0,92,1955,"Crime, Drama, Thriller",107193,1955-07-27,"Charles Laughton",,
311,tt0048281,2018-08-19,2018-08-19,,"The Ladykillers","The Ladykillers",https://www.imdb.com/title/tt0048281/,Movie,7.6,91,1955,"Comedy, Crime",34050,1956-02-03,"Alexander Mackendrick",,
312,tt0048445,2018-08-19,2018-08-19,,"Oklahoma!","Oklahoma!",https://www.imdb.com/title/tt0048445/,Movie,7.0,145,1955,"Drama, Musical, Romance, Western",15676,1956-11-23,"Fred Zinnemann",,
313,tt0048641,2018-08-19,2018-08-19,,"Smiles of a Summer Night","Sommarnattens leende",https://www.imdb.com/title/tt0048641/,Movie,7.7,109,1955,"Comedy, Romance",15688,1957-12-23,"Ingmar Bergman",,
314,tt0047892,2018-08-19,2018-08-19,,"Bob le Flambeur","Bob le flambeur",https://www.imdb.com/title/tt0047892/,Movie,7.5,102,1956,"Crime, Drama, Thriller",14258,1959,"Jean-Pierre Melville",,
315,tt0047811,2018-08-19,2018-08-19,,"All That Heaven Allows","All That Heaven Allows",https://www.imdb.com/title/tt0047811/,Movie,7.6,89,1955,"Drama, Romance",18432,1955-12-25,"Douglas Sirk",,
316,tt0048342,2018-08-19,2018-08-19,,"The Man from Laramie","The Man from Laramie",https://www.imdb.com/title/tt0048342/,Movie,7.3,103,1955,"Drama, Western",13114,1955-08-31,"Anthony Mann",,
317,tt0049833,2018-08-19,2018-08-19,,"The Ten Commandments","The Ten Commandments",https://www.imdb.com/title/tt0049833/,Movie,7.9,220,1956,"Adventure, Drama, Family, History",83698,1956-10-05,"Cecil B. DeMille",,
318,tt0049730,2018-08-19,2018-08-19,,"The Searchers","The Searchers",https://www.imdb.com/title/tt0049730/,Movie,7.8,119,1956,"Adventure, Western",103385,1956-05-26,"John Ford",,
319,tt0049012,2018-08-19,2018-08-19,,"The Burmese Harp","Biruma no tategoto",https://www.imdb.com/title/tt0049012/,Movie,8.0,116,1956,"Drama, Music, War",7219,1957-04-26,"Kon Ichikawa",,
320,tt0049223,2018-08-19,2018-08-19,,"Forbidden Planet","Forbidden Planet",https://www.imdb.com/title/tt0049223/,Movie,7.5,98,1956,"Adventure, Sci-Fi",56975,1958-06-13,"Fred M. Wilcox",,
321,tt0049966,2018-08-19,2018-08-19,,"Written on the Wind","Written on the Wind",https://www.imdb.com/title/tt0049966/,Movie,7.3,99,1956,"Drama",14885,1956-12-25,"Douglas Sirk",,
322,tt0049902,2018-08-19,2018-08-19,,"A Man Escaped","Un condamné à mort s'est échappé ou Le vent souffle où il veut",https://www.imdb.com/title/tt0049902/,Movie,8.1,101,1956,"Drama, Thriller, War",30555,1957-08-26,"Robert Bresson",,
323,tt0049010,2018-08-19,2018-08-19,,"Bigger Than Life","Bigger Than Life",https://www.imdb.com/title/tt0049010/,Movie,7.4,95,1956,"Drama",8793,1956-09-05,"Nicholas Ray",,
324,tt0049366,2018-08-19,2018-08-19,,"Invasion of the Body Snatchers","Invasion of the Body Snatchers",https://www.imdb.com/title/tt0049366/,Movie,7.7,80,1956,"Drama, Horror, Sci-Fi",59497,1956-02-05,"Don Siegel",,
325,tt0049261,2018-08-19,2018-08-19,,"Giant","Giant",https://www.imdb.com/title/tt0049261/,Movie,7.6,201,1956,"Drama, Western",45038,1956-11-24,"George Stevens",,
326,tt0051207,2018-08-19,2018-08-19,,"The Wrong Man","The Wrong Man",https://www.imdb.com/title/tt0051207/,Movie,7.4,105,1956,"Drama, Film-Noir",34509,1957-01-26,"Alfred Hitchcock",,
327,tt0049314,2018-08-19,2018-08-19,,"High Society","High Society",https://www.imdb.com/title/tt0049314/,Movie,6.9,111,1956,"Comedy, Musical, Romance",19051,1956-07-17,"Charles Walters",,
328,tt0049470,2018-08-19,2018-08-19,,"The Man Who Knew Too Much","The Man Who Knew Too Much",https://www.imdb.com/title/tt0049470/,Movie,7.4,120,1956,"Crime, Drama, Mystery, Thriller",75878,1956-06-01,"Alfred Hitchcock",,
329,tt0050613,2018-08-19,2018-08-19,,"Throne of Blood","Kumonosu-jô",https://www.imdb.com/title/tt0050613/,Movie,8.0,110,1957,"Drama",59964,1961-11-22,"Akira Kurosawa",,
330,tt0050825,2018-08-19,2018-08-19,,"Paths of Glory","Paths of Glory",https://www.imdb.com/title/tt0050825/,Movie,8.4,88,1957,"Drama, War",237971,1957-12-25,"Stanley Kubrick",8,2012-11-01
331,tt0050105,2018-08-19,2018-08-19,,"An Affair to Remember","An Affair to Remember",https://www.imdb.com/title/tt0050105/,Movie,7.4,115,1957,"Drama, Romance",35643,1957-07-19,"Leo McCarey",,
332,tt0050976,2018-08-19,2018-08-19,,"The Seventh Seal","Det sjunde inseglet",https://www.imdb.com/title/tt0050976/,Movie,8.1,96,1957,"Drama, Fantasy",215432,1958-10-13,"Ingmar Bergman",8,2015-09-18
333,tt0050083,2018-08-19,2018-08-19,,"12 Angry Men","12 Angry Men",https://www.imdb.com/title/tt0050083/,Movie,9.0,96,1957,"Crime, Drama",978952,1957-04-10,"Sidney Lumet",8,2014-11-17
334,tt0050986,2018-08-19,2018-08-19,,"Wild Strawberries","Smultronstället",https://www.imdb.com/title/tt0050986/,Movie,8.1,92,1957,"Drama, Romance",124183,1959-06-22,"Ingmar Bergman",,
335,tt0050539,2018-08-19,2018-08-19,,"The Incredible Shrinking Man","The Incredible Shrinking Man",https://www.imdb.com/title/tt0050539/,Movie,7.6,81,1957,"Horror, Sci-Fi",21897,1957-04-10,"Jack Arnold",,
336,tt0050468,2018-08-19,2018-08-19,,"Gunfight at the O.K. Corral","Gunfight at the O.K. Corral",https://www.imdb.com/title/tt0050468/,Movie,7.1,122,1957,"Biography, Drama, Western",18837,1957-05-30,"John Sturges",,
337,tt0050783,2018-08-19,2018-08-19,,"Nights of Cabiria","Le notti di Cabiria",https://www.imdb.com/title/tt0050783/,Movie,8.1,110,1957,"Drama",56954,1957-10-16,"Federico Fellini",,
338,tt0050634,2018-08-19,2018-08-19,,"The Cranes Are Flying","Letyat zhuravli",https://www.imdb.com/title/tt0050634/,Movie,8.3,95,1957,"Drama, Romance, War",22319,1960-03-21,"Mikhail Kalatozov",,
339,tt0048956,2018-08-19,2018-08-19,,"Aparajito","Aparajito",https://www.imdb.com/title/tt0048956/,Movie,8.2,110,1956,"Drama",19355,1956-10-11,"Satyajit Ray",,
340,tt0050212,2018-08-19,2018-08-19,,"The Bridge on the River Kwai","The Bridge on the River Kwai",https://www.imdb.com/title/tt0050212/,Movie,8.1,161,1957,"Adventure, Drama, War",248081,1957-12-14,"David Lean",8,2010-05-09
341,tt0051036,2018-08-19,2018-08-19,,"Sweet Smell of Success","Sweet Smell of Success",https://www.imdb.com/title/tt0051036/,Movie,8.0,96,1957,"Drama, Film-Noir",39718,1957-07-04,"Alexander Mackendrick",,
342,tt0050188,2018-08-19,2018-08-19,,"Mother India","Mother India",https://www.imdb.com/title/tt0050188/,Movie,7.8,172,1957,"Action, Comedy, Drama, Family, Musical",10376,1957-10-25,"Mehboob Khan",,
343,tt0052311,2018-08-19,2018-08-19,,"Touch of Evil","Touch of Evil",https://www.imdb.com/title/tt0052311/,Movie,7.9,95,1958,"Crime, Drama, Film-Noir, Thriller",114606,1958-05-09,"Orson Welles",,
344,tt0051658,2018-08-19,2018-08-19,,"Gigi","Gigi",https://www.imdb.com/title/tt0051658/,Movie,6.6,115,1958,"Comedy, Musical, Romance",26073,1958-06-25,"Vincente Minnelli, Charles Walters",,
345,tt0051525,2018-08-19,2018-08-19,,"The Defiant Ones","The Defiant Ones",https://www.imdb.com/title/tt0051525/,Movie,7.5,96,1958,"Crime, Drama",19924,1958-09-27,"Stanley Kramer",,
346,tt0051899,2018-08-19,2018-08-19,,"Man of the West","Man of the West",https://www.imdb.com/title/tt0051899/,Movie,7.0,100,1958,"Drama, Western",10697,1958-10-10,"Anthony Mann",,
347,tt0052357,2018-08-19,2018-08-19,,"Vertigo","Vertigo",https://www.imdb.com/title/tt0052357/,Movie,8.2,128,1958,"Mystery, Romance, Thriller",458093,1958-05-28,"Alfred Hitchcock",7,2014-11-16
348,tt0052080,2018-08-19,2018-08-19,,"Ashes and Diamonds","Popiól i diament",https://www.imdb.com/title/tt0052080/,Movie,7.7,103,1958,"Drama, Romance, War",14828,1961-05-29,"Andrzej Wajda",,
349,tt0051390,2018-08-19,2018-08-19,,"Cairo Station","Bab el-Hadid",https://www.imdb.com/title/tt0051390/,Movie,7.5,77,1958,"Crime, Drama",6159,1958-01-20,"Youssef Chahine",,
350,tt0051792,2018-08-19,2018-08-19,,"The Music Room","Jalsaghar",https://www.imdb.com/title/tt0051792/,Movie,7.8,95,1958,"Drama, Music",7323,1958-10-10,"Satyajit Ray",,
351,tt0050706,2018-08-19,2018-08-19,,"My Uncle","Mon oncle",https://www.imdb.com/title/tt0050706/,Movie,7.6,116,1958,"Comedy",26002,1958-11-03,"Jacques Tati",,
352,tt0052218,2018-08-19,2018-08-19,,"Some Came Running","Some Came Running",https://www.imdb.com/title/tt0052218/,Movie,7.2,137,1958,"Drama, Romance",8165,1958-12-25,"Vincente Minnelli",,
353,tt0051554,2018-08-19,2018-08-19,,"Horror of Dracula","Dracula",https://www.imdb.com/title/tt0051554/,Movie,7.2,82,1958,"Drama, Horror",31056,1958-06-16,"Terence Fisher",,
354,tt0053291,2018-08-19,2018-08-19,,"Some Like It Hot","Some Like It Hot",https://www.imdb.com/title/tt0053291/,Movie,8.2,121,1959,"Comedy, Music, Romance",303943,1959-03-19,"Billy Wilder",,
355,tt0053125,2018-08-19,2018-08-19,,"North by Northwest","North by Northwest",https://www.imdb.com/title/tt0053125/,Movie,8.3,136,1959,"Adventure, Drama, Mystery, Thriller",368849,1959-12-18,"Alfred Hitchcock",,
356,tt0053198,2018-08-19,2018-08-19,,"The 400 Blows","Les quatre cents coups",https://www.imdb.com/title/tt0053198/,Movie,8.0,99,1959,"Crime, Drama",134197,1959-11-16,"François Truffaut",,
357,tt0053168,2018-08-19,2018-08-19,,"Pickpocket","Pickpocket",https://www.imdb.com/title/tt0053168/,Movie,7.5,76,1959,"Crime, Drama",27426,1959-12-16,"Robert Bresson",,
358,tt0052893,2018-08-19,2018-08-19,,"Hiroshima Mon Amour","Hiroshima mon amour",https://www.imdb.com/title/tt0052893/,Movie,7.8,90,1959,"Drama, Romance",39190,1960-05-16,"Alain Resnais",,
359,tt0053220,2018-08-19,2018-08-19,,"Ride Lonesome","Ride Lonesome",https://www.imdb.com/title/tt0053220/,Movie,7.1,73,1959,"Western",7501,1959-02-15,"Budd Boetticher",,
360,tt0053146,2018-08-19,2018-08-19,,"Black Orpheus","Orfeu Negro",https://www.imdb.com/title/tt0053146/,Movie,7.4,100,1959,"Drama, Musical, Romance",13395,1959-12-21,"Marcel Camus",,
361,tt0052618,2018-08-19,2018-08-19,,"Ben-Hur","Ben-Hur",https://www.imdb.com/title/tt0052618/,Movie,8.1,212,1959,"Adventure, Drama",270673,1959-11-18,"William Wyler",,
362,tt0052561,2018-08-19,2018-08-19,,"Anatomy of a Murder","Anatomy of a Murder",https://www.imdb.com/title/tt0052561/,Movie,8.0,161,1959,"Drama, Mystery",77500,1959-07-13,"Otto Preminger",,
363,tt0053270,2018-08-19,2018-08-19,,"Shadows","Shadows",https://www.imdb.com/title/tt0053270/,Movie,7.2,87,1958,"Drama, Music, Romance",13524,1960-10-14,"John Cassavetes",,
364,tt0052572,2018-08-19,2018-08-19,,"The World of Apu","Apur Sansar",https://www.imdb.com/title/tt0052572/,Movie,8.4,105,1959,"Drama",19745,1960-10-04,"Satyajit Ray",,
365,tt0053221,2018-08-19,2018-08-19,,"Rio Bravo","Rio Bravo",https://www.imdb.com/title/tt0053221/,Movie,7.9,141,1959,"Western",73312,1959-04-04,"Howard Hawks",,
366,tt0053390,2018-08-19,2018-08-19,,"Floating Weeds","Ukigusa",https://www.imdb.com/title/tt0053390/,Movie,7.9,119,1959,"Drama",9724,1970-11-24,"Yasujirô Ozu",,
367,tt0053459,2018-08-19,2018-08-19,,"Eyes Without a Face","Les yeux sans visage",https://www.imdb.com/title/tt0053459/,Movie,7.6,90,1960,"Drama, Horror",38906,1962-10-24,"Georges Franju",,
368,tt0054269,2018-08-19,2018-08-19,,"Saturday Night and Sunday Morning","Saturday Night and Sunday Morning",https://www.imdb.com/title/tt0054269/,Movie,7.5,89,1960,"Drama, Romance",10003,1961-04-03,"Karel Reisz",,
369,tt0053779,2018-08-19,2018-08-19,,"La Dolce Vita","La dolce vita",https://www.imdb.com/title/tt0053779/,Movie,8.0,174,1960,"Comedy, Drama",85598,1961-04-19,"Federico Fellini",,
370,tt0054407,2018-08-19,2018-08-19,,"Le trou","Le trou",https://www.imdb.com/title/tt0054407/,Movie,8.5,131,1960,"Crime, Drama, Thriller",23362,1997-02-14,"Jacques Becker",,
371,tt0054248,2018-08-19,2018-08-19,,"Rocco and His Brothers","Rocco e i suoi fratelli",https://www.imdb.com/title/tt0054248/,Movie,8.2,179,1960,"Crime, Drama, Sport",25641,1961-03-10,"Luchino Visconti",,
372,tt0053619,2018-08-19,2018-08-19,,"L'Avventura","L'avventura",https://www.imdb.com/title/tt0053619/,Movie,7.7,144,1960,"Drama, Mystery, Romance",36871,1961-03-04,"Michelangelo Antonioni",,
373,tt0053472,2018-08-19,2018-08-19,,"Breathless","À bout de souffle",https://www.imdb.com/title/tt0053472/,Movie,7.6,90,1960,"Crime, Drama",94997,1961-02-07,"Jean-Luc Godard",,
374,tt0054331,2018-08-19,2018-08-19,,"Spartacus","Spartacus",https://www.imdb.com/title/tt0054331/,Movie,7.9,184,1960,"Adventure, Biography, Drama, History, War",151643,1960-11-17,"Stanley Kubrick",,
375,tt0053604,2018-08-19,2018-08-19,,"The Apartment","The Apartment",https://www.imdb.com/title/tt0053604/,Movie,8.3,125,1960,"Comedy, Drama, Romance",218418,1960-06-29,"Billy Wilder",,
376,tt0150980,2018-08-19,2018-08-19,,"The Housemaid","Hanyeo",https://www.imdb.com/title/tt0150980/,Movie,7.2,109,1960,"Crime, Drama, Horror, Thriller",6620,1960-11-03,"Kim Ki-young",,
377,tt0054073,2018-08-19,2018-08-19,,"The Cloud-Capped Star","Meghe Dhaka Tara",https://www.imdb.com/title/tt0054073/,Movie,7.8,126,1960,"Drama",3647,1960-04-14,"Ritwik Ghatak",,
378,tt0054215,2018-08-19,2018-08-19,,"Psycho","Psycho",https://www.imdb.com/title/tt0054215/,Movie,8.5,109,1960,"Drama, Horror, Mystery, Thriller",782606,1960-09-08,"Alfred Hitchcock",8,2015-12-21
379,tt0054389,2018-08-19,2018-08-19,,"Shoot the Piano Player","Tirez sur le pianiste",https://www.imdb.com/title/tt0054389/,Movie,7.4,92,1960,"Crime, Drama, Thriller",21850,1962-07-23,"François Truffaut",,
380,tt0054167,2018-08-19,2018-08-19,,"Peeping Tom","Peeping Tom",https://www.imdb.com/title/tt0054167/,Movie,7.6,101,1960,"Drama, Horror, Thriller",43597,1960-05-16,"Michael Powell",,
381,tt0054067,2018-08-19,2018-08-19,,"Black Sunday","La maschera del demonio",https://www.imdb.com/title/tt0054067/,Movie,7.1,87,1960,"Horror",19972,1961-02-15,"Mario Bava",,
382,tt0053967,2018-08-19,2018-08-19,,"The Young One","The Young One",https://www.imdb.com/title/tt0053967/,Movie,7.4,96,1960,"Drama",3294,1961-01-18,"Luis Buñuel",,
383,tt0055471,2018-08-19,2018-08-19,,"Splendor in the Grass","Splendor in the Grass",https://www.imdb.com/title/tt0055471/,Movie,7.7,124,1961,"Drama, Romance",24079,1961-10-20,"Elia Kazan",,
384,tt0055601,2018-08-19,2018-08-19,,"Viridiana","Viridiana",https://www.imdb.com/title/tt0055601/,Movie,8.0,91,1961,"Drama",28082,1962-03-19,"Luis Buñuel",,
385,tt0056119,2018-08-19,2018-08-19,,"La Jetée","La jetée",https://www.imdb.com/title/tt0056119/,Short,8.2,28,1962,"Short, Drama, Romance, Sci-Fi",39741,1962-02-16,"Chris Marker",,
386,tt0054698,2018-08-19,2018-08-19,,"Breakfast at Tiffany's","Breakfast at Tiffany's",https://www.imdb.com/title/tt0054698/,Movie,7.5,115,1961,"Comedy, Drama, Romance",203848,1961-10-06,"Blake Edwards",,
387,tt0055093,2018-08-19,2018-08-19,,"Lola","Lola",https://www.imdb.com/title/tt0055093/,Movie,7.4,90,1961,"Drama, Romance",8442,1962-10-14,"Jacques Demy",,
388,tt0054861,2018-08-19,2018-08-19,,"The Exiles","The Exiles",https://www.imdb.com/title/tt0054861/,Movie,6.6,72,1961,"Drama",1566,1961-07-13,"Kent Mackenzie",,
389,tt0054130,2018-08-19,2018-08-19,,"La Notte","La notte",https://www.imdb.com/title/tt0054130/,Movie,7.9,122,1961,"Drama",26384,1962-02-19,"Michelangelo Antonioni",,
390,tt0055614,2018-08-19,2018-08-19,,"West Side Story","West Side Story",https://www.imdb.com/title/tt0055614/,Movie,7.6,153,1961,"Crime, Drama, Musical, Romance",127377,1961-12-23,"Jerome Robbins, Robert Wise",,
391,tt0054997,2018-08-19,2018-08-19,,"The Hustler","The Hustler",https://www.imdb.com/title/tt0054997/,Movie,7.9,134,1961,"Drama, Sport",90964,1961-09-25,"Robert Rossen",,
392,tt0055069,2018-08-19,2018-08-19,,"The Ladies Man","The Ladies Man",https://www.imdb.com/title/tt0055069/,Movie,6.3,95,1961,"Comedy",5062,1961-08,"Jerry Lewis",,
393,tt0055499,2018-08-19,2018-08-19,,"Through a Glass Darkly","Såsom i en spegel",https://www.imdb.com/title/tt0055499/,Movie,7.9,90,1961,"Drama",29292,1961-10-16,"Ingmar Bergman",,
394,tt0054745,2018-08-19,2018-08-19,,"Chronicle of a Summer","Chronique d'un été (Paris 1960)",https://www.imdb.com/title/tt0054745/,Movie,7.4,85,1961,"Documentary, History",3997,1961-10-20,"Edgar Morin, Jean Rouch",,
395,tt0054632,2018-08-19,2018-08-19,,"Last Year at Marienbad","L'année dernière à Marienbad",https://www.imdb.com/title/tt0054632/,Movie,7.6,94,1961,"Drama, Mystery, Romance",26888,1962-03-07,"Alain Resnais",,
396,tt0055257,2018-08-19,2018-08-19,,"One-Eyed Jacks","One-Eyed Jacks",https://www.imdb.com/title/tt0055257/,Movie,7.1,141,1961,"Drama, Western",15022,1961-03-30,"Marlon Brando",,
397,tt0055852,2018-08-19,2018-08-19,,"Cleo from 5 to 7","Cléo de 5 à 7",https://www.imdb.com/title/tt0055852/,Movie,7.8,90,1962,"Comedy, Drama, Music",31296,1962-04-11,"Agnès Varda",,
398,tt5896468,2021-10-25,2021-10-25,,"Dog Star Man","Dog Star Man",https://www.imdb.com/title/tt5896468/,Movie,6.2,78,1964,"Fantasy, Mystery, Drama",1513,1964,"Stan Brakhage",,
399,tt0056663,2018-08-19,2018-08-19,,"Vivre sa vie","Vivre sa vie: Film en douze tableaux",https://www.imdb.com/title/tt0056663/,Movie,7.8,85,1962,"Drama",37568,1962-09-20,"Jean-Luc Godard",,
400,tt0056444,2018-08-19,2018-08-19,,"An Autumn Afternoon","Sanma no aji",https://www.imdb.com/title/tt0056444/,Movie,8.0,113,1962,"Drama",11900,1964,"Yasujirô Ozu",,
401,tt0056193,2018-08-19,2018-08-19,,"Lolita","Lolita",https://www.imdb.com/title/tt0056193/,Movie,7.5,153,1962,"Crime, Drama, Romance",115668,1962-06-21,"Stanley Kubrick",7,2012-12-16
402,tt0056217,2018-08-19,2018-08-19,,"The Man Who Shot Liberty Valance","The Man Who Shot Liberty Valance",https://www.imdb.com/title/tt0056217/,Movie,8.1,123,1962,"Drama, Western",88355,1962-04-22,"John Ford",,
403,tt0056060,2018-08-19,2018-08-19,,"Heaven and Earth Magic","Heaven and Earth Magic",https://www.imdb.com/title/tt0056060/,Movie,5.0,66,1962,"Animation, Fantasy",972,1962,"Harry Smith",,
404,tt0056172,2018-08-19,2018-08-19,,"Lawrence of Arabia","Lawrence of Arabia",https://www.imdb.com/title/tt0056172/,Movie,8.3,227,1962,"Adventure, Biography, Drama, War",340797,1962-12-16,"David Lean",,
405,tt0056592,2018-08-19,2018-08-19,,"To Kill a Mockingbird","To Kill a Mockingbird",https://www.imdb.com/title/tt0056592/,Movie,8.2,129,1962,"Crime, Drama",350889,1963-03-16,"Robert Mulligan",,
406,tt0056322,2018-08-19,2018-08-19,,"The Given Word","O Pagador de Promessas",https://www.imdb.com/title/tt0056322/,Movie,8.3,98,1962,"Drama",4590,1962-04-17,"Anselmo Duarte",,
407,tt0056736,2018-08-19,2018-08-19,,"L'Eclisse","L'eclisse",https://www.imdb.com/title/tt0056736/,Movie,7.7,126,1962,"Drama, Romance",24214,1962-12-20,"Michelangelo Antonioni",,
408,tt0057318,2018-08-19,2018-08-19,,"A Dog's Life","Mondo cane",https://www.imdb.com/title/tt0057318/,Movie,6.2,108,1962,"Documentary, Horror",4900,1962-03-30,"Paolo Cavara, Gualtiero Jacopetti, Franco Prosperi",,
409,tt0056732,2018-08-19,2018-08-19,,"The Exterminating Angel","El ángel exterminador",https://www.imdb.com/title/tt0056732/,Movie,8.0,95,1962,"Drama, Fantasy",38042,1967-08-21,"Luis Buñuel",,
410,tt0055032,2018-08-19,2018-08-19,,"Jules and Jim","Jules et Jim",https://www.imdb.com/title/tt0055032/,Movie,7.6,105,1962,"Drama, Romance",46827,1962-01-23,"François Truffaut",,
411,tt0056218,2018-08-19,2018-08-19,,"The Manchurian Candidate","The Manchurian Candidate",https://www.imdb.com/title/tt0056218/,Movie,7.9,126,1962,"Drama, Thriller",84507,1962-10-24,"John Frankenheimer",,
412,tt0056687,2018-08-19,2018-08-19,,"What Ever Happened to Baby Jane?","What Ever Happened to Baby Jane?",https://www.imdb.com/title/tt0056687/,Movie,8.0,134,1962,"Drama, Horror, Thriller",67391,1962-10-31,"Robert Aldrich",,
413,tt0056801,2018-08-19,2018-08-19,,"8½","8½",https://www.imdb.com/title/tt0056801/,Movie,8.0,138,1963,"Drama",132453,1963-06-24,"Federico Fellini",,
414,tt0056869,2018-08-19,2018-08-19,,"The Birds","The Birds",https://www.imdb.com/title/tt0056869/,Movie,7.6,119,1963,"Drama, Horror, Mystery, Romance",219453,1963-03-29,"Alfred Hitchcock",7,2010-01-25
415,tt0054159,2018-08-19,2018-08-19,,"Passenger","Pasazerka",https://www.imdb.com/title/tt0054159/,Movie,7.4,62,1963,"Drama, War",2444,1963-09-20,"Andrzej Munk, Witold Lesiewicz",,
416,tt0057490,2018-08-19,2018-08-19,,"The Servant","The Servant",https://www.imdb.com/title/tt0057490/,Movie,7.7,116,1963,"Drama",15700,1964-03-16,"Joseph Losey",,
417,tt0054880,2018-08-19,2018-08-19,,"Flaming Creatures","Flaming Creatures",https://www.imdb.com/title/tt0054880/,Movie,4.5,45,1963,"Comedy, Drama, Horror",1793,1963-04-29,"Jack Smith",,
418,tt0336693,2018-08-19,2018-08-19,,"The House Is Black","Khaneh siah ast",https://www.imdb.com/title/tt0336693/,Short,7.8,20,1963,"Documentary, Short",6261,1963,"Forugh Farrokhzad",,
419,tt0057163,2018-08-19,2018-08-19,,"Hud","Hud",https://www.imdb.com/title/tt0057163/,Movie,7.8,112,1963,"Drama, Western",25794,1963-05-29,"Martin Ritt",,
420,tt0057091,2018-08-19,2018-08-19,,"The Leopard","Il gattopardo",https://www.imdb.com/title/tt0057091/,Movie,7.9,186,1963,"Drama, History",34410,1963-03-29,"Luchino Visconti",,
421,tt0057654,2018-08-19,2018-08-19,,"Barren Lives","Vidas Secas",https://www.imdb.com/title/tt0057654/,Movie,7.5,103,1963,"Drama",3371,1965,"Nelson Pereira dos Santos",,
422,tt0057495,2018-08-19,2018-08-19,,"Shock Corridor","Shock Corridor",https://www.imdb.com/title/tt0057495/,Movie,7.3,101,1963,"Drama, Mystery, Thriller",13952,1963-09-25,"Samuel Fuller",,
423,tt0057345,2018-08-19,2018-08-19,,"Contempt","Le mépris",https://www.imdb.com/title/tt0057345/,Movie,7.4,102,1963,"Drama, Romance",38967,1964-12-18,"Jean-Luc Godard",,
424,tt0138329,2018-08-19,2018-08-19,,"Blonde Cobra","Blonde Cobra",https://www.imdb.com/title/tt0138329/,Short,2.9,33,1963,"Short",1086,1963,"Ken Jacobs",,
425,tt0056952,2018-08-19,2018-08-19,,"The Cool World","The Cool World",https://www.imdb.com/title/tt0056952/,Movie,6.4,105,1963,"Crime, Drama",751,1964-11-02,"Shirley Clarke",,
426,tt0057372,2018-08-19,2018-08-19,,"The Nutty Professor","The Nutty Professor",https://www.imdb.com/title/tt0057372/,Movie,6.6,107,1963,"Comedy, Romance, Sci-Fi",20608,1963-06-07,"Jerry Lewis",,
427,tt0057115,2018-08-19,2018-08-19,,"The Great Escape","The Great Escape",https://www.imdb.com/title/tt0057115/,Movie,8.2,172,1963,"Adventure, Drama, Thriller, War",276736,1963-07-04,"John Sturges",,
428,tt0197719,2018-08-19,2018-08-19,,"Mediterranean","Méditerranée",https://www.imdb.com/title/tt0197719/,Short,5.9,44,1963,"Documentary, Short",991,1963,"Jean-Daniel Pollet",,
429,tt0057710,2018-08-19,2018-08-19,,"An Actor's Revenge","Yukinojô henge",https://www.imdb.com/title/tt0057710/,Movie,7.3,115,1963,"Action, Comedy, Drama",3160,1971-06-16,"Kon Ichikawa",,
430,tt0057129,2018-08-19,2018-08-19,,"The Haunting","The Haunting",https://www.imdb.com/title/tt0057129/,Movie,7.4,112,1963,"Horror",45606,1963-09-18,"Robert Wise",,
431,tt0057358,2018-08-19,2018-08-19,,"Winter Light","Nattvardsgästerna",https://www.imdb.com/title/tt0057358/,Movie,8.0,81,1963,"Drama",29355,1963-04-05,"Ingmar Bergman",,
432,tt0058150,2018-08-19,2018-08-19,,"Goldfinger","Goldfinger",https://www.imdb.com/title/tt0058150/,Movie,7.7,110,1964,"Action, Adventure, Thriller",216749,1965-01-09,"Guy Hamilton",7,2007-12-13
433,tt0058385,2018-08-19,2018-08-19,,"My Fair Lady","My Fair Lady",https://www.imdb.com/title/tt0058385/,Movie,7.7,170,1964,"Drama, Family, Musical, Romance",107444,1964-12-25,"George Cukor",,
434,tt0058003,2018-08-19,2018-08-19,,"Red Desert","Il deserto rosso",https://www.imdb.com/title/tt0058003/,Movie,7.4,117,1964,"Drama",19187,1965-02-08,"Michelangelo Antonioni",,
435,tt0058625,2018-08-19,2018-08-19,,"Woman in the Dunes","Suna no onna",https://www.imdb.com/title/tt0058625/,Movie,8.4,147,1964,"Drama, Thriller",25343,1964-10-25,"Hiroshi Teshigahara",,
436,tt0058642,2018-08-19,2018-08-19,,"Shadows of Forgotten Ancestors","Tini zabutykh predkiv",https://www.imdb.com/title/tt0058642/,Movie,7.8,97,1965,"Drama, Romance",9560,1965-09-04,"Sergei Parajanov",,
437,tt0058555,2018-08-19,2018-08-19,,"Scorpio Rising","Scorpio Rising",https://www.imdb.com/title/tt0058555/,Short,6.8,28,1963,"Short, Music",6181,1969-10-10,"Kenneth Anger",,
438,tt0058329,2018-08-19,2018-08-19,,"Marnie","Marnie",https://www.imdb.com/title/tt0058329/,Movie,7.1,130,1964,"Crime, Drama, Mystery, Romance, Thriller",57507,1964-07-17,"Alfred Hitchcock",,
439,tt0058333,2018-08-19,2018-08-19,,"The Masque of the Red Death","The Masque of the Red Death",https://www.imdb.com/title/tt0058333/,Movie,6.9,89,1964,"Drama, Horror",18225,1964-10-30,"Roger Corman",,
440,tt0056371,2018-08-19,2018-08-19,,"Before the Revolution","Prima della rivoluzione",https://www.imdb.com/title/tt0056371/,Movie,6.8,105,1964,"Drama, Romance",3391,1965-09-10,"Bernardo Bertolucci",,
441,tt0057012,2018-08-19,2018-08-19,,"Dr. Strangelove or: How I Learned to Stop Worrying and Love the Bomb","Dr. Strangelove or: How I Learned to Stop Worrying and Love the Bomb",https://www.imdb.com/title/tt0057012/,Movie,8.3,95,1964,"Comedy, War",550130,1964-01-29,"Stanley Kubrick",8,2015-01-17
442,tt0058006,2018-08-19,2018-08-19,,"Black God, White Devil","Deus e o Diabo na Terra do Sol",https://www.imdb.com/title/tt0058006/,Movie,7.1,120,1964,"Adventure, Crime, Drama, Western",6249,1964-07-10,"Glauber Rocha",,
443,tt0058182,2018-08-19,2018-08-19,,"A Hard Day's Night","A Hard Day's Night",https://www.imdb.com/title/tt0058182/,Movie,7.5,87,1964,"Comedy, Musical",50941,1964-07-07,"Richard Lester",,
444,tt0058450,2018-08-19,2018-08-19,,"The Umbrellas of Cherbourg","Les parapluies de Cherbourg",https://www.imdb.com/title/tt0058450/,Movie,7.8,91,1964,"Drama, Musical, Romance",34782,1964-12-16,"Jacques Demy",,
445,tt0058138,2018-08-19,2018-08-19,,"Gertrud","Gertrud",https://www.imdb.com/title/tt0058138/,Movie,7.3,116,1964,"Drama, Romance",7327,1966-06-02,"Carl Theodor Dreyer",,
446,tt0058331,2018-08-19,2018-08-19,,"Mary Poppins","Mary Poppins",https://www.imdb.com/title/tt0058331/,Movie,7.8,139,1964,"Comedy, Family, Fantasy, Musical",198122,1965-06-18,"Robert Stevenson",,
447,tt0058430,2018-08-19,2018-08-19,,"Onibaba","Onibaba",https://www.imdb.com/title/tt0058430/,Movie,7.8,103,1964,"Drama, Horror, Thriller",25519,1965-02-04,"Kaneto Shindô",,
448,tt0058715,2018-08-19,2018-08-19,,"The Gospel According to St. Matthew","Il vangelo secondo Matteo",https://www.imdb.com/title/tt0058715/,Movie,7.6,137,1964,"Biography, Drama, History",14989,1965-03-03,"Pier Paolo Pasolini",,
449,tt0059527,2018-08-19,2018-08-19,,"The Shop on Main Street","Obchod na korze",https://www.imdb.com/title/tt0059527/,Movie,8.2,128,1965,"Drama, War",10429,1966-01-24,"Ján Kadár, Elmar Klos",,
450,tt0059113,2018-08-19,2018-08-19,,"Doctor Zhivago","Doctor Zhivago",https://www.imdb.com/title/tt0059113/,Movie,7.9,197,1965,"Drama, Romance, War",86929,1965-12-31,"David Lean",,
451,tt0059894,2018-08-19,2018-08-19,,"The War Game","The War Game",https://www.imdb.com/title/tt0059894/,Movie,7.9,45,1966,"Drama, War",8085,1967-11-01,"Peter Watkins",,
452,tt0059817,2018-08-19,2018-08-19,,"Tokyo Olympiad","Tôkyô orinpikku",https://www.imdb.com/title/tt0059817/,Movie,7.8,170,1965,"Documentary, Sport",2447,1965-03-20,"Kon Ichikawa",,
453,tt0059229,2018-08-19,2018-08-19,,"Juliet of the Spirits","Giulietta degli spiriti",https://www.imdb.com/title/tt0059229/,Movie,7.4,137,1965,"Comedy, Drama, Fantasy",15707,1965-11-03,"Federico Fellini",,
454,tt0058946,2018-08-19,2018-08-19,,"The Battle of Algiers","La battaglia di Algeri",https://www.imdb.com/title/tt0058946/,Movie,8.1,121,1966,"Drama, War",75291,1967-09-20,"Gillo Pontecorvo",,
455,tt0059742,2018-08-19,2018-08-19,,"The Sound of Music","The Sound of Music",https://www.imdb.com/title/tt0059742/,Movie,8.1,174,1965,"Biography, Drama, Family, Musical, Romance",290298,1965-04-01,"Robert Wise",,
456,tt0129222,2018-08-19,2018-08-19,,"The Man Who Had His Hair Cut Short","De man die zijn haar kort liet knippen",https://www.imdb.com/title/tt0129222/,Movie,6.7,94,1965,"Drama",1202,1967-03-23,"André Delvaux",,
457,tt0058898,2018-08-19,2018-08-19,,"Alphaville","Alphaville: Une étrange aventure de Lemmy Caution",https://www.imdb.com/title/tt0058898/,Movie,7.0,99,1965,"Comedy, Drama, Mystery, Sci-Fi, Thriller",30007,1965-05-05,"Jean-Luc Godard",,
458,tt0059012,2018-08-19,2018-08-19,,"Chimes at Midnight","Campanadas a medianoche",https://www.imdb.com/title/tt0059012/,Movie,7.6,115,1965,"Comedy, Drama, History, War",11110,1967-03-17,"Orson Welles",,
459,tt0059170,2018-08-19,2018-08-19,,"Faster, Pussycat! Kill! Kill!","Faster, Pussycat! Kill! Kill!",https://www.imdb.com/title/tt0059170/,Movie,6.6,83,1965,"Action, Comedy",17317,1965-08-06,"Russ Meyer",,
460,tt0059880,2018-08-19,2018-08-19,,"Vinyl","Vinyl",https://www.imdb.com/title/tt0059880/,Movie,4.1,70,1965,"Sci-Fi",1274,1965-06-04,"Andy Warhol",,
461,tt0059643,2018-08-19,2018-08-19,,"The Saragossa Manuscript","Rekopis znaleziony w Saragossie",https://www.imdb.com/title/tt0059643/,Movie,7.7,182,1965,"Adventure, Drama, Fantasy, History, Horror, Mystery",6464,1965-02-09,"Wojciech Has",,
462,tt0059646,2018-08-19,2018-08-19,,"Repulsion","Repulsion",https://www.imdb.com/title/tt0059646/,Movie,7.5,105,1965,"Drama, Horror, Thriller",61165,1965-10-03,"Roman Polanski",,
463,tt0059592,2018-08-19,2018-08-19,,"Pierrot le fou","Pierrot le fou",https://www.imdb.com/title/tt0059592/,Movie,7.4,110,1965,"Crime, Drama, Romance",39978,1969-01-08,"Jean-Luc Godard",,
464,tt0056537,2018-08-19,2018-08-19,,"Subarnarekha","Subarnarekha",https://www.imdb.com/title/tt0056537/,Movie,7.3,143,1965,"Drama",1457,1965-10-01,"Ritwik Ghatak",,
465,tt0060511,2018-08-19,2018-08-19,,"Hold Me While I'm Naked","Hold Me While I'm Naked",https://www.imdb.com/title/tt0060511/,Short,5.3,17,1966,"Short, Comedy, Drama",1911,1973-04-07,"George Kuchar",,
466,tt0061184,2018-08-19,2018-08-19,,"Who's Afraid of Virginia Woolf?","Who's Afraid of Virginia Woolf?",https://www.imdb.com/title/tt0061184/,Movie,8.0,131,1966,"Drama",84015,1966-06-22,"Mike Nichols",,
467,tt0060176,2018-08-19,2018-08-19,,"Blow-Up","Blow-Up",https://www.imdb.com/title/tt0060176/,Movie,7.4,111,1966,"Drama, Mystery, Thriller",72369,1967-09-26,"Michelangelo Antonioni",,
468,tt0060959,2018-08-19,2018-08-19,,"Daisies","Sedmikrásky",https://www.imdb.com/title/tt0060959/,Movie,7.2,75,1966,"Comedy",17528,1966-12-30,"Vera Chytilová",,
469,tt0059079,2018-08-19,2018-08-19,,"Come Drink with Me","Da zui xia",https://www.imdb.com/title/tt0059079/,Movie,6.9,95,1966,"Action, Crime",5620,1966-04-07,"King Hu",,
470,tt0060955,2018-08-19,2018-08-19,,"Seconds","Seconds",https://www.imdb.com/title/tt0060955/,Movie,7.6,106,1966,"Sci-Fi, Thriller",24814,1966-10-02,"John Frankenheimer",,
471,tt0060196,2018-08-19,2018-08-19,,"The Good, the Bad and the Ugly","Il buono, il brutto, il cattivo",https://www.imdb.com/title/tt0060196/,Movie,8.8,178,1966,"Adventure, Drama, Western",888201,1967-12-29,"Sergio Leone",9,2010-02-02
472,tt0060827,2018-08-19,2018-08-19,,"Persona","Persona",https://www.imdb.com/title/tt0060827/,Movie,8.0,83,1966,"Drama, Thriller",140069,1967-03-16,"Ingmar Bergman",,
473,tt0060138,2018-08-19,2018-08-19,,"Au hasard Balthazar","Au hasard Balthazar",https://www.imdb.com/title/tt0060138/,Movie,7.7,95,1966,"Drama",24765,1966-05-25,"Robert Bresson",,
474,tt0060675,2018-08-19,2018-08-19,,"Masculine Feminine","Masculin féminin",https://www.imdb.com/title/tt0060675/,Movie,7.4,103,1966,"Drama, Romance",18958,1966-03-22,"Jean-Luc Godard",,
475,tt0130976,2018-08-19,2018-08-19,,"Report","Report",https://www.imdb.com/title/tt0130976/,Short,6.3,13,1967,"Short, History",1671,,"Bruce Conner",,
476,tt0060304,2018-08-19,2018-08-19,,"2 or 3 Things I Know About Her","2 ou 3 choses que je sais d'elle",https://www.imdb.com/title/tt0060304/,Movie,6.5,87,1967,"Comedy, Drama",9319,1967-03-17,"Jean-Luc Godard",,
477,tt0061395,2018-08-19,2018-08-19,,"Belle de Jour","Belle de jour",https://www.imdb.com/title/tt0061395/,Movie,7.6,100,1967,"Drama, Romance",53190,1968-04-10,"Luis Buñuel",,
478,tt0061512,2018-08-19,2018-08-19,,"Cool Hand Luke","Cool Hand Luke",https://www.imdb.com/title/tt0061512/,Movie,8.0,127,1967,"Crime, Drama",197137,1967-11-01,"Stuart Rosenberg",,
479,tt0062136,2018-08-19,2018-08-19,,"Playtime","Playtime",https://www.imdb.com/title/tt0062136/,Movie,7.8,155,1967,"Comedy",29270,1973-06-27,"Jacques Tati",,
480,tt0061537,2018-08-19,2018-08-19,,"The Red and the White","Csillagosok, katonák",https://www.imdb.com/title/tt0061537/,Movie,7.5,90,1967,"Drama, War",4297,1968-09-20,"Miklós Jancsó",,
481,tt0061722,2018-08-19,2018-08-19,,"The Graduate","The Graduate",https://www.imdb.com/title/tt0061722/,Movie,8.0,106,1967,"Comedy, Drama, Romance",302423,1967-12-21,"Mike Nichols",,
482,tt0062138,2018-08-19,2018-08-19,,"Point Blank","Point Blank",https://www.imdb.com/title/tt0062138/,Movie,7.2,92,1967,"Crime, Drama, Thriller",26059,1967-08-31,"John Boorman",,
483,tt0062873,2018-08-19,2018-08-19,,"The Young Girls of Rochefort","Les demoiselles de Rochefort",https://www.imdb.com/title/tt0062873/,Movie,7.7,125,1967,"Comedy, Drama, Musical, Romance",13646,1968-04-11,"Jacques Demy",,
484,tt0062480,2018-08-19,2018-08-19,,"Weekend","Week end",https://www.imdb.com/title/tt0062480/,Movie,6.9,105,1967,"Adventure, Comedy, Drama",16656,1968-09-27,"Jean-Luc Godard",,
485,tt0062229,2018-08-19,2018-08-19,,"Le Samouraï","Le samouraï",https://www.imdb.com/title/tt0062229/,Movie,8.0,101,1967,"Crime, Drama, Thriller",65510,1967-10-25,"Jean-Pierre Melville",,
486,tt0127354,2018-08-19,2018-08-19,,"Wavelength","Wavelength",https://www.imdb.com/title/tt0127354/,Movie,5.3,45,1967,"Drama",3370,1967-03-17,"Michael Snow",,
487,tt0060802,2018-08-19,2018-08-19,,"Closely Watched Trains","Ostre sledované vlaky",https://www.imdb.com/title/tt0060802/,Movie,7.6,92,1966,"Comedy, Drama, Romance, War",14976,1966-11-18,"Jirí Menzel",,
488,tt0062352,2018-08-19,2018-08-19,,"Entranced Earth","Terra em Transe",https://www.imdb.com/title/tt0062352/,Movie,7.3,108,1967,"Drama",3976,1967-05-02,"Glauber Rocha",,
489,tt0061811,2018-08-19,2018-08-19,,"In the Heat of the Night","In the Heat of the Night",https://www.imdb.com/title/tt0061811/,Movie,7.9,110,1967,"Drama, Mystery, Thriller",90760,1967-08-02,"Norman Jewison",,
490,tt0063278,2018-08-19,2018-08-19,,"Marketa Lazarová","Marketa Lazarová",https://www.imdb.com/title/tt0063278/,Movie,7.8,162,1967,"Drama, History, Romance",6643,1967-11-24,"František Vláčil",,
491,tt0061781,2018-08-19,2018-08-19,,"The Firemen's Ball","Horí, má panenko",https://www.imdb.com/title/tt0061781/,Movie,7.3,73,1967,"Comedy, Drama",13297,1968-09-29,"Milos Forman",,
492,tt0061852,2018-08-19,2018-08-19,,"The Jungle Book","The Jungle Book",https://www.imdb.com/title/tt0061852/,Movie,7.6,78,1967,"Animation, Adventure, Comedy, Family, Musical",212528,1967-10-18,"Wolfgang Reitherman",,
493,tt0061418,2018-08-19,2018-08-19,,"Bonnie and Clyde","Bonnie and Clyde",https://www.imdb.com/title/tt0061418/,Movie,7.7,111,1967,"Action, Biography, Crime, Drama",127803,1967-08-14,"Arthur Penn",,
494,tt0062453,2018-08-19,2018-08-19,,"Viy","Viy",https://www.imdb.com/title/tt0062453/,Movie,7.1,77,1967,"Drama, Fantasy, Horror",11620,1967-11-27,"Aleksandr Ptushko, Konstantin Ershov, Georgiy Kropachyov",,
495,tt0061770,2018-08-19,2018-08-19,,"Hombre","Hombre",https://www.imdb.com/title/tt0061770/,Movie,7.4,111,1967,"Drama, Western",15679,1967-03-21,"Martin Ritt",,
496,tt0064356,2018-08-19,2018-08-19,,"The Cow","Gaav",https://www.imdb.com/title/tt0064356/,Movie,7.8,104,1969,"Drama",8680,1974-12,"Dariush Mehrjui",,
497,tt0064116,2018-08-19,2018-08-19,,"Once Upon a Time in the West","C'era una volta il West",https://www.imdb.com/title/tt0064116/,Movie,8.5,145,1968,"Drama, Western",382950,1969-07-04,"Sergio Leone",8,2011-09-03
498,tt0062952,2018-08-19,2018-08-19,,"Faces","Faces",https://www.imdb.com/title/tt0062952/,Movie,7.4,130,1968,"Drama",12708,1968-10-17,"John Cassavetes",,
499,tt0063442,2018-08-19,2018-08-19,,"Planet of the Apes","Planet of the Apes",https://www.imdb.com/title/tt0063442/,Movie,8.0,112,1968,"Adventure, Sci-Fi",210164,1968-04-03,"Franklin J. Schaffner",,
500,tt0063522,2018-08-19,2018-08-19,,"Rosemary's Baby","Rosemary's Baby",https://www.imdb.com/title/tt0063522/,Movie,8.0,137,1968,"Drama, Horror",256979,1968-06-12,"Roman Polanski",,
501,tt0063850,2018-08-19,2018-08-19,,"If....","If....",https://www.imdb.com/title/tt0063850/,Movie,7.4,111,1968,"Crime, Drama",26439,1969-05-21,"Lindsay Anderson",,
502,tt0062864,2018-08-19,2018-08-19,,"David Holzman's Diary","David Holzman's Diary",https://www.imdb.com/title/tt0062864/,Movie,6.5,74,1967,"Comedy, Drama",2009,1975-01-29,"Jim McBride",,
503,tt0063291,2018-08-19,2018-08-19,,"Memories of Underdevelopment","Memorias del subdesarrollo",https://www.imdb.com/title/tt0063291/,Movie,7.6,97,1968,"Drama",5351,1973-05-17,"Tomás Gutiérrez Alea",,
504,tt0064429,2018-08-19,2018-08-19,,"High School","High School",https://www.imdb.com/title/tt0064429/,Movie,7.5,75,1968,"Documentary",2600,1968-11-13,"Frederick Wiseman",,
505,tt0063759,2018-08-19,2018-08-19,,"Hour of the Wolf","Vargtimmen",https://www.imdb.com/title/tt0063759/,Movie,7.5,88,1968,"Drama, Horror, Mystery",24830,1968-04-09,"Ingmar Bergman",,
506,tt0062622,2018-08-19,2018-08-19,,"2001: A Space Odyssey","2001: A Space Odyssey",https://www.imdb.com/title/tt0062622/,Movie,8.3,149,1968,"Adventure, Sci-Fi",779935,1968-05-12,"Stanley Kubrick",,
507,tt0063350,2018-08-19,2018-08-19,,"Night of the Living Dead","Night of the Living Dead",https://www.imdb.com/title/tt0063350/,Movie,7.8,96,1968,"Horror, Thriller",150432,1968-10-04,"George A. Romero",,
508,tt0063671,2018-08-19,2018-08-19,,"Targets","Targets",https://www.imdb.com/title/tt0063671/,Movie,7.3,90,1968,"Crime, Drama, Thriller",13541,1968-08-15,"Peter Bogdanovich",,
509,tt0063611,2018-08-19,2018-08-19,,"Shame","Skammen",https://www.imdb.com/title/tt0063611/,Movie,8.0,103,1968,"Drama",16364,1968-12-23,"Ingmar Bergman",,
510,tt0063462,2018-08-19,2018-08-19,,"The Producers","The Producers",https://www.imdb.com/title/tt0063462/,Movie,7.5,88,1967,"Comedy, Music",64737,1968-11-10,"Mel Brooks",,
511,tt0065234,2018-08-19,2018-08-19,,"Z","Z",https://www.imdb.com/title/tt0065234/,Movie,8.1,127,1969,"Crime, Drama, Thriller",33861,1969-12-08,"Costa-Gavras",,
512,tt0064940,2018-08-19,2018-08-19,,"Satyricon","Fellini - Satyricon",https://www.imdb.com/title/tt0064940/,Movie,6.8,129,1969,"Drama, Fantasy",18126,1970-03-11,"Federico Fellini",,
513,tt0060107,2018-08-19,2018-08-19,,"Andrei Rublev","Andrey Rublyov",https://www.imdb.com/title/tt0060107/,Movie,8.0,189,1966,"Biography, Drama, History",60359,1969-12,"Andrei Tarkovsky",,
514,tt0063555,2018-08-19,2018-08-19,,"The Color of Pomegranates","Sayat Nova",https://www.imdb.com/title/tt0063555/,Movie,7.5,79,1969,"Biography, Drama, History, Music",16417,1982-01-27,"Sergei Parajanov",,
515,tt0064665,2018-08-19,2018-08-19,,"Midnight Cowboy","Midnight Cowboy",https://www.imdb.com/title/tt0064665/,Movie,7.8,113,1969,"Drama",131215,1969-05-25,"John Schlesinger",,
516,tt0064115,2018-08-19,2018-08-19,,"Butch Cassidy and the Sundance Kid","Butch Cassidy and the Sundance Kid",https://www.imdb.com/title/tt0064115/,Movie,8.0,110,1969,"Adventure, Biography, Crime, Drama, Western",238799,1969-09-24,"George Roy Hill",,
517,tt0064451,2018-08-19,2018-08-19,,"A Touch of Zen","Xia nü",https://www.imdb.com/title/tt0064451/,Movie,7.5,200,1971,"Action, Adventure, Drama, Thriller",8175,1971-11-18,"King Hu",,
518,tt0064276,2018-08-19,2018-08-19,,"Easy Rider","Easy Rider",https://www.imdb.com/title/tt0064276/,Movie,7.2,95,1969,"Adventure, Drama",123264,1969-06-26,"Dennis Hopper",,
519,tt0064541,2018-08-19,2018-08-19,,"Kes","Kes",https://www.imdb.com/title/tt0064541/,Movie,7.9,111,1969,"Drama, Family",25682,1970-04-03,"Ken Loach",,
520,tt0064609,2018-08-19,2018-08-19,,"Lucia","Lucía",https://www.imdb.com/title/tt0064609/,Movie,7.1,160,1968,"Drama",1339,1968-10,"Humberto Solás",,
521,tt0064482,2018-08-19,2018-08-19,,"In the Year of the Pig","In the Year of the Pig",https://www.imdb.com/title/tt0064482/,Movie,7.4,103,1968,"Documentary, History, War",2060,1969-02-26,"Emile de Antonio",,
522,tt0065214,2018-08-19,2018-08-19,,"The Wild Bunch","The Wild Bunch",https://www.imdb.com/title/tt0065214/,Movie,7.9,135,1969,"Action, Adventure, Drama, Western",95152,1969-06-19,"Sam Peckinpah",,
523,tt0064612,2018-08-19,2018-08-19,,"My Night at Maud's","Ma nuit chez Maud",https://www.imdb.com/title/tt0064612/,Movie,7.8,105,1969,"Comedy, Drama, Romance",15962,1970-03-22,"Éric Rohmer",,
524,tt0066491,2018-08-19,2018-08-19,,"Tristana","Tristana",https://www.imdb.com/title/tt0066491/,Movie,7.4,99,1970,"Drama",13768,1970-03-29,"Luis Buñuel",,
525,tt0065571,2018-08-19,2018-08-19,,"The Conformist","Il conformista",https://www.imdb.com/title/tt0065571/,Movie,7.9,113,1970,"Drama",38752,1971-03-21,"Bernardo Bertolucci",,
526,tt0064106,2018-08-19,2018-08-19,,"The Butcher","Le boucher",https://www.imdb.com/title/tt0064106/,Movie,7.3,93,1970,"Drama, Mystery, Thriller",10235,1971-12-19,"Claude Chabrol",,
527,tt0067866,2018-08-19,2018-08-19,,"El Topo","El Topo",https://www.imdb.com/title/tt0067866/,Movie,7.2,125,1970,"Drama, Western",33232,1971-04-15,"Alejandro Jodorowsky",,
528,tt0065724,2018-08-19,2018-08-19,,"Five Easy Pieces","Five Easy Pieces",https://www.imdb.com/title/tt0065724/,Movie,7.4,98,1970,"Drama",44201,1970-09-12,"Bob Rafelson",,
529,tt0066122,2018-08-19,2018-08-19,,"Deep End","Deep End",https://www.imdb.com/title/tt0066122/,Movie,7.1,88,1970,"Comedy, Drama, Romance",8620,1971-03-18,"Jerzy Skolimowski",,
530,tt0066413,2018-08-19,2018-08-19,,"The Spider's Stratagem","Strategia del ragno",https://www.imdb.com/title/tt0066413/,Movie,6.8,100,1970,"Drama, Mystery",3419,1973-03-27,"Bernardo Bertolucci",,
531,tt0066498,2018-08-19,2018-08-19,,"The Ear","Ucho",https://www.imdb.com/title/tt0066498/,Movie,7.6,94,1970,"Drama, Thriller",3727,1990-10-18,"Karel Kachyna",,
532,tt0065988,2018-08-19,2018-08-19,,"Little Big Man","Little Big Man",https://www.imdb.com/title/tt0065988/,Movie,7.5,139,1970,"Adventure, Comedy, Drama, Western",40242,1970-12-23,"Arthur Penn",,
533,tt0066206,2018-08-19,2018-08-19,,"Patton","Patton",https://www.imdb.com/title/tt0066206/,Movie,7.9,172,1970,"Biography, Drama, War",114193,1970-04-02,"Franklin J. Schaffner",8,2014-01-30
534,tt0065143,2018-08-19,2018-08-19,,"The Bird with the Crystal Plumage","L'uccello dalle piume di cristallo",https://www.imdb.com/title/tt0065143/,Movie,7.1,96,1970,"Drama, Horror, Mystery, Thriller",26997,1970-06-12,"Dario Argento",,
535,tt0066026,2018-08-19,2018-08-19,,"M*A*S*H","MASH",https://www.imdb.com/title/tt0066026/,Movie,7.3,116,1970,"Comedy, Drama, War",82452,1970-03-18,"Robert Altman",,
536,tt0066601,2018-08-19,2018-08-19,,"Zabriskie Point","Zabriskie Point",https://www.imdb.com/title/tt0066601/,Movie,6.9,113,1970,"Drama",18213,1970-03-26,"Michelangelo Antonioni",,
537,tt0066214,2018-08-19,2018-08-19,,"Performance","Performance",https://www.imdb.com/title/tt0066214/,Movie,6.7,105,1970,"Crime, Drama",12176,1970-09-04,"Donald Cammell, Nicolas Roeg",,
538,tt0066580,2018-08-19,2018-08-19,,"Woodstock","Woodstock",https://www.imdb.com/title/tt0066580/,Movie,8.1,184,1970,"Documentary, History, Music",19418,1970-03-26,"Michael Wadleigh",,
539,tt0065780,2018-08-19,2018-08-19,,"Gimme Shelter","Gimme Shelter",https://www.imdb.com/title/tt0065780/,Movie,7.8,91,1970,"Documentary, Music, Thriller",13761,1971-05-13,"Albert Maysles, David Maysles, Charlotte Zwerin",,
540,tt0065777,2018-08-19,2018-08-19,,"The Garden of the Finzi-Continis","Il giardino dei Finzi Contini",https://www.imdb.com/title/tt0065777/,Movie,7.2,94,1970,"Drama, History, War",8378,1971-12-16,"Vittorio De Sica",,
541,tt0066999,2018-08-19,2018-08-19,,"Dirty Harry","Dirty Harry",https://www.imdb.com/title/tt0066999/,Movie,7.7,102,1971,"Action, Crime, Thriller",180281,1971-12-23,"Don Siegel, Clint Eastwood",,
542,tt0066921,2018-08-19,2018-08-19,,"A Clockwork Orange","A Clockwork Orange",https://www.imdb.com/title/tt0066921/,Movie,8.2,136,1971,"Crime, Sci-Fi",934192,1972-02-02,"Stanley Kubrick",10,2015-11-08
543,tt0067411,2018-08-19,2018-08-19,,"McCabe & Mrs. Miller","McCabe & Mrs. Miller",https://www.imdb.com/title/tt0067411/,Movie,7.6,120,1971,"Drama, Western",30288,1971-07-08,"Robert Altman",,
544,tt0066904,2018-08-19,2018-08-19,,"The Sorrow and the Pity","Le Chagrin et la Pitié",https://www.imdb.com/title/tt0066904/,Movie,8.1,251,1969,"Documentary, History, War",4474,1972-03-25,"Marcel Ophüls",,
545,tt0067992,2018-08-19,2018-08-19,,"Willy Wonka & the Chocolate Factory","Willy Wonka & the Chocolate Factory",https://www.imdb.com/title/tt0067992/,Movie,7.8,100,1971,"Adventure, Comedy, Family, Fantasy, Musical",244263,1971-06-30,"Mel Stuart",,
546,tt0066993,2018-08-19,2018-08-19,,"The Devils","The Devils",https://www.imdb.com/title/tt0066993/,Movie,7.7,111,1971,"Biography, Drama, History",21131,1971-07-16,"Ken Russell",,
547,tt0067204,2018-08-19,2018-08-19,,"The Hired Hand","The Hired Hand",https://www.imdb.com/title/tt0067204/,Movie,6.9,90,1971,"Drama, Western",4124,1971-07-17,"Peter Fonda",,
548,tt0067958,2018-08-19,2018-08-19,,"WR: Mysteries of the Organism","W.R. - Misterije organizma",https://www.imdb.com/title/tt0067958/,Movie,6.6,84,1971,"Comedy, Drama, Fantasy",5785,1971-05-10,"Dusan Makavejev",,
549,tt0067959,2018-08-19,2018-08-19,,"Walkabout","Walkabout",https://www.imdb.com/title/tt0067959/,Movie,7.6,100,1971,"Adventure, Drama",29555,1971-07-01,"Nicolas Roeg",,
550,tt0067309,2018-08-19,2018-08-19,,"Klute","Klute",https://www.imdb.com/title/tt0067309/,Movie,7.1,114,1971,"Crime, Mystery, Thriller",33521,1971-06-25,"Alan J. Pakula",,
551,tt0067185,2018-08-19,2018-08-19,,"Harold and Maude","Harold and Maude",https://www.imdb.com/title/tt0067185/,Movie,7.8,91,1971,"Comedy, Drama, Romance",85997,1971-12-20,"Hal Ashby",,
552,tt0067116,2018-08-19,2018-08-19,,"The French Connection","The French Connection",https://www.imdb.com/title/tt0067116/,Movie,7.7,104,1971,"Action, Crime, Drama, Thriller",149959,1971-10-09,"William Friedkin",,
553,tt0067467,2018-08-19,2018-08-19,,"Red Psalm","Még kér a nép",https://www.imdb.com/title/tt0067467/,Movie,6.7,87,1972,"Drama, Musical, War",2179,1972-03-09,"Miklós Jancsó",,
554,tt0067128,2018-08-19,2018-08-19,,"Get Carter","Get Carter",https://www.imdb.com/title/tt0067128/,Movie,7.3,112,1971,"Crime, Thriller",39676,1971-03-18,"Mike Hodges",,
555,tt0067741,2018-08-19,2018-08-19,,"Shaft","Shaft",https://www.imdb.com/title/tt0067741/,Movie,6.6,100,1971,"Action, Crime, Thriller",22917,1971-07-02,"Gordon Parks",,
556,tt0067810,2018-08-19,2018-08-19,,"Sweet Sweetback's Baadasssss Song","Sweet Sweetback's Baadasssss Song",https://www.imdb.com/title/tt0067810/,Movie,5.5,97,1971,"Crime, Drama, Thriller",6359,1973-03-22,"Melvin Van Peebles",,
557,tt0067328,2018-08-19,2018-08-19,,"The Last Picture Show","The Last Picture Show",https://www.imdb.com/title/tt0067328/,Movie,8.0,118,1971,"Drama, Romance",56720,1971-10-22,"Peter Bogdanovich",,
558,tt0067961,2018-08-19,2018-08-19,,"Wanda","Wanda",https://www.imdb.com/title/tt0067961/,Movie,7.1,102,1970,"Crime, Drama",6891,1971-01-14,"Barbara Loden",,
559,tt0067778,2018-08-19,2018-08-19,,"Murmur of the Heart","Le souffle au coeur",https://www.imdb.com/title/tt0067778/,Movie,7.5,118,1971,"Comedy, Drama",11595,1971-10-17,"Louis Malle",,
560,tt0067800,2018-08-19,2018-08-19,,"Straw Dogs","Straw Dogs",https://www.imdb.com/title/tt0067800/,Movie,7.4,113,1971,"Crime, Drama, Thriller",68099,1971-12-22,"Sam Peckinpah",8,2010-05-09
561,tt0067893,2018-08-19,2018-08-19,,"Two-Lane Blacktop","Two-Lane Blacktop",https://www.imdb.com/title/tt0067893/,Movie,7.2,102,1971,"Drama",14394,1971-07-23,"Monte Hellman",,
562,tt0067541,2018-08-19,2018-08-19,,"Wake in Fright","Wake in Fright",https://www.imdb.com/title/tt0067541/,Movie,7.5,109,1971,"Drama, Thriller",16053,1971-10-09,"Ted Kotcheff",,
563,tt0068473,2018-08-19,2018-08-19,,"Deliverance","Deliverance",https://www.imdb.com/title/tt0068473/,Movie,7.6,109,1972,"Adventure, Drama, Thriller",128424,1972-08-18,"John Boorman",,
564,tt0068182,2018-08-19,2018-08-19,,"Aguirre, the Wrath of God","Aguirre, der Zorn Gottes",https://www.imdb.com/title/tt0068182/,Movie,7.8,95,1972,"Action, Adventure, Biography, Drama, History",67616,1977-04-03,"Werner Herzog",,
565,tt0068327,2018-08-19,2018-08-19,,"Cabaret","Cabaret",https://www.imdb.com/title/tt0068327/,Movie,7.8,124,1972,"Drama, Music, Musical, Romance",64395,1972-02-13,"Bob Fosse",,
566,tt0069293,2018-08-19,2018-08-19,,"Solaris","Solyaris",https://www.imdb.com/title/tt0069293/,Movie,7.9,167,1972,"Adventure, Drama, Mystery, Sci-Fi",104853,1972-09-26,"Andrei Tarkovsky",,
567,tt0069467,2018-08-19,2018-08-19,,"Cries & Whispers","Viskningar och rop",https://www.imdb.com/title/tt0069467/,Movie,7.9,92,1972,"Drama",39637,1973-03-05,"Ingmar Bergman",,
568,tt0068361,2018-08-19,2018-08-19,,"The Discreet Charm of the Bourgeoisie","Le Charme discret de la bourgeoisie",https://www.imdb.com/title/tt0068361/,Movie,7.7,102,1972,"Comedy, Drama, Fantasy",50389,1972-10-22,"Luis Buñuel",,
569,tt0068646,2018-08-19,2018-08-19,,"The Godfather","The Godfather",https://www.imdb.com/title/tt0068646/,Movie,9.2,175,1972,"Crime, Drama",2216343,1972-03-24,"Francis Ford Coppola",9,2008-01-02
570,tt0070849,2018-08-19,2018-08-19,,"Last Tango in Paris","Ultimo tango a Parigi",https://www.imdb.com/title/tt0070849/,Movie,6.8,129,1972,"Drama, Romance",62410,1973-02-07,"Bernardo Bertolucci",,
571,tt0068278,2018-08-19,2018-08-19,,"The Bitter Tears of Petra von Kant","Die bitteren Tränen der Petra von Kant",https://www.imdb.com/title/tt0068278/,Movie,7.5,124,1972,"Drama, Romance",12376,1972-10-05,"Rainer Werner Fassbinder",,
572,tt0068575,2018-08-19,2018-08-19,,"Fat City","Fat City",https://www.imdb.com/title/tt0068575/,Movie,7.2,96,1972,"Drama, Sport",11575,1972-07-26,"John Huston",,
573,tt0068687,2018-08-19,2018-08-19,,"The Heartbreak Kid","The Heartbreak Kid",https://www.imdb.com/title/tt0068687/,Movie,7.0,106,1972,"Comedy, Drama, Romance",6520,1972-12-22,"Elaine May",,
574,tt0068611,2018-08-19,2018-08-19,,"Frenzy","Frenzy",https://www.imdb.com/title/tt0068611/,Movie,7.4,116,1972,"Drama, Thriller",53210,1972-06-21,"Alfred Hitchcock",7,2013-01-06
575,tt0069089,2018-08-19,2018-08-19,,"Pink Flamingos","Pink Flamingos",https://www.imdb.com/title/tt0069089/,Movie,6.0,93,1972,"Comedy, Crime",30733,1976-03-31,"John Waters",,
576,tt0069281,2018-08-19,2018-08-19,,"Sleuth","Sleuth",https://www.imdb.com/title/tt0069281/,Movie,7.9,138,1972,"Mystery, Thriller",52739,1972-12-11,"Joseph L. Mankiewicz",,
577,tt0069332,2018-08-19,2018-08-19,,"Super Fly","Super Fly",https://www.imdb.com/title/tt0069332/,Movie,6.4,91,1972,"Action, Crime, Drama, Music, Thriller",9303,1972-08-04,"Gordon Parks Jr.",,
578,tt0070735,2018-08-19,2018-08-19,,"The Sting","The Sting",https://www.imdb.com/title/tt0070735/,Movie,8.2,129,1973,"Comedy, Crime, Drama",299503,1973-12-25,"George Roy Hill",,
579,tt0070359,2018-08-19,2018-08-19,,"The Mother and the Whore","La maman et la putain",https://www.imdb.com/title/tt0070359/,Movie,7.7,210,1973,"Drama, Romance",7657,1973-05-17,"Jean Eustache",,
580,tt0068699,2018-08-19,2018-08-19,,"High Plains Drifter","High Plains Drifter",https://www.imdb.com/title/tt0068699/,Movie,7.4,105,1973,"Drama, Western",72745,1973-04-07,"Clint Eastwood",,
581,tt0069762,2018-08-19,2018-08-19,,"Badlands","Badlands",https://www.imdb.com/title/tt0069762/,Movie,7.7,94,1973,"Action, Crime, Drama",84019,1974-01-05,"Terrence Malick",,
582,tt0069704,2018-08-19,2018-08-19,,"American Graffiti","American Graffiti",https://www.imdb.com/title/tt0069704/,Movie,7.4,110,1973,"Comedy, Drama",105096,1973-08-11,"George Lucas",,
583,tt0070511,2018-08-19,2018-08-19,,"Papillon","Papillon",https://www.imdb.com/title/tt0070511/,Movie,8.0,151,1973,"Biography, Crime, Drama",145604,1973-12-19,"Franklin J. Schaffner",8,2014-11-12
584,tt0070334,2018-08-19,2018-08-19,,"The Long Goodbye","The Long Goodbye",https://www.imdb.com/title/tt0070334/,Movie,7.5,112,1973,"Comedy, Crime, Drama, Mystery, Thriller",43591,1973-03-08,"Robert Altman",,
585,tt0070917,2018-08-19,2018-08-19,,"The Wicker Man","The Wicker Man",https://www.imdb.com/title/tt0070917/,Movie,7.5,88,1973,"Horror, Mystery, Thriller",105047,1974-08-07,"Robin Hardy",,
586,tt0070034,2018-08-19,2018-08-19,,"Enter the Dragon","Enter the Dragon",https://www.imdb.com/title/tt0070034/,Movie,7.6,99,1973,"Action, Crime, Thriller",119930,1973-08-19,"Robert Clouse",,
587,tt0070666,2018-08-19,2018-08-19,,"Serpico","Serpico",https://www.imdb.com/title/tt0070666/,Movie,7.7,130,1973,"Biography, Crime, Drama, Thriller",146090,1973-12-05,"Sidney Lumet",,
588,tt0069995,2018-08-19,2018-08-19,,"Don't Look Now","Don't Look Now",https://www.imdb.com/title/tt0069995/,Movie,7.1,110,1973,"Drama, Horror, Mystery, Thriller",68282,1974-01,"Nicolas Roeg",,
589,tt0070460,2018-08-19,2018-08-19,,"Day for Night","La nuit américaine",https://www.imdb.com/title/tt0070460/,Movie,8.0,116,1973,"Comedy, Drama, Romance",26285,1973-09-07,"François Truffaut",,
590,tt0070379,2018-08-19,2018-08-19,,"Mean Streets","Mean Streets",https://www.imdb.com/title/tt0070379/,Movie,7.2,112,1973,"Crime, Drama, Thriller",127709,1973-10-14,"Martin Scorsese",7,2014-12-19
591,tt0070707,2018-08-19,2018-08-19,,"Sleeper","Sleeper",https://www.imdb.com/title/tt0070707/,Movie,7.1,89,1973,"Comedy, Sci-Fi",46556,1973-12-17,"Woody Allen",,
592,tt0070047,2018-08-19,2018-08-19,,"The Exorcist","The Exorcist",https://www.imdb.com/title/tt0070047/,Movie,8.1,122,1973,"Horror",496831,1973-12-26,"William Friedkin",8,2016-11-01
593,tt0072962,2018-08-19,2018-08-19,,"F for Fake","F for Fake",https://www.imdb.com/title/tt0072962/,Movie,7.7,89,1973,"Documentary",19625,1975-03-12,"Orson Welles, Gary Graver, Oja Kodar, François Reichenbach",,
594,tt0070518,2018-08-19,2018-08-19,,"Pat Garrett & Billy the Kid","Pat Garrett and Billy the Kid",https://www.imdb.com/title/tt0070518/,Movie,7.2,122,1973,"Biography, Drama, Western",23141,1973-05-23,"Sam Peckinpah",,
595,tt0070842,2018-08-19,2018-08-19,,"Turkish Delight","Turks fruit",https://www.imdb.com/title/tt0070842/,Movie,7.1,108,1973,"Drama, Romance",12718,1974-09-27,"Paul Verhoeven",,
596,tt0070040,2018-08-19,2018-08-19,,"The Spirit of the Beehive","El espíritu de la colmena",https://www.imdb.com/title/tt0070040/,Movie,7.7,98,1973,"Drama, Fantasy",22568,1975-03-14,"Víctor Erice",,
597,tt0070155,2018-08-19,2018-08-19,,"The Harder They Come","The Harder They Come",https://www.imdb.com/title/tt0070155/,Movie,6.8,120,1972,"Crime, Drama, Music",7591,1976-04-14,"Perry Henzell",,
598,tt0070544,2018-08-19,2018-08-19,,"Fantastic Planet","La planète sauvage",https://www.imdb.com/title/tt0070544/,Movie,7.6,72,1973,"Animation, Sci-Fi",42030,1973-12-01,"René Laloux",,
599,tt0071129,2018-08-19,2018-08-19,,"Amarcord","Amarcord",https://www.imdb.com/title/tt0071129/,Movie,7.8,123,1973,"Comedy, Drama",51303,1974-09-19,"Federico Fellini",,
600,tt0072308,2018-08-19,2018-08-19,,"The Towering Inferno","The Towering Inferno",https://www.imdb.com/title/tt0072308/,Movie,7.0,165,1974,"Action, Drama, Thriller",52385,1974-12-14,"John Guillermin",,
601,tt0071249,2018-08-19,2018-08-19,,"Bring Me the Head of Alfredo Garcia","Bring Me the Head of Alfredo Garcia",https://www.imdb.com/title/tt0071249/,Movie,7.4,112,1974,"Action, Crime, Drama, Thriller, Western",23242,1974-08-07,"Sam Peckinpah",,
602,tt0071411,2018-08-19,2018-08-19,,"Dersu Uzala","Dersu Uzala",https://www.imdb.com/title/tt0071411/,Movie,8.2,142,1975,"Adventure, Biography, Drama",36243,1977-12-20,"Akira Kurosawa",,
603,tt0071562,2018-08-19,2018-08-19,,"The Godfather Part II","The Godfather Part II",https://www.imdb.com/title/tt0071562/,Movie,9.0,202,1974,"Crime, Drama",1489183,1974-12-18,"Francis Ford Coppola",9,2008-01-10
604,tt0071360,2018-08-19,2018-08-19,,"The Conversation","The Conversation",https://www.imdb.com/title/tt0071360/,Movie,7.7,113,1974,"Drama, Mystery, Thriller",136359,1974-04-12,"Francis Ford Coppola",7,2014-07-01
605,tt0072443,2018-08-19,2018-08-19,,"Mirror","Zerkalo",https://www.imdb.com/title/tt0072443/,Movie,7.9,107,1975,"Biography, Drama",57346,1975-03-07,"Andrei Tarkovsky",,
606,tt0071315,2018-08-19,2018-08-19,,"Chinatown","Chinatown",https://www.imdb.com/title/tt0071315/,Movie,8.1,130,1974,"Drama, Mystery, Thriller",375901,1974-06-20,"Roman Polanski",8,2008-03-11
607,tt0072417,2018-08-19,2018-08-19,,"A Woman Under the Influence","A Woman Under the Influence",https://www.imdb.com/title/tt0072417/,Movie,8.0,155,1974,"Drama, Romance",33052,1974-11-18,"John Cassavetes",,
608,tt0072431,2018-08-19,2018-08-19,,"Young Frankenstein","Young Frankenstein",https://www.imdb.com/title/tt0072431/,Movie,8.0,106,1974,"Comedy",180782,1974-12-15,"Mel Brooks",,
609,tt0072271,2018-08-19,2018-08-19,,"The Texas Chain Saw Massacre","The Texas Chain Saw Massacre",https://www.imdb.com/title/tt0072271/,Movie,7.4,83,1974,"Horror",210909,1974-10-11,"Tobe Hooper",,
610,tt0071230,2018-08-19,2018-08-19,,"Blazing Saddles","Blazing Saddles",https://www.imdb.com/title/tt0071230/,Movie,7.7,93,1974,"Comedy, Western",164072,1974-02-07,"Mel Brooks",,
611,tt0071381,2018-08-19,2018-08-19,,"Celine and Julie Go Boating","Céline et Julie vont en bateau : Phantom Ladies Over Paris",https://www.imdb.com/title/tt0071381/,Movie,7.2,193,1974,"Comedy, Drama, Fantasy, Mystery",7032,1974-09-18,"Jacques Rivette",,
612,tt0071141,2018-08-19,2018-08-19,,"Fear Eats the Soul","Angst essen Seele auf",https://www.imdb.com/title/tt0071141/,Movie,8.0,93,1974,"Drama, Romance",25885,1974-10-31,"Rainer Werner Fassbinder",,
613,tt0072684,2018-08-19,2018-08-19,,"Barry Lyndon","Barry Lyndon",https://www.imdb.com/title/tt0072684/,Movie,8.1,185,1975,"Adventure, Drama, War",203542,1975-12-18,"Stanley Kubrick",9,2007-08-22
614,tt0073629,2018-08-19,2018-08-19,,"The Rocky Horror Picture Show","The Rocky Horror Picture Show",https://www.imdb.com/title/tt0073629/,Movie,7.4,100,1975,"Comedy, Horror, Musical",182936,1975-09-29,"Jim Sharman",,
615,tt0073198,2018-08-19,2018-08-19,,"Jeanne Dielman, 23, quai du Commerce, 1080 Bruxelles","Jeanne Dielman, 23, quai du Commerce, 1080 Bruxelles",https://www.imdb.com/title/tt0073198/,Movie,7.5,202,1975,"Drama",17333,1976-01-21,"Chantal Akerman",,
616,tt0073800,2018-08-19,2018-08-19,,"The Travelling Players","O thiasos",https://www.imdb.com/title/tt0073800/,Movie,7.8,230,1975,"Drama, History, Music, War",4786,1975-10-13,"Theodoros Angelopoulos",,
617,tt0071853,2018-08-19,2018-08-19,,"Monty Python and the Holy Grail","Monty Python and the Holy Grail",https://www.imdb.com/title/tt0071853/,Movie,8.2,91,1975,"Adventure, Comedy, Fantasy",601977,1975-07-18,"Terry Gilliam, Terry Jones",7,2008-03-24
618,tt0072860,2018-08-19,2018-08-19,,"Deewaar","Deewaar",https://www.imdb.com/title/tt0072860/,Movie,8.0,174,1975,"Action, Crime, Drama, Thriller",12965,1979-05,"Yash Chopra",,
619,tt0072890,2018-08-19,2018-08-19,,"Dog Day Afternoon","Dog Day Afternoon",https://www.imdb.com/title/tt0072890/,Movie,8.0,125,1975,"Biography, Crime, Drama, Thriller",291335,1975-12-25,"Sidney Lumet",7,2012-07-20
620,tt0073486,2018-08-19,2018-08-19,,"One Flew Over the Cuckoo's Nest","One Flew Over the Cuckoo's Nest",https://www.imdb.com/title/tt0073486/,Movie,8.6,133,1975,"Drama",1153497,1975-11-21,"Milos Forman",9,2012-10-05
621,tt0073363,2018-08-19,2018-08-19,,"Manila in the Claws of Light","Maynila sa mga kuko ng liwanag",https://www.imdb.com/title/tt0073363/,Movie,7.8,125,1975,"Drama, Mystery",3186,1975-07-16,"Lino Brocka",,
622,tt0072976,2018-08-19,2018-08-19,,"Fox and His Friends","Faustrecht der Freiheit",https://www.imdb.com/title/tt0072976/,Movie,7.5,124,1975,"Crime, Drama, Romance",7533,1976-02-02,"Rainer Werner Fassbinder",,
623,tt0073440,2018-08-19,2018-08-19,,"Nashville","Nashville",https://www.imdb.com/title/tt0073440/,Movie,7.6,160,1975,"Comedy, Drama, Music",31327,1975-07,"Robert Altman",,
624,tt0073650,2018-08-19,2018-08-19,,"Salò, or the 120 Days of Sodom","Salò o le 120 giornate di Sodoma",https://www.imdb.com/title/tt0073650/,Movie,5.8,117,1975,"Drama",72319,1976-01-10,"Pier Paolo Pasolini",,
625,tt0074360,2018-08-19,2018-08-19,,"Cría Cuervos","Cría cuervos",https://www.imdb.com/title/tt0074360/,Movie,7.9,105,1976,"Drama",12275,1977-05-18,"Carlos Saura",,
626,tt0073540,2018-08-19,2018-08-19,,"Picnic at Hanging Rock","Picnic at Hanging Rock",https://www.imdb.com/title/tt0073540/,Movie,7.4,115,1975,"Drama, Mystery",45452,1979-02-02,"Peter Weir",,
627,tt0073166,2018-08-19,2018-08-19,,"India Song","India Song",https://www.imdb.com/title/tt0073166/,Movie,6.1,120,1975,"Drama, Fantasy, Romance",2911,1975-06-04,"Marguerite Duras",,
628,tt0073195,2018-08-19,2018-08-19,,"Jaws","Jaws",https://www.imdb.com/title/tt0073195/,Movie,8.1,124,1975,"Adventure, Horror, Thriller",733921,1975-06-20,"Steven Spielberg",,
629,tt0074851,2018-08-19,2018-08-19,,"The Man Who Fell to Earth","The Man Who Fell to Earth",https://www.imdb.com/title/tt0074851/,Movie,6.6,139,1976,"Drama, Sci-Fi",31074,1976-04-08,"Nicolas Roeg",,
630,tt0074119,2018-08-19,2018-08-19,,"All the President's Men","All the President's Men",https://www.imdb.com/title/tt0074119/,Movie,7.9,138,1976,"Drama, History, Thriller",137702,1976-04-09,"Alan J. Pakula",,
631,tt0075029,2018-08-19,2018-08-19,,"The Outlaw Josey Wales","The Outlaw Josey Wales",https://www.imdb.com/title/tt0075029/,Movie,7.8,135,1976,"Drama, Western",86419,1976-06-30,"Clint Eastwood",,
632,tt0074749,2018-08-19,2018-08-19,,"The Killing of a Chinese Bookie","The Killing of a Chinese Bookie",https://www.imdb.com/title/tt0074749/,Movie,7.2,135,1976,"Crime, Drama, Thriller",16259,1976-02-15,"John Cassavetes",,
633,tt0074958,2018-08-19,2018-08-19,,"Network","Network",https://www.imdb.com/title/tt0074958/,Movie,8.1,121,1976,"Drama",185791,1976-11-27,"Sidney Lumet",,
634,tt0074285,2018-08-19,2018-08-19,,"Carrie","Carrie",https://www.imdb.com/title/tt0074285/,Movie,7.4,98,1976,"Horror",227516,1976-11-16,"Brian De Palma",,
635,tt0075314,2018-08-19,2018-08-19,,"Taxi Driver","Taxi Driver",https://www.imdb.com/title/tt0075314/,Movie,8.2,114,1976,"Crime, Drama",1021581,1976-02-09,"Martin Scorsese",8,2011-12-01
636,tt0075148,2018-08-19,2018-08-19,,"Rocky","Rocky",https://www.imdb.com/title/tt0075148/,Movie,8.1,120,1976,"Drama, Sport",685654,1976-12-03,"John G. Avildsen",,
637,tt0074102,2018-08-19,2018-08-19,,"In the Realm of the Senses","Ai no korîda",https://www.imdb.com/title/tt0074102/,Movie,6.6,109,1976,"Drama, Romance",25031,1977-04-01,"Nagisa Ôshima",,
638,tt0074084,2018-08-19,2018-08-19,,"1900","Novecento",https://www.imdb.com/title/tt0074084/,Movie,7.6,317,1976,"Drama, History",28962,1977-11-04,"Bernardo Bertolucci",,
639,tt0075404,2018-08-19,2018-08-19,,"The Ascent","Voskhozhdenie",https://www.imdb.com/title/tt0075404/,Movie,8.2,111,1977,"Drama, War",12145,1977-04-02,"Larisa Shepitko",,
640,tt0075860,2018-08-19,2018-08-19,,"Close Encounters of the Third Kind","Close Encounters of the Third Kind",https://www.imdb.com/title/tt0075860/,Movie,7.6,138,1977,"Drama, Sci-Fi",232335,1977-12-14,"Steven Spielberg",,
641,tt0076299,2018-08-19,2018-08-19,,"The Last Wave","The Last Wave",https://www.imdb.com/title/tt0076299/,Movie,6.9,106,1977,"Drama, Fantasy, Mystery, Thriller",12310,1979-01-18,"Peter Weir",,
642,tt0076759,2018-08-19,2018-08-19,,"Star Wars: Episode IV - A New Hope","Star Wars",https://www.imdb.com/title/tt0076759/,Movie,8.6,121,1977,"Action, Adventure, Fantasy, Sci-Fi",1563528,1977-05-25,"George Lucas",7,2015-11-23
643,tt0075276,2018-08-19,2018-08-19,,"Stroszek","Stroszek",https://www.imdb.com/title/tt0075276/,Movie,7.7,115,1977,"Comedy, Drama",16455,1977-01-12,"Werner Herzog",,
644,tt0077309,2018-08-19,2018-08-19,,"Outsiders","Ceddo",https://www.imdb.com/title/tt0077309/,Movie,6.6,120,1977,"Drama",1309,1979-07-11,"Ousmane Sembene",,
645,tt0075675,2018-08-19,2018-08-19,,"The American Friend","Der amerikanische Freund",https://www.imdb.com/title/tt0075675/,Movie,7.4,128,1977,"Crime, Drama, Mystery, Thriller",21123,1977-09-28,"Wim Wenders",,
646,tt0075686,2018-08-19,2018-08-19,,"Annie Hall","Annie Hall",https://www.imdb.com/title/tt0075686/,Movie,7.9,93,1977,"Comedy, Romance",290624,1977-04-20,"Woody Allen",8,2007-12-13
647,tt0076786,2018-08-19,2018-08-19,,"Suspiria","Suspiria",https://www.imdb.com/title/tt0076786/,Movie,7.3,92,1977,"Horror",115836,1977-08-12,"Dario Argento",,
648,tt0076725,2018-08-19,2018-08-19,,"Sleeping Dogs","Sleeping Dogs",https://www.imdb.com/title/tt0076725/,Movie,6.3,107,1977,"Action, Drama, Thriller",1871,1978-07-13,"Roger Donaldson",,
649,tt0076293,2018-08-19,2018-08-19,,"Last Chants for a Slow Dance","Last Chants for a Slow Dance",https://www.imdb.com/title/tt0076293/,Movie,5.9,90,1977,"Drama",639,1977-08-31,"Jon Jost",,
650,tt0075902,2018-08-19,2018-08-19,,"Man of Marble","Czlowiek z marmuru",https://www.imdb.com/title/tt0075902/,Movie,7.7,160,1977,"Drama",5209,1977-02-25,"Andrzej Wajda",,
651,tt0076666,2018-08-19,2018-08-19,,"Saturday Night Fever","Saturday Night Fever",https://www.imdb.com/title/tt0076666/,Movie,6.8,118,1977,"Drama, Music",94324,1977-12-16,"John Badham",,
652,tt0076263,2018-08-19,2018-08-19,,"Killer of Sheep","Killer of Sheep",https://www.imdb.com/title/tt0076263/,Movie,7.2,80,1978,"Drama",8547,1978-11-14,"Charles Burnett",,
653,tt0074486,2018-08-19,2018-08-19,,"Eraserhead","Eraserhead",https://www.imdb.com/title/tt0074486/,Movie,7.2,89,1977,"Fantasy, Horror",142909,1978-02-03,"David Lynch",,
654,tt0076734,2018-08-19,2018-08-19,,"Soldier of Orange","Soldaat van Oranje",https://www.imdb.com/title/tt0076734/,Movie,7.6,165,1977,"Drama, Romance, Thriller, War",14781,1979-06-22,"Paul Verhoeven",,
655,tt0077681,2018-08-19,2018-08-19,,"The Hills Have Eyes","The Hills Have Eyes",https://www.imdb.com/title/tt0077681/,Movie,6.3,90,1977,"Horror, Thriller",42577,1977-07-22,"Wes Craven",,
656,tt0077405,2018-08-19,2018-08-19,,"Days of Heaven","Days of Heaven",https://www.imdb.com/title/tt0077405/,Movie,7.7,94,1978,"Drama, Romance",68506,1978-10-06,"Terrence Malick",7,2016-10-07
657,tt0077651,2018-08-19,2018-08-19,,"Halloween","Halloween",https://www.imdb.com/title/tt0077651/,Movie,7.7,91,1978,"Horror, Thriller",337721,1978-10-27,"John Carpenter",,
658,tt0077138,2018-08-19,2018-08-19,,"The Tree of Wooden Clogs","L'albero degli zoccoli",https://www.imdb.com/title/tt0077138/,Movie,7.8,186,1978,"Drama, History",9318,1979-06-01,"Ermanno Olmi",,
659,tt0077318,2018-08-19,2018-08-19,,"The Chant of Jimmie Blacksmith","The Chant of Jimmie Blacksmith",https://www.imdb.com/title/tt0077318/,Movie,7.3,108,1978,"Biography, Crime, Drama, History",2803,1978-06-22,"Fred Schepisi",,
660,tt0077416,2018-08-19,2018-08-19,,"The Deer Hunter","The Deer Hunter",https://www.imdb.com/title/tt0077416/,Movie,8.1,183,1978,"Drama, War",385846,1979-02-23,"Michael Cimino",7,2012-12-22
661,tt0077402,2018-08-19,2018-08-19,,"Dawn of the Dead","Dawn of the Dead",https://www.imdb.com/title/tt0077402/,Movie,7.8,127,1978,"Horror, Thriller",136219,1978-09-02,"George A. Romero",,
662,tt0078446,2018-08-19,2018-08-19,,"Up in Smoke","Up in Smoke",https://www.imdb.com/title/tt0078446/,Movie,6.9,86,1978,"Adventure, Comedy, Music",43338,1978-09-15,"Lou Adler, Tommy Chong",,
663,tt0077631,2018-08-19,2018-08-19,,"Grease","Grease",https://www.imdb.com/title/tt0077631/,Movie,7.2,110,1978,"Comedy, Musical, Romance",324913,1978-06-16,"Randal Kleiser",,
664,tt0078243,2018-08-19,2018-08-19,,"The 36th Chamber of Shaolin","Shao Lin san shi liu fang",https://www.imdb.com/title/tt0078243/,Movie,7.6,116,1978,"Action, Adventure, Drama",20359,1978,"Chia-Liang Liu",,
665,tt0077559,2018-08-19,2018-08-19,,"Five Deadly Venoms","Wu du",https://www.imdb.com/title/tt0077559/,Movie,7.0,101,1978,"Action, Drama, Fantasy, Mystery",8685,1978-08-12,"Cheh Chang",,
666,tt0079596,2018-08-19,2018-08-19,,"My Brilliant Career","My Brilliant Career",https://www.imdb.com/title/tt0079596/,Movie,7.1,100,1979,"Biography, Drama, Romance",5273,1979-08-17,"Gillian Armstrong",,
667,tt0079095,2018-08-19,2018-08-19,,"The Marriage of Maria Braun","Die Ehe der Maria Braun",https://www.imdb.com/title/tt0079095/,Movie,7.7,120,1979,"Drama, Romance",16187,1979-03-23,"Rainer Werner Fassbinder",,
668,tt0079641,2018-08-19,2018-08-19,,"Nosferatu the Vampyre","Nosferatu: Phantom der Nacht",https://www.imdb.com/title/tt0079641/,Movie,7.4,96,1979,"Drama, Horror",49102,1979-01-17,"Werner Herzog",,
669,tt0079944,2018-08-19,2018-08-19,,"Stalker","Stalker",https://www.imdb.com/title/tt0079944/,Movie,8.0,162,1979,"Drama, Sci-Fi",156265,1980-04-17,"Andrei Tarkovsky",,
670,tt0079470,2018-08-19,2018-08-19,,"Monty Python's Life of Brian","Monty Python's Life of Brian",https://www.imdb.com/title/tt0079470/,Movie,8.0,94,1979,"Comedy",434256,1979-08-17,"Terry Jones",,
671,tt0079781,2018-08-19,2018-08-19,,"Real Life","Real Life",https://www.imdb.com/title/tt0079781/,Movie,7.0,99,1979,"Comedy",4618,1979-03-23,"Albert Brooks",,
672,tt0078902,2018-08-19,2018-08-19,,"Breaking Away","Breaking Away",https://www.imdb.com/title/tt0078902/,Movie,7.7,101,1979,"Comedy, Drama, Sport",27447,1979-07-20,"Peter Yates",,
673,tt0078748,2018-08-19,2018-08-19,,"Alien","Alien",https://www.imdb.com/title/tt0078748/,Movie,8.5,117,1979,"Horror, Sci-Fi",1059382,1979-06-22,"Ridley Scott",6,2016-10-06
674,tt0078841,2018-08-19,2018-08-19,,"Being There","Being There",https://www.imdb.com/title/tt0078841/,Movie,7.9,130,1979,"Comedy, Drama",82640,1980-02-08,"Hal Ashby",,
675,tt0079522,2018-08-19,2018-08-19,,"Manhattan","Manhattan",https://www.imdb.com/title/tt0079522/,Movie,7.8,96,1979,"Comedy, Drama, Romance",153749,1979-04-25,"Woody Allen",,
676,tt0078788,2018-08-19,2018-08-19,,"Apocalypse Now","Apocalypse Now",https://www.imdb.com/title/tt0078788/,Movie,8.4,147,1979,"Drama, Mystery, War",767747,1979-08-15,"Francis Ford Coppola",9,2008-05-28
677,tt0078754,2018-08-19,2018-08-19,,"All That Jazz","All That Jazz",https://www.imdb.com/title/tt0078754/,Movie,7.8,123,1979,"Drama, Music, Musical",40151,1979-12-20,"Bob Fosse",7,2015-04-19
678,tt0079588,2018-08-19,2018-08-19,,"The Muppet Movie","The Muppet Movie",https://www.imdb.com/title/tt0079588/,Movie,7.6,95,1979,"Adventure, Comedy, Family, Musical",42486,1979-06-22,"James Frawley",,
679,tt0079010,2018-08-19,2018-08-19,,"Christ Stopped at Eboli","Cristo si è fermato a Eboli",https://www.imdb.com/title/tt0079010/,Movie,7.7,150,1979,"Drama",4892,1979-02-23,"Francesco Rosi",,
680,tt0079501,2018-08-19,2018-08-19,,"Mad Max","Mad Max",https://www.imdb.com/title/tt0079501/,Movie,6.8,88,1979,"Action, Adventure, Sci-Fi, Thriller",244118,1980-03-21,"George Miller",,
681,tt0078875,2018-08-19,2018-08-19,,"The Tin Drum","Die Blechtrommel",https://www.imdb.com/title/tt0078875/,Movie,7.4,142,1979,"Drama, War",27751,1980-04-11,"Volker Schlöndorff",,
682,tt0079367,2018-08-19,2018-08-19,,"The Jerk","The Jerk",https://www.imdb.com/title/tt0079367/,Movie,7.1,94,1979,"Comedy",68323,1979-12-14,"Carl Reiner",,
683,tt0079417,2018-08-19,2018-08-19,,"Kramer vs. Kramer","Kramer vs. Kramer",https://www.imdb.com/title/tt0079417/,Movie,7.8,105,1979,"Drama",165766,1979-12-19,"Robert Benton",9,2023-02-11
684,tt0081283,2018-08-19,2018-08-19,,"Ordinary People","Ordinary People",https://www.imdb.com/title/tt0081283/,Movie,7.7,124,1980,"Drama",61721,1980-09-19,"Robert Redford",,
685,tt0080684,2018-08-19,2018-08-19,,"Star Wars: Episode V - The Empire Strikes Back","Star Wars: Episode V - The Empire Strikes Back",https://www.imdb.com/title/tt0080684/,Movie,8.7,124,1980,"Action, Adventure, Fantasy, Sci-Fi",1498320,1980-06-18,"Irvin Kershner",7,2015-12-22
686,tt0080388,2018-08-19,2018-08-19,,"Atlantic City","Atlantic City",https://www.imdb.com/title/tt0080388/,Movie,7.3,104,1980,"Crime, Drama, Romance",19614,1981-04-03,"Louis Malle",,
687,tt0080610,2018-08-19,2018-08-19,,"The Last Metro","Le dernier métro",https://www.imdb.com/title/tt0080610/,Movie,7.3,132,1980,"Drama, Romance, War",16873,1981-02-19,"François Truffaut",,
688,tt0081505,2018-08-19,2018-08-19,,"The Shining","The Shining",https://www.imdb.com/title/tt0081505/,Movie,8.4,146,1980,"Drama, Horror",1220110,1980-06-13,"Stanley Kubrick",9,2012-11-15
689,tt0080678,2018-08-19,2018-08-19,,"The Elephant Man","The Elephant Man",https://www.imdb.com/title/tt0080678/,Movie,8.2,124,1980,"Biography, Drama",281479,1980-10-10,"David Lynch",,
690,tt0080437,2018-08-19,2018-08-19,,"The Big Red One","The Big Red One",https://www.imdb.com/title/tt0080437/,Movie,7.1,113,1980,"Drama, War",22801,1980-07-18,"Samuel Fuller",,
691,tt0081076,2018-08-19,2018-08-19,,"Loulou","Loulou",https://www.imdb.com/title/tt0081076/,Movie,6.6,101,1980,"Drama, Romance",3977,1980-09-03,"Maurice Pialat",,
692,tt0081398,2018-08-19,2018-08-19,,"Raging Bull","Raging Bull",https://www.imdb.com/title/tt0081398/,Movie,8.1,129,1980,"Biography, Drama, Sport",409372,1980-12-19,"Martin Scorsese",8,2012-10-05
693,tt0080339,2018-08-19,2018-08-19,,"Airplane!","Airplane!",https://www.imdb.com/title/tt0080339/,Movie,7.7,88,1980,"Comedy",286041,1980-07-02,"Jim Abrahams, David Zucker, Jerry Zucker",,
694,tt0082010,2018-08-19,2018-08-19,,"An American Werewolf in London","An American Werewolf in London",https://www.imdb.com/title/tt0082010/,Movie,7.5,97,1981,"Comedy, Horror",133747,1981-08-21,"John Landis",,
695,tt0082269,2018-08-19,2018-08-19,,"Diva","Diva",https://www.imdb.com/title/tt0082269/,Movie,7.1,117,1981,"Crime, Drama, Music, Thriller",15282,1982-04-23,"Jean-Jacques Beineix",,
696,tt0082971,2018-08-19,2018-08-19,,"Raiders of the Lost Ark","Raiders of the Lost Ark",https://www.imdb.com/title/tt0082971/,Movie,8.4,115,1981,"Action, Adventure",1106845,1981-06-12,"Steven Spielberg",7,2016-10-06
697,tt0082096,2018-08-19,2018-08-19,,"Das Boot","Das Boot",https://www.imdb.com/title/tt0082096/,Movie,8.3,149,1981,"Drama, War",287120,1982-02-10,"Wolfgang Petersen",8,2015-11-05
698,tt0082432,2018-08-19,2018-08-19,,"Gallipoli","Gallipoli",https://www.imdb.com/title/tt0082432/,Movie,7.4,110,1981,"Adventure, Drama, History, War",44391,1981-08-28,"Peter Weir",,
699,tt0082158,2018-08-19,2018-08-19,,"Chariots of Fire","Chariots of Fire",https://www.imdb.com/title/tt0082158/,Movie,7.1,125,1981,"Biography, Drama, Sport",70774,1982-04-09,"Hugh Hudson",,
700,tt0082089,2018-08-19,2018-08-19,,"Body Heat","Body Heat",https://www.imdb.com/title/tt0082089/,Movie,7.4,113,1981,"Crime, Drama, Romance, Thriller",43794,1981-08-28,"Lawrence Kasdan",,
701,tt0082222,2018-08-19,2018-08-19,,"Man of Iron","Czlowiek z zelaza",https://www.imdb.com/title/tt0082222/,Movie,7.3,156,1981,"Drama, History",4137,1981-07-27,"Andrzej Wajda",,
702,tt0082979,2018-08-19,2018-08-19,,"Reds","Reds",https://www.imdb.com/title/tt0082979/,Movie,7.3,195,1981,"Biography, Drama, History, Romance",26711,1981-12-25,"Warren Beatty",,
703,tt0083226,2018-08-19,2018-08-19,,"Three Brothers","Tre fratelli",https://www.imdb.com/title/tt0083226/,Movie,7.0,113,1981,"Drama",1939,1981-03-19,"Francesco Rosi",,
704,tt0083866,2018-08-19,2018-08-19,,"E.T. the Extra-Terrestrial","E.T. the Extra-Terrestrial",https://www.imdb.com/title/tt0083866/,Movie,7.9,115,1982,"Adventure, Family, Sci-Fi",470180,1982-06-11,"Steven Spielberg",8,2012-10-05
705,tt0083907,2018-08-19,2018-08-19,,"The Evil Dead","The Evil Dead",https://www.imdb.com/title/tt0083907/,Movie,7.3,85,1981,"Horror",250389,1983-04-15,"Sam Raimi",,
706,tt0083929,2018-08-19,2018-08-19,,"Fast Times at Ridgemont High","Fast Times at Ridgemont High",https://www.imdb.com/title/tt0083929/,Movie,7.1,90,1982,"Comedy, Drama",124405,1982-08-13,"Amy Heckerling",,
707,tt0083230,2018-08-19,2018-08-19,,"Too Early/Too Late","Trop tôt/Trop tard",https://www.imdb.com/title/tt0083230/,Movie,5.4,100,1981,"Documentary",755,1982-02-17,"Danièle Huillet, Jean-Marie Straub",,
708,tt0084516,2018-08-19,2018-08-19,,"Poltergeist","Poltergeist",https://www.imdb.com/title/tt0084516/,Movie,7.3,114,1982,"Horror, Thriller",194227,1982-06-04,"Tobe Hooper",,
709,tt0084934,2018-08-19,2018-08-19,,"Yol","Yol",https://www.imdb.com/title/tt0084934/,Movie,7.9,107,1982,"Drama",15405,1999-02-12,"Serif Gören",,
710,tt0083658,2018-08-19,2018-08-19,,"Blade Runner","Blade Runner",https://www.imdb.com/title/tt0083658/,Movie,8.1,117,1982,"Action, Drama, Sci-Fi, Thriller",878920,1982-06-25,"Ridley Scott",,
711,tt0083833,2018-08-19,2018-08-19,,"Diner","Diner",https://www.imdb.com/title/tt0083833/,Movie,7.0,110,1982,"Comedy, Drama",24094,1982-05-21,"Barry Levinson",,
712,tt0084805,2018-08-19,2018-08-19,,"Tootsie","Tootsie",https://www.imdb.com/title/tt0084805/,Movie,7.4,116,1982,"Comedy, Drama, Romance",121834,1982-12-17,"Sydney Pollack",,
713,tt0083946,2018-08-19,2018-08-19,,"Fitzcarraldo","Fitzcarraldo",https://www.imdb.com/title/tt0083946/,Movie,7.9,158,1982,"Adventure, Drama, Music",42674,1982-10-10,"Werner Herzog",,
714,tt0083987,2018-08-19,2018-08-19,,"Gandhi","Gandhi",https://www.imdb.com/title/tt0083987/,Movie,8.0,191,1982,"Biography, Drama, History",246997,1983-02-25,"Richard Attenborough",,
715,tt0084787,2018-08-19,2018-08-19,,"The Thing","The Thing",https://www.imdb.com/title/tt0084787/,Movie,8.2,109,1982,"Horror, Mystery, Sci-Fi",523706,1982-06-25,"John Carpenter",,
716,tt0083922,2018-08-19,2018-08-19,,"Fanny and Alexander","Fanny och Alexander",https://www.imdb.com/title/tt0083922/,Movie,8.1,188,1982,"Drama",71184,1982-12-17,"Ingmar Bergman",,
717,tt0084422,2018-08-19,2018-08-19,,"The Night of the Shooting Stars","La notte di San Lorenzo",https://www.imdb.com/title/tt0084422/,Movie,7.2,107,1982,"Drama, Fantasy, Romance, War",5046,1982-09-17,"Paolo Taviani, Vittorio Taviani",,
718,tt0086369,2018-08-19,2018-08-19,,"A Question of Silence","De stilte rond Christine M.",https://www.imdb.com/title/tt0086369/,Movie,6.7,92,1982,"Drama",1396,1982-02-18,"Marleen Gorris",,
719,tt0083851,2018-08-19,2018-08-19,,"The Draughtsman's Contract","The Draughtsman's Contract",https://www.imdb.com/title/tt0083851/,Movie,7.2,108,1982,"Comedy, Drama, Mystery",11955,1982-11-12,"Peter Greenaway",,
720,tt0085334,2018-08-19,2018-08-19,,"A Christmas Story","A Christmas Story",https://www.imdb.com/title/tt0085334/,Movie,7.9,93,1983,"Comedy, Family",180574,1983-11-18,"Bob Clark",,
721,tt0085180,2018-08-19,2018-08-19,,"L'Argent","L'Argent",https://www.imdb.com/title/tt0085180/,Movie,7.4,85,1983,"Crime, Drama",13073,1983-05-18,"Robert Bresson",,
722,tt0086197,2018-08-19,2018-08-19,,"The Right Stuff","The Right Stuff",https://www.imdb.com/title/tt0086197/,Movie,7.8,193,1983,"Adventure, Biography, Drama, History",68905,1984-02-17,"Philip Kaufman",,
723,tt0085244,2018-08-19,2018-08-19,,"The Big Chill","The Big Chill",https://www.imdb.com/title/tt0085244/,Movie,7.1,105,1983,"Comedy, Drama",45314,1983-09-30,"Lawrence Kasdan",,
724,tt0084628,2018-08-19,2018-08-19,,"Sans Soleil","Sans soleil",https://www.imdb.com/title/tt0084628/,Movie,7.7,100,1983,"Documentary, Drama",13038,1983-03-02,"Chris Marker",,
725,tt0086190,2018-08-19,2018-08-19,,"Star Wars: Episode VI - Return of the Jedi","Star Wars: Episode VI - Return of the Jedi",https://www.imdb.com/title/tt0086190/,Movie,8.3,131,1983,"Action, Adventure, Fantasy, Sci-Fi",1204556,1983-05-25,"Richard Marquand",,
726,tt0084390,2018-08-19,2018-08-19,,"The Ballad of Narayama","Narayama bushikô",https://www.imdb.com/title/tt0084390/,Movie,7.8,130,1983,"Drama, Family, Mystery",9919,1983-04-29,"Shôhei Imamura",,
727,tt0086425,2018-08-19,2018-08-19,,"Terms of Endearment","Terms of Endearment",https://www.imdb.com/title/tt0086425/,Movie,7.4,132,1983,"Comedy, Drama",70205,1983-12-09,"James L. Brooks",,
728,tt0085482,2018-08-19,2018-08-19,,"El Norte","El Norte",https://www.imdb.com/title/tt0085482/,Movie,7.7,141,1983,"Adventure, Drama",6024,1984-01-27,"Gregory Nava",,
729,tt0086543,2018-08-19,2018-08-19,,"The 4th Man","De vierde man",https://www.imdb.com/title/tt0086543/,Movie,7.1,102,1983,"Drama, Mystery, Thriller",9306,1983-03-24,"Paul Verhoeven",,
730,tt0086541,2018-08-19,2018-08-19,,"Videodrome","Videodrome",https://www.imdb.com/title/tt0086541/,Movie,7.2,87,1983,"Drama, Horror, Sci-Fi, Thriller",112499,1983-02-04,"David Cronenberg",,
731,tt0085809,2018-08-19,2018-08-19,,"Koyaanisqatsi","Koyaanisqatsi",https://www.imdb.com/title/tt0085809/,Movie,8.2,86,1982,"Documentary, Music",44480,1983-08-24,"Godfrey Reggio",,
732,tt0086250,2018-08-19,2018-08-19,,"Scarface","Scarface",https://www.imdb.com/title/tt0086250/,Movie,8.3,170,1983,"Crime, Drama",1010473,1983-12-09,"Brian De Palma",8,2011-12-19
733,tt0085794,2018-08-19,2018-08-19,,"The King of Comedy","The King of Comedy",https://www.imdb.com/title/tt0085794/,Movie,7.8,109,1982,"Comedy, Crime, Drama, Thriller",132323,1982-12-18,"Martin Scorsese",7,2014-12-18
734,tt0085859,2018-08-19,2018-08-19,,"Local Hero","Local Hero",https://www.imdb.com/title/tt0085859/,Movie,7.3,111,1983,"Comedy, Drama",29522,1983-04-29,"Bill Forsyth",,
735,tt0087843,2018-08-19,2018-08-19,,"Once Upon a Time in America","C'era una volta in America",https://www.imdb.com/title/tt0087843/,Movie,8.3,229,1984,"Crime, Drama",407439,1984-06-01,"Sergio Leone",9,2010-11-17
736,tt0085426,2018-08-19,2018-08-19,,"The Last Battle","Le dernier combat",https://www.imdb.com/title/tt0085426/,Movie,6.7,92,1983,"Sci-Fi",7035,1984-06-12,"Luc Besson",,
737,tt0088247,2018-08-19,2018-08-19,,"The Terminator","The Terminator",https://www.imdb.com/title/tt0088247/,Movie,8.1,107,1984,"Action, Adventure, Sci-Fi",1000070,1984-10-26,"James Cameron",7,2017-03-06
738,tt0087781,2018-08-19,2018-08-19,,"The Natural","The Natural",https://www.imdb.com/title/tt0087781/,Movie,7.4,138,1984,"Drama, Sport",57407,1984-05-11,"Barry Levinson",,
739,tt0087332,2018-08-19,2018-08-19,,"Ghostbusters","Ghostbusters",https://www.imdb.com/title/tt0087332/,Movie,7.8,105,1984,"Action, Comedy, Fantasy, Sci-Fi",485574,1984-06-08,"Ivan Reitman",7,2012-06-04
740,tt0087884,2018-08-19,2018-08-19,,"Paris, Texas","Paris, Texas",https://www.imdb.com/title/tt0087884/,Movie,8.1,145,1984,"Drama",139807,1984-08-23,"Wim Wenders",8,2016-11-30
741,tt0087800,2018-08-19,2018-08-19,,"A Nightmare on Elm Street","A Nightmare on Elm Street",https://www.imdb.com/title/tt0087800/,Movie,7.4,91,1984,"Horror",289809,1984-11-16,"Wes Craven",6,2012-11-05
742,tt0088258,2018-08-19,2018-08-19,,"This Is Spinal Tap","This Is Spinal Tap",https://www.imdb.com/title/tt0088258/,Movie,7.9,82,1984,"Comedy, Music",160577,1984-03-02,"Rob Reiner",,
743,tt0087892,2018-08-19,2018-08-19,,"A Passage to India","A Passage to India",https://www.imdb.com/title/tt0087892/,Movie,7.3,164,1984,"Adventure, Drama, History",23036,1985-02-01,"David Lean",,
744,tt0086960,2018-08-19,2018-08-19,,"Beverly Hills Cop","Beverly Hills Cop",https://www.imdb.com/title/tt0086960/,Movie,7.4,105,1984,"Action, Comedy, Crime, Thriller",231373,1984-12-05,"Martin Brest",,
745,tt0087553,2018-08-19,2018-08-19,,"The Killing Fields","The Killing Fields",https://www.imdb.com/title/tt0087553/,Movie,7.8,141,1984,"Biography, Drama, History, War",63488,1985-02-01,"Roland Joffé",7,2013-10-29
746,tt0088184,2018-08-19,2018-08-19,,"Stranger Than Paradise","Stranger Than Paradise",https://www.imdb.com/title/tt0088184/,Movie,7.4,89,1984,"Comedy, Drama",43213,1984-10-04,"Jim Jarmusch",,
747,tt0086879,2018-08-19,2018-08-19,,"Amadeus","Amadeus",https://www.imdb.com/title/tt0086879/,Movie,8.4,160,1984,"Biography, Drama, Music",466240,1984-09-19,"Milos Forman",8,2016-12-02
748,tt0086497,2018-08-19,2018-08-19,,"Utu","Utu",https://www.imdb.com/title/tt0086497/,Movie,6.9,104,1983,"Adventure, Drama, History, War",1550,1983-01,"Geoff Murphy",,
749,tt0089841,2018-08-19,2018-08-19,,"Prizzi's Honor","Prizzi's Honor",https://www.imdb.com/title/tt0089841/,Movie,6.7,130,1985,"Comedy, Crime, Drama, Romance",28540,1985-06-14,"John Huston",,
750,tt0090185,2018-08-19,2018-08-19,,"A Time to Live and a Time to Die","Tóngnián wangshì",https://www.imdb.com/title/tt0090185/,Movie,7.5,138,1985,"Biography, Drama",3907,1988,"Hsiao-Hsien Hou",,
751,tt0088847,2018-08-19,2018-08-19,,"The Breakfast Club","The Breakfast Club",https://www.imdb.com/title/tt0088847/,Movie,7.8,97,1985,"Comedy, Drama",470912,1985-02-15,"John Hughes",,
752,tt0091251,2018-08-19,2018-08-19,,"Come and See","Idi i smotri",https://www.imdb.com/title/tt0091251/,Movie,8.3,142,1985,"Drama, Thriller, War",121710,1985-09-03,"Elem Klimov",,
753,tt0089603,2018-08-19,2018-08-19,,"Mishima: A Life in Four Chapters","Mishima: A Life in Four Chapters",https://www.imdb.com/title/tt0089603/,Movie,7.9,120,1985,"Biography, Drama",16533,1985-09-20,"Paul Schrader",,
754,tt0089755,2018-08-19,2018-08-19,,"Out of Africa","Out of Africa",https://www.imdb.com/title/tt0089755/,Movie,7.2,161,1985,"Biography, Drama, Romance",92635,1985-12-20,"Sydney Pollack",,
755,tt0089881,2018-08-19,2018-08-19,,"Ran","Ran",https://www.imdb.com/title/tt0089881/,Movie,8.2,160,1985,"Action, Drama, War",151245,1985-06-01,"Akira Kurosawa",,
756,tt0088763,2018-08-19,2018-08-19,,"Back to the Future","Back to the Future",https://www.imdb.com/title/tt0088763/,Movie,8.5,116,1985,"Adventure, Comedy, Sci-Fi",1445058,1985-07-03,"Robert Zemeckis",7,2012-06-04
757,tt0088846,2018-08-19,2018-08-19,,"Brazil","Brazil",https://www.imdb.com/title/tt0088846/,Movie,7.8,132,1985,"Drama, Sci-Fi, Thriller",222082,1985-12-18,"Terry Gilliam",7,2013-05-26
758,tt0089424,2018-08-19,2018-08-19,,"Kiss of the Spider Woman","Kiss of the Spider Woman",https://www.imdb.com/title/tt0089424/,Movie,7.3,120,1985,"Drama",19293,1985-07-26,"Hector Babenco",,
759,tt0089869,2018-08-19,2018-08-19,,"The Quiet Earth","The Quiet Earth",https://www.imdb.com/title/tt0089869/,Movie,6.7,91,1985,"Drama, Mystery, Sci-Fi",29323,1985-10-18,"Geoff Murphy",,
760,tt0089853,2018-08-19,2018-08-19,,"The Purple Rose of Cairo","The Purple Rose of Cairo",https://www.imdb.com/title/tt0089853/,Movie,7.6,82,1985,"Comedy, Fantasy, Romance",58986,1985-04-19,"Woody Allen",,
761,tt0089960,2018-08-19,2018-08-19,,"Vagabond","Sans toit ni loi",https://www.imdb.com/title/tt0089960/,Movie,7.6,105,1985,"Drama",15718,1986-05-16,"Agnès Varda",,
762,tt0090015,2018-08-19,2018-08-19,,"Shoah","Shoah",https://www.imdb.com/title/tt0090015/,Movie,8.7,566,1985,"Documentary, History, War",11545,1985-11,"Claude Lanzmann",,
763,tt0088939,2018-08-19,2018-08-19,,"The Color Purple","The Color Purple",https://www.imdb.com/title/tt0088939/,Movie,7.7,154,1985,"Drama",103807,1986-02-07,"Steven Spielberg",8,2012-12-30
764,tt0091867,2018-08-19,2018-08-19,,"A Room with a View","A Room with a View",https://www.imdb.com/title/tt0091867/,Movie,7.2,117,1986,"Drama, Romance",52163,1986-04-11,"James Ivory",,
765,tt0089276,2018-08-19,2018-08-19,,"The Official Story","La historia oficial",https://www.imdb.com/title/tt0089276/,Movie,7.7,112,1985,"Drama, History",11715,1985-11-08,"Luis Puenzo",,
766,tt0091474,2018-08-19,2018-08-19,,"Manhunter","Manhunter",https://www.imdb.com/title/tt0091474/,Movie,7.2,120,1986,"Crime, Mystery, Thriller",91022,1986-08-15,"Michael Mann",,
767,tt0090756,2018-08-19,2018-08-19,,"Blue Velvet","Blue Velvet",https://www.imdb.com/title/tt0090756/,Movie,7.7,120,1986,"Crime, Drama, Mystery, Thriller",244241,1986-10-23,"David Lynch",7,2012-11-04
768,tt0091167,2018-08-19,2018-08-19,,"Hannah and Her Sisters","Hannah and Her Sisters",https://www.imdb.com/title/tt0091167/,Movie,7.8,107,1986,"Comedy, Drama",81336,1986-03-14,"Woody Allen",8,2007-12-13
769,tt0091939,2018-08-19,2018-08-19,,"She's Gotta Have It","She's Gotta Have It",https://www.imdb.com/title/tt0091939/,Movie,6.8,84,1986,"Comedy, Romance",17637,1986-08-08,"Spike Lee",,
770,tt0090830,2018-08-19,2018-08-19,,"Children of a Lesser God","Children of a Lesser God",https://www.imdb.com/title/tt0090830/,Movie,7.2,119,1986,"Drama, Romance",19957,1986-10-31,"Randa Haines",,
771,tt0090798,2018-08-19,2018-08-19,,"Caravaggio","Caravaggio",https://www.imdb.com/title/tt0090798/,Movie,6.5,93,1986,"Biography, Drama, History, Romance",7734,1986-08-29,"Derek Jarman",,
772,tt0091886,2018-08-19,2018-08-19,,"Salvador","Salvador",https://www.imdb.com/title/tt0091886/,Movie,7.3,122,1986,"Drama, History, Thriller, War",25242,1986-04-23,"Oliver Stone",,
773,tt0091763,2018-08-19,2018-08-19,,"Platoon","Platoon",https://www.imdb.com/title/tt0091763/,Movie,8.1,120,1986,"Drama, War",471324,1986-12-19,"Oliver Stone",9,2010-05-28
774,tt0090967,2018-08-19,2018-08-19,,"Down by Law","Down by Law",https://www.imdb.com/title/tt0090967/,Movie,7.6,107,1986,"Comedy, Crime, Drama",58527,1986-09-25,"Jim Jarmusch",8,2008-02-24
775,tt0090985,2018-08-19,2018-08-19,,"The Decline of the American Empire","Le déclin de l'empire américain",https://www.imdb.com/title/tt0090985/,Movie,7.1,101,1986,"Comedy, Drama",9131,1986-11-14,"Denys Arcand",,
776,tt0090952,2018-08-19,2018-08-19,,"Peking Opera Blues","Do ma daan",https://www.imdb.com/title/tt0090952/,Movie,7.2,104,1986,"Action, Comedy, History",3189,2025-07-22,"Hark Tsui",,
777,tt0090605,2018-08-19,2018-08-19,,"Aliens","Aliens",https://www.imdb.com/title/tt0090605/,Movie,8.4,137,1986,"Action, Adventure, Horror, Sci-Fi, Thriller",837775,1986-07-18,"James Cameron",,
778,tt0091042,2018-08-19,2018-08-19,,"Ferris Bueller's Day Off","Ferris Bueller's Day Off",https://www.imdb.com/title/tt0091042/,Movie,7.8,103,1986,"Comedy",414392,1986-06-11,"John Hughes",7,2012-11-04
779,tt0091064,2018-08-19,2018-08-19,,"The Fly","The Fly",https://www.imdb.com/title/tt0091064/,Movie,7.6,96,1986,"Drama, Horror, Sci-Fi",223278,1986-08-15,"David Cronenberg",,
780,tt0092099,2018-08-19,2018-08-19,,"Top Gun","Top Gun",https://www.imdb.com/title/tt0092099/,Movie,7.0,110,1986,"Action, Drama",548658,1986-05-16,"Tony Scott",6,2007-12-04
781,tt0091943,2018-08-19,2018-08-19,,"Sherman's March","Sherman's March",https://www.imdb.com/title/tt0091943/,Movie,7.2,157,1985,"Documentary, Biography, Comedy, History, Romance",2899,1986-05-06,"Ross McElwee",,
782,tt0092005,2018-08-19,2018-08-19,,"Stand by Me","Stand by Me",https://www.imdb.com/title/tt0092005/,Movie,8.1,89,1986,"Adventure, Drama",485221,1986-08-22,"Rob Reiner",6,2016-12-06
783,tt0092048,2018-08-19,2018-08-19,,"Tampopo","Tanpopo",https://www.imdb.com/title/tt0092048/,Movie,7.9,114,1985,"Comedy",26548,1987-09,"Jûzô Itami",,
784,tt0090907,2018-08-19,2018-08-19,,"The Horse Thief","Dao ma zei",https://www.imdb.com/title/tt0090907/,Movie,6.8,88,1986,"Drama",1716,1988-01-06,"Zhuangzhuang Tian, Peicheng Pan",,
785,tt0092593,2018-08-19,2018-08-19,,"Au Revoir Les Enfants","Au revoir les enfants",https://www.imdb.com/title/tt0092593/,Movie,8.0,104,1987,"Drama, War",38409,1988-02-12,"Louis Malle",,
786,tt0093822,2018-08-19,2018-08-19,,"Raising Arizona","Raising Arizona",https://www.imdb.com/title/tt0093822/,Movie,7.3,94,1987,"Comedy, Crime",160226,1987-04-10,"Joel Coen, Ethan Coen",,
787,tt0094349,2018-08-19,2018-08-19,,"Yeelen","Yeelen",https://www.imdb.com/title/tt0094349/,Movie,6.9,105,1987,"Drama, Fantasy",2997,1987-12-02,"Souleymane Cissé",,
788,tt0092501,2018-08-19,2018-08-19,,"Project A 2","'A' gai wak 2",https://www.imdb.com/title/tt0092501/,Movie,7.0,101,1987,"Action, Comedy, Crime",12474,1987-08-19,"Jackie Chan",,
789,tt0093191,2018-08-19,2018-08-19,,"Wings of Desire","Der Himmel über Berlin",https://www.imdb.com/title/tt0093191/,Movie,7.9,128,1987,"Drama, Fantasy, Romance",83582,1988-05-06,"Wim Wenders",8,2012-12-25
790,tt0094336,2018-08-19,2018-08-19,,"Withnail and I","Withnail & I",https://www.imdb.com/title/tt0094336/,Movie,7.5,107,1987,"Comedy, Drama",51890,1987-06-19,"Bruce Robinson",,
791,tt0093779,2018-08-19,2018-08-19,,"The Princess Bride","The Princess Bride",https://www.imdb.com/title/tt0093779/,Movie,8.0,98,1987,"Adventure, Comedy, Family, Fantasy, Romance",484219,1987-10-09,"Rob Reiner",,
792,tt0093978,2018-08-19,2018-08-19,,"A Chinese Ghost Story","Sien lui yau wan",https://www.imdb.com/title/tt0093978/,Movie,7.3,98,1987,"Action, Fantasy, Horror",12546,1987-07-18,"Siu-Tung Ching",,
793,tt0093058,2018-08-19,2018-08-19,,"Full Metal Jacket","Full Metal Jacket",https://www.imdb.com/title/tt0093058/,Movie,8.2,116,1987,"Drama, War",848274,1987-07-10,"Stanley Kubrick",8,2012-01-06
794,tt0092699,2018-08-19,2018-08-19,,"Broadcast News","Broadcast News",https://www.imdb.com/title/tt0092699/,Movie,7.3,133,1987,"Comedy, Drama, Romance",36706,1987-12-25,"James L. Brooks",,
795,tt0092603,2018-08-19,2018-08-19,,"Babette's Feast","Babettes gæstebud",https://www.imdb.com/title/tt0092603/,Movie,7.8,103,1987,"Drama",23850,1988-03-04,"Gabriel Axel",,
796,tt0093105,2018-08-19,2018-08-19,,"Good Morning, Vietnam","Good Morning, Vietnam",https://www.imdb.com/title/tt0093105/,Movie,7.3,121,1987,"Biography, Comedy, Drama, War",164883,1988-01-15,"Barry Levinson",,
797,tt0093565,2018-08-19,2018-08-19,,"Moonstruck","Moonstruck",https://www.imdb.com/title/tt0093565/,Movie,7.2,102,1987,"Comedy, Drama, Romance",78532,1988-01-15,"Norman Jewison",,
798,tt0094291,2018-08-19,2018-08-19,,"Wall Street","Wall Street",https://www.imdb.com/title/tt0094291/,Movie,7.3,126,1987,"Crime, Drama",174139,1987-12-11,"Oliver Stone",,
799,tt0094226,2018-08-19,2018-08-19,,"The Untouchables","The Untouchables",https://www.imdb.com/title/tt0094226/,Movie,7.8,119,1987,"Crime, Drama, Thriller",353095,1987-06-03,"Brian De Palma",,
800,tt0093206,2018-08-19,2018-08-19,,"Red Sorghum","Hong gao liang",https://www.imdb.com/title/tt0093206/,Movie,7.3,91,1988,"Drama, History, Romance, War",10644,1989-02,"Yimou Zhang",,
801,tt0093010,2018-08-19,2018-08-19,,"Fatal Attraction","Fatal Attraction",https://www.imdb.com/title/tt0093010/,Movie,6.9,119,1987,"Drama, Thriller",110827,1987-09-18,"Adrian Lyne",7,2012-03-14
802,tt0092843,2018-08-19,2018-08-19,,"The Dead","The Dead",https://www.imdb.com/title/tt0092843/,Movie,7.2,83,1987,"Drama",9932,1987-12-18,"John Huston",,
803,tt0093225,2018-08-19,2018-08-19,,"Housekeeping","Housekeeping",https://www.imdb.com/title/tt0093225/,Movie,7.1,116,1987,"Comedy, Drama",3259,1988-02-05,"Bill Forsyth",,
804,tt0094812,2018-08-19,2018-08-19,,"Bull Durham","Bull Durham",https://www.imdb.com/title/tt0094812/,Movie,7.0,108,1988,"Comedy, Romance, Sport",63926,1988-06-15,"Ron Shelton",,
805,tt0095341,2018-08-19,2018-08-19,,"Hôtel Terminus","Hôtel Terminus",https://www.imdb.com/title/tt0095341/,Movie,7.6,267,1988,"Documentary, Biography, History, War",1768,1988-11,"Marcel Ophüls",,
806,tt0095675,2018-08-19,2018-08-19,,"Women on the Verge of a Nervous Breakdown","Mujeres al borde de un ataque de nervios",https://www.imdb.com/title/tt0095675/,Movie,7.5,88,1988,"Comedy, Drama",50392,1988-11-11,"Pedro Almodóvar",8,2007-12-13
807,tt0096163,2018-08-19,2018-08-19,,"The Vanishing","Spoorloos",https://www.imdb.com/title/tt0096163/,Movie,7.6,107,1988,"Mystery, Thriller",54726,1988-10-27,"George Sluizer",7,2012-10-05
808,tt0095715,2018-08-19,2018-08-19,,"Alice","Neco z Alenky",https://www.imdb.com/title/tt0095715/,Movie,7.4,86,1988,"Animation, Adventure, Family, Fantasy",15101,1990-11-01,"Jan Svankmajer",,
809,tt0094675,2018-08-19,2018-08-19,,"Ariel","Ariel",https://www.imdb.com/title/tt0094675/,Movie,7.4,72,1988,"Comedy, Crime, Drama, Romance",9699,1990-10,"Aki Kaurismäki",7,2012-01-12
810,tt0096257,2018-08-19,2018-08-19,,"The Thin Blue Line","The Thin Blue Line",https://www.imdb.com/title/tt0096257/,Movie,7.9,101,1988,"Documentary, Crime",27561,1988-08-25,"Errol Morris",,
811,tt0094625,2018-08-19,2018-08-19,,"Akira","Akira",https://www.imdb.com/title/tt0094625/,Movie,8.0,124,1988,"Animation, Action, Drama, Fantasy, Sci-Fi",225179,1988-07-16,"Katsuhiro Ôtomo",,
812,tt0095159,2018-08-19,2018-08-19,,"A Fish Called Wanda","A Fish Called Wanda",https://www.imdb.com/title/tt0095159/,Movie,7.5,108,1988,"Comedy, Crime",165073,1988-07-29,"Charles Crichton, John Cleese",,
813,tt0096337,2018-08-19,2018-08-19,,"A Tale of the Wind","Une histoire de vent",https://www.imdb.com/title/tt0096337/,Movie,6.7,80,1988,"Drama, Fantasy",1052,1989-03-19,"Joris Ivens",,
814,tt0095705,2018-08-19,2018-08-19,,"The Naked Gun: From the Files of Police Squad!","The Naked Gun: From the Files of Police Squad!",https://www.imdb.com/title/tt0095705/,Movie,7.6,85,1988,"Comedy, Crime",221100,1988-12-02,"David Zucker",,
815,tt0095765,2018-08-19,2018-08-19,,"Cinema Paradiso","Nuovo Cinema Paradiso",https://www.imdb.com/title/tt0095765/,Movie,8.5,174,1988,"Drama, Romance",316240,1990-02-23,"Giuseppe Tornatore",9,2012-06-04
816,tt0095327,2018-08-19,2018-08-19,,"Grave of the Fireflies","Hotaru no haka",https://www.imdb.com/title/tt0095327/,Movie,8.5,88,1988,"Animation, Drama, War",381628,1989-07-26,"Isao Takahata",8,2017-01-28
817,tt0094737,2018-08-19,2018-08-19,,"Big","Big",https://www.imdb.com/title/tt0094737/,Movie,7.3,104,1988,"Comedy, Drama, Fantasy, Romance",259368,1988-06-03,"Penny Marshall",8,2025-03-04
818,tt0096438,2018-08-19,2018-08-19,,"Who Framed Roger Rabbit","Who Framed Roger Rabbit",https://www.imdb.com/title/tt0096438/,Movie,7.7,104,1988,"Animation, Adventure, Comedy, Crime, Family, Fantasy, Mystery",232730,1988-06-22,"Robert Zemeckis",6,2012-11-04
819,tt0092337,2018-08-19,2018-08-19,,"Dekalog","Dekalog",https://www.imdb.com/title/tt0092337/,TV Mini Series,8.9,60,1989,"Drama",34761,1989-12-10,,,
820,tt0095953,2018-08-19,2018-08-19,,"Rain Man","Rain Man",https://www.imdb.com/title/tt0095953/,Movie,8.0,133,1988,"Drama",583428,1988-12-16,"Barry Levinson",7,2007-12-04
821,tt0095016,2018-08-19,2018-08-19,,"Die Hard","Die Hard",https://www.imdb.com/title/tt0095016/,Movie,8.2,132,1988,"Action, Thriller",1026655,1988-07-20,"John McTiernan",8,2012-06-04
822,tt0094947,2018-08-19,2018-08-19,,"Dangerous Liaisons","Dangerous Liaisons",https://www.imdb.com/title/tt0094947/,Movie,7.5,119,1988,"Drama, Romance",79728,1989-02-24,"Stephen Frears",,
823,tt0094964,2018-08-19,2018-08-19,,"Dead Ringers","Dead Ringers",https://www.imdb.com/title/tt0094964/,Movie,7.2,116,1988,"Drama, Horror, Thriller",58696,1988-09-23,"David Cronenberg",,
824,tt0093870,2018-08-19,2018-08-19,,"RoboCop","RoboCop",https://www.imdb.com/title/tt0093870/,Movie,7.6,102,1987,"Action, Crime, Sci-Fi, Thriller",307558,1987-07-17,"Paul Verhoeven",,
825,tt0095037,2018-08-19,2018-08-19,,"Distant Voices, Still Lives","Distant Voices, Still Lives",https://www.imdb.com/title/tt0095037/,Movie,7.4,84,1988,"Drama, Music",5687,1989-03-31,"Terence Davies",,
826,tt0096288,2018-08-19,2018-08-19,,"Landscape in the Mist","Topio stin omihli",https://www.imdb.com/title/tt0096288/,Movie,7.9,127,1988,"Drama",11020,1988-09-10,"Theodoros Angelopoulos",,
827,tt0096336,2018-08-19,2018-08-19,,"Story of Women","Une affaire de femmes",https://www.imdb.com/title/tt0096336/,Movie,7.5,108,1988,"Drama, History, Romance",6333,1990-02,"Claude Chabrol",,
828,tt0094606,2018-08-19,2018-08-19,,"The Accidental Tourist","The Accidental Tourist",https://www.imdb.com/title/tt0094606/,Movie,6.7,121,1988,"Comedy, Drama, Romance",18453,1989-01-06,"Lawrence Kasdan",,
829,tt0092929,2018-08-19,2018-08-19,,"Drowning by Numbers","Drowning by Numbers",https://www.imdb.com/title/tt0092929/,Movie,7.1,118,1988,"Comedy, Drama",11766,1991-06,"Peter Greenaway",,
830,tt0098635,2018-08-19,2018-08-19,,"When Harry Met Sally...","When Harry Met Sally...",https://www.imdb.com/title/tt0098635/,Movie,7.7,95,1989,"Comedy, Drama, Romance",271166,1989-07-21,"Rob Reiner",,
831,tt0097123,2018-08-19,2018-08-19,,"Crimes and Misdemeanors","Crimes and Misdemeanors",https://www.imdb.com/title/tt0097123/,Movie,7.8,104,1989,"Comedy, Drama",63163,1989-11-03,"Woody Allen",,
832,tt0096895,2018-08-19,2018-08-19,,"Batman","Batman",https://www.imdb.com/title/tt0096895/,Movie,7.5,126,1989,"Action, Adventure",430985,1989-06-23,"Tim Burton",7,2012-03-14
833,tt0097351,2018-08-19,2018-08-19,,"Field of Dreams","Field of Dreams",https://www.imdb.com/title/tt0097351/,Movie,7.5,107,1989,"Drama, Family, Fantasy, Sport",138503,1989-05-05,"Phil Alden Robinson",,
834,tt0097441,2018-08-19,2018-08-19,,"Glory","Glory",https://www.imdb.com/title/tt0097441/,Movie,7.8,122,1989,"Biography, Drama, History, War",153430,1990-02-16,"Edward Zwick",,
835,tt0097108,2018-08-19,2018-08-19,,"The Cook, the Thief, His Wife & Her Lover","The Cook, the Thief, His Wife & Her Lover",https://www.imdb.com/title/tt0097108/,Movie,7.5,124,1989,"Crime, Drama",44825,1990-04-06,"Peter Greenaway",,
836,tt0097937,2018-08-19,2018-08-19,,"My Left Foot","My Left Foot: The Story of Christy Brown",https://www.imdb.com/title/tt0097937/,Movie,7.8,103,1989,"Biography, Drama",84894,1990-03-30,"Jim Sheridan",6,2012-11-04
837,tt0097202,2018-08-19,2018-08-19,,"The Killer","Dip huet seung hung",https://www.imdb.com/title/tt0097202/,Movie,7.7,111,1989,"Action, Crime, Drama, Thriller",54922,1990-09,"John Woo",,
838,tt0097240,2018-08-19,2018-08-19,,"Drugstore Cowboy","Drugstore Cowboy",https://www.imdb.com/title/tt0097240/,Movie,7.2,102,1989,"Crime, Drama",43928,1989-10-20,"Gus Van Sant",,
839,tt0096841,2018-08-19,2018-08-19,,"The Asthenic Syndrome","Astenicheskiy sindrom",https://www.imdb.com/title/tt0096841/,Movie,6.5,153,1989,"Drama",1621,1990-08-01,"Kira Muratova",,
840,tt0097216,2018-08-19,2018-08-19,,"Do the Right Thing","Do the Right Thing",https://www.imdb.com/title/tt0097216/,Movie,7.9,120,1989,"Comedy, Drama",123462,1989-07-21,"Spike Lee",,
841,tt0100842,2018-08-19,2018-08-19,,"The Unbelievable Truth","The Unbelievable Truth",https://www.imdb.com/title/tt0100842/,Movie,7.2,90,1989,"Comedy, Drama, Romance",6806,1990-11-08,"Hal Hartley",,
842,tt0098213,2018-08-19,2018-08-19,,"Roger & Me","Roger & Me",https://www.imdb.com/title/tt0098213/,Movie,7.5,91,1989,"Documentary",28226,1989-12-20,"Michael Moore",,
843,tt0098724,2018-08-19,2018-08-19,,"Sex, Lies, and Videotape","Sex, Lies, and Videotape",https://www.imdb.com/title/tt0098724/,Movie,7.2,100,1989,"Drama",64241,1989-09-22,"Steven Soderbergh",7,2015-05-19
844,tt0096908,2018-08-19,2018-08-19,,"A City of Sadness","Beiqing chengshi",https://www.imdb.com/title/tt0096908/,Movie,7.8,157,1989,"Drama, History",6964,2026,"Hsiao-Hsien Hou",,
845,tt0098258,2018-08-19,2018-08-19,,"Say Anything","Say Anything...",https://www.imdb.com/title/tt0098258/,Movie,7.3,100,1989,"Comedy, Drama, Romance",101510,1989-04-14,"Cameron Crowe",,
846,tt0103130,2018-08-19,2018-08-19,,"Trust","Trust",https://www.imdb.com/title/tt0103130/,Movie,7.4,107,1990,"Comedy, Crime, Drama",13008,1991-09-20,"Hal Hartley",,
847,tt0100536,2018-08-19,2018-08-19,,"No Fear, No Die","S'en fout la mort",https://www.imdb.com/title/tt0100536/,Movie,6.7,90,1990,"Drama",1393,1990-09-05,"Claire Denis",,
848,tt0099685,2018-08-19,2018-08-19,,"GoodFellas","GoodFellas",https://www.imdb.com/title/tt0099685/,Movie,8.7,145,1990,"Biography, Crime, Drama",1384195,1990-09-21,"Martin Scorsese",9,2010-02-26
849,tt0100234,2018-08-19,2018-08-19,,"Close-Up","Nema-ye nazdik",https://www.imdb.com/title/tt0100234/,Movie,8.2,98,1990,"Biography, Crime, Drama",26629,1991-10-30,"Abbas Kiarostami",,
850,tt0099939,2018-08-19,2018-08-19,,"King of New York","King of New York",https://www.imdb.com/title/tt0099939/,Movie,6.9,103,1990,"Crime, Thriller",48110,1991-08-29,"Abel Ferrara",,
851,tt0100405,2018-08-19,2018-08-19,,"Pretty Woman","Pretty Woman",https://www.imdb.com/title/tt0100405/,Movie,7.1,119,1990,"Comedy, Romance",402772,1990-03-23,"Garry Marshall",6,2007-12-13
852,tt0099348,2018-08-19,2018-08-19,,"Dances with Wolves","Dances with Wolves",https://www.imdb.com/title/tt0099348/,Movie,8.0,181,1990,"Adventure, Drama, Western",309241,1990-11-21,"Kevin Costner",7,2015-02-03
853,tt0099763,2018-08-19,2018-08-19,,"Henry: Portrait of a Serial Killer","Henry: Portrait of a Serial Killer",https://www.imdb.com/title/tt0099763/,Movie,7.0,83,1986,"Biography, Crime, Drama, Horror, Thriller",44218,1991-02-06,"John McNaughton",,
854,tt0099053,2018-08-19,2018-08-19,,"Archangel","Archangel",https://www.imdb.com/title/tt0099053/,Movie,6.3,78,1990,"Comedy, Drama, Romance, War",1855,1990-09-01,"Guy Maddin",,
855,tt0100802,2018-08-19,2018-08-19,,"Total Recall","Total Recall",https://www.imdb.com/title/tt0100802/,Movie,7.5,113,1990,"Action, Adventure, Sci-Fi",379906,1990-06-01,"Paul Verhoeven",,
856,tt0099487,2018-08-19,2018-08-19,,"Edward Scissorhands","Edward Scissorhands",https://www.imdb.com/title/tt0099487/,Movie,7.8,105,1990,"Drama, Fantasy, Romance",563301,1990-12-14,"Tim Burton",8,2011-12-09
857,tt0099776,2018-08-19,2018-08-19,,"Europa Europa","Europa Europa",https://www.imdb.com/title/tt0099776/,Movie,7.5,112,1990,"Drama, History, War",18592,1990-11-14,"Agnieszka Holland",7,2010-05-28
858,tt0100486,2018-08-19,2018-08-19,,"Reversal of Fortune","Reversal of Fortune",https://www.imdb.com/title/tt0100486/,Movie,7.1,111,1990,"Biography, Drama, Mystery",21391,1990-11-09,"Barbet Schroeder",,
859,tt0099871,2018-08-19,2018-08-19,,"Jacob's Ladder","Jacob's Ladder",https://www.imdb.com/title/tt0099871/,Movie,7.4,113,1990,"Drama, Horror, Mystery",128522,1990-11-02,"Adrian Lyne",,
860,tt0101507,2018-08-19,2018-08-19,,"Boyz n the Hood","Boyz n the Hood",https://www.imdb.com/title/tt0101507/,Movie,7.8,112,1991,"Crime, Drama",167851,1991-07-12,"John Singleton",6,2009-12-15
861,tt0101428,2018-08-19,2018-08-19,,"La belle noiseuse","La belle noiseuse",https://www.imdb.com/title/tt0101428/,Movie,7.5,238,1991,"Drama",10507,1991-09-04,"Jacques Rivette",,
862,tt0102757,2018-08-19,2018-08-19,,"The Rapture","The Rapture",https://www.imdb.com/title/tt0102757/,Movie,6.3,100,1991,"Drama, Mystery, Thriller",6421,1991-10-04,"Michael Tolkin",,
863,tt0101985,2018-08-19,2018-08-19,,"A Brighter Summer Day","Guling jie shaonian sharen shijian",https://www.imdb.com/title/tt0101985/,Movie,8.2,237,1991,"Crime, Drama, Romance",14935,2011-11-25,"Edward Yang",,
864,tt0102138,2018-08-19,2018-08-19,,"JFK","JFK",https://www.imdb.com/title/tt0102138/,Movie,8.0,189,1991,"Drama, History, Thriller",181626,1991-12-20,"Oliver Stone",8,2015-02-05
865,tt0102943,2018-08-19,2018-08-19,,"Slacker","Slacker",https://www.imdb.com/title/tt0102943/,Movie,7.0,97,1990,"Comedy, Drama",25191,1991-07-05,"Richard Linklater",,
866,tt0103285,2018-08-19,2018-08-19,,"Once Upon a Time in China","Wong Fei Hung",https://www.imdb.com/title/tt0103285/,Movie,7.2,134,1991,"Action",21303,1991-08-15,"Hark Tsui",,
867,tt0103074,2018-08-19,2018-08-19,,"Thelma & Louise","Thelma & Louise",https://www.imdb.com/title/tt0103074/,Movie,7.6,130,1991,"Adventure, Crime, Drama",191897,1991-05-24,"Ridley Scott",5,2012-03-14
868,tt0102494,2018-08-19,2018-08-19,,"My Own Private Idaho","My Own Private Idaho",https://www.imdb.com/title/tt0102494/,Movie,6.9,104,1991,"Drama",66851,1991-07-20,"Gus Van Sant",6,2017-03-15
869,tt0102926,2018-08-19,2018-08-19,,"The Silence of the Lambs","The Silence of the Lambs",https://www.imdb.com/title/tt0102926/,Movie,8.6,118,1991,"Crime, Drama, Horror, Thriller",1713903,1991-02-14,"Jonathan Demme",8,2015-02-03
870,tt0103064,2018-08-19,2018-08-19,,"Terminator 2: Judgment Day","Terminator 2: Judgment Day",https://www.imdb.com/title/tt0103064/,Movie,8.6,137,1991,"Action, Adventure, Sci-Fi",1278889,1991-07-03,"James Cameron",8,2012-06-04
871,tt0101700,2018-08-19,2018-08-19,,"Delicatessen","Delicatessen",https://www.imdb.com/title/tt0101700/,Movie,7.5,99,1991,"Comedy, Crime",94100,1992-04-03,"Marc Caro, Jean-Pierre Jeunet",8,2012-03-14
872,tt0101765,2018-08-19,2018-08-19,,"The Double Life of Véronique","La double vie de Véronique",https://www.imdb.com/title/tt0101765/,Movie,7.6,98,1991,"Drama, Fantasy, Music, Mystery, Romance",56818,1991-11-22,"Krzysztof Kieslowski",,
873,tt0103099,2018-08-19,2018-08-19,,"Tongues Untied","Tongues Untied",https://www.imdb.com/title/tt0103099/,Movie,7.1,55,1989,"Documentary",2131,1989-07,"Marlon Riggs",,
874,tt0101640,2018-08-19,2018-08-19,,"Raise the Red Lantern","Da hong denglong gaogao gua",https://www.imdb.com/title/tt0101640/,Movie,8.1,125,1991,"Drama, Romance",37793,2026,"Yimou Zhang",,
875,tt0102015,2018-08-19,2018-08-19,,"Hearts of Darkness: A Filmmaker's Apocalypse","Hearts of Darkness: A Filmmaker's Apocalypse",https://www.imdb.com/title/tt0102015/,Movie,8.1,96,1991,"Documentary",25610,1991-12-06,"Fax Bahr, George Hickenlooper, Eleanor Coppola",,
876,tt0102511,2018-08-19,2018-08-19,,"Naked Lunch","Naked Lunch",https://www.imdb.com/title/tt0102511/,Movie,6.9,115,1991,"Drama, Mystery",60672,1992-04-24,"David Cronenberg",,
877,tt0105275,2018-08-19,2018-08-19,,"Romper Stomper","Romper Stomper",https://www.imdb.com/title/tt0105275/,Movie,6.8,94,1992,"Crime, Drama, Thriller",43476,1992-11-12,"Geoffrey Wright",,
878,tt0105488,2018-08-19,2018-08-19,,"Strictly Ballroom","Strictly Ballroom",https://www.imdb.com/title/tt0105488/,Movie,7.2,94,1992,"Comedy, Drama, Music, Romance",30822,1993-02-12,"Baz Luhrmann",,
879,tt0105151,2018-08-19,2018-08-19,,"The Player","The Player",https://www.imdb.com/title/tt0105151/,Movie,7.5,124,1992,"Comedy, Crime, Drama, Thriller",71902,1992-05-08,"Robert Altman",,
880,tt0105236,2018-08-19,2018-08-19,,"Reservoir Dogs","Reservoir Dogs",https://www.imdb.com/title/tt0105236/,Movie,8.3,99,1992,"Crime, Thriller",1166678,1992-09-02,"Quentin Tarantino",8,2012-03-14
881,tt0104348,2018-08-19,2018-08-19,,"Glengarry Glen Ross","Glengarry Glen Ross",https://www.imdb.com/title/tt0104348/,Movie,7.6,100,1992,"Crime, Drama, Mystery",126504,1992-10-02,"James Foley",6,2015-02-08
882,tt0104008,2018-08-19,2018-08-19,,"A Tale of Winter","Conte d'hiver",https://www.imdb.com/title/tt0104008/,Movie,7.2,114,1992,"Drama, Romance",6997,1992-01-29,"Éric Rohmer",,
883,tt0105695,2018-08-19,2018-08-19,,"Unforgiven","Unforgiven",https://www.imdb.com/title/tt0105695/,Movie,8.2,130,1992,"Drama, Western",467307,1992-08-07,"Clint Eastwood",7,2012-03-14
884,tt0102816,2018-08-19,2018-08-19,,"Center Stage","Ruan Lingyu",https://www.imdb.com/title/tt0102816/,Movie,7.4,126,1991,"Biography, Drama, Romance",3158,1991-11-29,"Stanley Kwan",,
885,tt0103905,2018-08-19,2018-08-19,,"Man Bites Dog","C'est arrivé près de chez vous",https://www.imdb.com/title/tt0103905/,Movie,7.4,95,1992,"Comedy, Crime, Drama",46081,1993-01-15,"Rémy Belvaux, André Bonzel, Benoît Poelvoorde",,
886,tt0104036,2018-08-19,2018-08-19,,"The Crying Game","The Crying Game",https://www.imdb.com/title/tt0104036/,Movie,7.2,112,1992,"Crime, Drama, Romance, Thriller",63333,1993-02-19,"Neil Jordan",6,2015-02-04
887,tt0103874,2018-08-19,2018-08-19,,"Dracula","Bram Stoker's Dracula",https://www.imdb.com/title/tt0103874/,Movie,7.4,128,1992,"Fantasy, Horror, Romance",268155,1992-11-13,"Francis Ford Coppola",,
888,tt0103919,2018-08-19,2018-08-19,,"Candyman","Candyman",https://www.imdb.com/title/tt0103919/,Movie,6.7,99,1992,"Horror, Thriller",109185,1992-10-16,"Bernard Rose",,
889,tt0103634,2018-08-19,2018-08-19,,"Aileen Wuornos: The Selling of a Serial Killer","Aileen Wuornos: The Selling of a Serial Killer",https://www.imdb.com/title/tt0103634/,Movie,6.9,87,1992,"Documentary, Crime",3217,1994-02-04,"Nick Broomfield",,
890,tt0107358,2018-08-19,2018-08-19,,"The Blue Kite","Lan feng zheng",https://www.imdb.com/title/tt0107358/,Movie,7.5,140,1993,"Drama, History",3497,1994-03-25,"Zhuangzhuang Tian",,
891,tt0107818,2018-08-19,2018-08-19,,"Philadelphia","Philadelphia",https://www.imdb.com/title/tt0107818/,Movie,7.7,125,1993,"Drama",273130,1994-01-14,"Jonathan Demme",7,2012-06-04
892,tt0107157,2018-08-19,2018-08-19,,"The Puppetmaster","Xi meng ren sheng",https://www.imdb.com/title/tt0107157/,Movie,7.0,142,1993,"Biography, Drama, War",2250,1993-12-08,"Hsiao-Hsien Hou",,
893,tt0108122,2018-08-19,2018-08-19,,"Short Cuts","Short Cuts",https://www.imdb.com/title/tt0108122/,Movie,7.6,188,1993,"Comedy, Drama",49824,1993-10-01,"Robert Altman",,
894,tt0108052,2018-08-19,2018-08-19,,"Schindler's List","Schindler's List",https://www.imdb.com/title/tt0108052/,Movie,9.0,195,1993,"Biography, Drama, History",1579335,1994-02-04,"Steven Spielberg",10,2014-07-08
895,tt0108394,2018-08-19,2018-08-19,,"Three Colors: Blue","Trois couleurs: Bleu",https://www.imdb.com/title/tt0108394/,Movie,7.8,98,1993,"Drama, Music, Mystery, Romance",118590,1993-09-08,"Krzysztof Kieslowski",8,2016-10-06
896,tt0106332,2018-08-19,2018-08-19,,"Farewell My Concubine","Ba wang bie ji",https://www.imdb.com/title/tt0106332/,Movie,8.1,171,1993,"Drama, Music, Romance",36801,1993-10-15,"Kaige Chen",,
897,tt0107048,2018-08-19,2018-08-19,,"Groundhog Day","Groundhog Day",https://www.imdb.com/title/tt0107048/,Movie,8.0,101,1993,"Comedy, Drama, Fantasy, Romance",735502,1993-02-12,"Harold Ramis",7,2016-11-27
898,tt0107822,2018-08-19,2018-08-19,,"The Piano","The Piano",https://www.imdb.com/title/tt0107822/,Movie,7.5,121,1993,"Drama, Music, Romance",100968,1994-02-11,"Jane Campion",8,2012-06-04
899,tt0107156,2018-08-19,2018-08-19,,"The Wedding Banquet","Xi yan",https://www.imdb.com/title/tt0107156/,Movie,7.6,106,1993,"Comedy, Drama, Romance",18835,1993-08-04,"Ang Lee",,
900,tt0108328,2018-08-19,2018-08-19,,"Thirty Two Short Films About Glenn Gould","Thirty Two Short Films About Glenn Gould",https://www.imdb.com/title/tt0108328/,Movie,7.3,98,1993,"Biography, Drama, Music",4234,1993-11-26,"François Girard",,
901,tt0107290,2018-08-19,2018-08-19,,"Jurassic Park","Jurassic Park",https://www.imdb.com/title/tt0107290/,Movie,8.2,127,1993,"Action, Adventure, Sci-Fi, Thriller",1171519,1993-06-11,"Steven Spielberg",6,2012-03-14
902,tt0106226,2018-08-19,2018-08-19,,"The Age of Innocence","The Age of Innocence",https://www.imdb.com/title/tt0106226/,Movie,7.2,139,1993,"Drama, Romance",74414,1993-10-01,"Martin Scorsese",8,2014-12-13
903,tt0110357,2018-08-19,2018-08-19,,"The Lion King","The Lion King",https://www.imdb.com/title/tt0110357/,Movie,8.5,88,1994,"Animation, Adventure, Drama, Family, Musical",1253000,1994-06-24,"Roger Allers, Rob Minkoff",7,2014-11-12
904,tt0110308,2018-08-19,2018-08-19,,"The Last Seduction","The Last Seduction",https://www.imdb.com/title/tt0110308/,Movie,7.0,110,1994,"Crime, Drama, Romance, Thriller",28498,1994-10-26,"John Dahl",,
905,tt0111019,2018-08-19,2018-08-19,,"Wild Reeds","Les roseaux sauvages",https://www.imdb.com/title/tt0111019/,Movie,7.3,110,1994,"Drama, Romance",7221,1995-05-10,"André Téchiné",,
906,tt0109508,2018-08-19,2018-08-19,,"Crumb","Crumb",https://www.imdb.com/title/tt0109508/,Movie,8.0,119,1994,"Documentary, Biography, Comedy, Drama",22951,1995-04-28,"Terry Zwigoff",6,2015-02-01
907,tt0110005,2018-08-19,2018-08-19,,"Heavenly Creatures","Heavenly Creatures",https://www.imdb.com/title/tt0110005/,Movie,7.2,99,1994,"Biography, Crime, Drama, Thriller",70856,1994-10-14,"Peter Jackson",,
908,tt0110912,2018-08-19,2018-08-19,,"Pulp Fiction","Pulp Fiction",https://www.imdb.com/title/tt0110912/,Movie,8.8,154,1994,"Crime, Drama",2424281,1994-10-14,"Quentin Tarantino",9,2007-08-22
909,tt0111495,2018-08-19,2018-08-19,,"Three Colors: Red","Trois couleurs: Rouge",https://www.imdb.com/title/tt0111495/,Movie,8.1,99,1994,"Drama, Mystery, Romance",116633,1994-11-23,"Krzysztof Kieslowski",7,2011-12-14
910,tt0110632,2018-08-19,2018-08-19,,"Natural Born Killers","Natural Born Killers",https://www.imdb.com/title/tt0110632/,Movie,7.2,119,1994,"Crime, Romance",267035,1994-08-26,"Oliver Stone",7,2015-02-03
911,tt0110598,2018-08-19,2018-08-19,,"Muriel's Wedding","Muriel's Wedding",https://www.imdb.com/title/tt0110598/,Movie,7.3,106,1994,"Comedy, Drama",45037,1995-03-31,"P.J. Hogan",6,2015-02-01
912,tt0109045,2018-08-19,2018-08-19,,"The Adventures of Priscilla, Queen of the Desert","The Adventures of Priscilla, Queen of the Desert",https://www.imdb.com/title/tt0109045/,Movie,7.5,104,1994,"Comedy, Music",61141,1994-08-10,"Stephan Elliott",,
913,tt0110057,2018-08-19,2018-08-19,,"Hoop Dreams","Hoop Dreams",https://www.imdb.com/title/tt0110057/,Movie,8.3,170,1994,"Documentary, Drama, Sport",29487,1994-10-14,"Steve James",,
914,tt0111341,2018-08-19,2018-08-19,,"Satantango","Sátántangó",https://www.imdb.com/title/tt0111341/,Movie,8.2,439,1994,"Drama",14146,1994-04-28,"Béla Tarr",7,2015-02-10
915,tt0109445,2018-08-19,2018-08-19,,"Clerks","Clerks",https://www.imdb.com/title/tt0109445/,Movie,7.7,92,1994,"Comedy",239988,1994-11-09,"Kevin Smith",,
916,tt0109831,2018-08-19,2018-08-19,,"Four Weddings and a Funeral","Four Weddings and a Funeral",https://www.imdb.com/title/tt0109831/,Movie,7.1,117,1994,"Comedy, Drama, Romance",181460,1994-04-15,"Mike Newell",6,2015-03-18
917,tt0109830,2018-08-19,2018-08-19,,"Forrest Gump","Forrest Gump",https://www.imdb.com/title/tt0109830/,Movie,8.8,142,1994,"Drama, Romance",2483507,1994-07-06,"Robert Zemeckis",6,2010-01-07
918,tt0111845,2018-08-19,2018-08-19,,"Through the Olive Trees","Zire darakhatan zeyton",https://www.imdb.com/title/tt0111845/,Movie,7.7,103,1994,"Drama",11786,1995-01-25,"Abbas Kiarostami",,
919,tt0111161,2018-08-19,2018-08-19,,"The Shawshank Redemption","The Shawshank Redemption",https://www.imdb.com/title/tt0111161/,Movie,9.3,142,1994,"Drama",3172204,1994-10-14,"Frank Darabont",8,2007-08-22
920,tt0109382,2018-08-19,2018-08-19,,"Dear Diary","Caro diario",https://www.imdb.com/title/tt0109382/,Movie,7.2,100,1993,"Biography, Comedy, Drama",10027,1994-09-30,"Nanni Moretti",,
921,tt0109424,2018-08-19,2018-08-19,,"Chungking Express","Chung Hing sam lam",https://www.imdb.com/title/tt0109424/,Movie,7.9,102,1994,"Comedy, Crime, Drama, Mystery, Romance",110193,1996-03-08,"Wong Kar-Wai",7,2015-01-31
922,tt0108906,2018-08-19,2018-08-19,,"The Kingdom","Riget",https://www.imdb.com/title/tt0108906/,TV Series,8.2,60,1994,"Comedy, Drama, Fantasy, Horror, Mystery",21475,1994-11-24,,,
923,tt0110299,2020-12-05,2020-12-05,,"Lamerica","Lamerica",https://www.imdb.com/title/tt0110299/,Movie,7.4,116,1994,"Comedy, Drama",2504,1995-10-04,"Gianni Amelio",,
924,tt0112573,2018-08-19,2018-08-19,,"Braveheart","Braveheart",https://www.imdb.com/title/tt0112573/,Movie,8.3,178,1995,"Biography, Drama, War",1157574,1995-05-24,"Mel Gibson",8,2015-01-31
925,tt0131356,2018-08-19,2018-08-19,,"Deseret","Deseret",https://www.imdb.com/title/tt0131356/,Movie,5.8,82,1995,"Documentary",542,2014-06-14,"James Benning",,
926,tt0112431,2018-08-19,2018-08-19,,"Babe","Babe",https://www.imdb.com/title/tt0112431/,Movie,6.9,91,1995,"Comedy, Drama, Family",141785,1995-08-04,"Chris Noonan",,
927,tt0114369,2018-08-19,2018-08-19,,"Seven","Se7en",https://www.imdb.com/title/tt0114369/,Movie,8.6,127,1995,"Crime, Drama, Mystery, Thriller",2009584,1995-09-22,"David Fincher",9,2007-08-22
928,tt0114478,2018-08-19,2018-08-19,,"Smoke","Smoke",https://www.imdb.com/title/tt0114478/,Movie,7.4,112,1995,"Comedy, Drama",39901,1995-06-09,"Wayne Wang",7,2013-05-19
929,tt0112445,2018-08-19,2018-08-19,,"The White Balloon","Badkonake sefid",https://www.imdb.com/title/tt0112445/,Movie,7.6,85,1995,"Drama, Family",9170,1995,"Jafar Panahi",,
930,tt0114787,2018-08-19,2018-08-19,,"Underground","Underground",https://www.imdb.com/title/tt0114787/,Movie,8.0,167,1995,"Comedy, Drama, Fantasy, War",64058,1997-06-20,"Emir Kusturica",7,2012-06-04
931,tt0112870,2018-08-19,2018-08-19,,"Dilwale Dulhania Le Jayenge","Dilwale Dulhania Le Jayenge",https://www.imdb.com/title/tt0112870/,Movie,8.0,181,1995,"Drama, Romance",85053,2025-11-01,"Aditya Chopra",8,2012-12-22
932,tt0112767,2018-08-19,2018-08-19,,"Cyclo","Xich Lo",https://www.imdb.com/title/tt0112767/,Movie,7.1,123,1995,"Crime, Drama",5919,1996-08-02,"Anh Hung Tran",7,2012-12-23
933,tt0112697,2018-08-19,2018-08-19,,"Clueless","Clueless",https://www.imdb.com/title/tt0112697/,Movie,6.9,97,1995,"Comedy, Romance",276290,1995-07-19,"Amy Heckerling",5,2015-01-29
934,tt0114323,2018-08-19,2018-08-19,,"Safe","Safe",https://www.imdb.com/title/tt0114323/,Movie,7.1,119,1995,"Drama",19261,1995-06-30,"Todd Haynes",5,2013-02-16
935,tt0113277,2018-08-19,2018-08-19,,"Heat","Heat",https://www.imdb.com/title/tt0113277/,Movie,8.3,170,1995,"Action, Crime, Drama",798445,1995-12-15,"Michael Mann",9,2012-04-09
936,tt0114709,2018-08-19,2018-08-19,,"Toy Story","Toy Story",https://www.imdb.com/title/tt0114709/,Movie,8.3,81,1995,"Animation, Adventure, Comedy, Family, Fantasy",1168311,1995-11-22,"John Lasseter",7,2025-03-04
937,tt0120363,2018-08-19,2018-08-19,,"Toy Story 2","Toy Story 2",https://www.imdb.com/title/tt0120363/,Movie,7.9,92,1999,"Animation, Adventure, Comedy, Family, Fantasy",666847,1999-11-24,"John Lasseter, Ash Brannon, Lee Unkrich",,
938,tt0435761,2018-08-19,2018-08-19,,"Toy Story 3","Toy Story 3",https://www.imdb.com/title/tt0435761/,Movie,8.3,103,2010,"Animation, Adventure, Comedy, Family, Fantasy",965590,2010-06-18,"Lee Unkrich",,
939,tt0112817,2018-08-19,2018-08-19,,"Dead Man","Dead Man",https://www.imdb.com/title/tt0112817/,Movie,7.5,121,1995,"Adventure, Drama, Western",108789,1996-05-10,"Jim Jarmusch",8,2015-01-29
940,tt1979376,2020-12-05,2020-12-05,,"Toy Story 4","Toy Story 4",https://www.imdb.com/title/tt1979376/,Movie,7.6,100,2019,"Animation, Adventure, Comedy, Family, Fantasy",312452,2019-06-21,"Josh Cooley",,
941,tt0114814,2018-08-19,2018-08-19,,"The Usual Suspects","The Usual Suspects",https://www.imdb.com/title/tt0114814/,Movie,8.5,106,1995,"Crime, Drama, Mystery, Thriller",1234171,1995-08-16,"Bryan Singer",7,2012-04-05
942,tt0113557,2018-08-19,2018-08-19,,"Zero Kelvin","Kjærlighetens kjøtere",https://www.imdb.com/title/tt0113557/,Movie,7.2,113,1995,"Drama",2327,1996-11-27,"Hans Petter Moland",8,2015-01-30
943,tt0112641,2018-08-19,2018-08-19,,"Casino","Casino",https://www.imdb.com/title/tt0112641/,Movie,8.2,178,1995,"Crime, Drama",616457,1995-11-22,"Martin Scorsese",8,2009-12-16
944,tt0114558,2018-08-19,2018-08-19,,"Strange Days","Strange Days",https://www.imdb.com/title/tt0114558/,Movie,7.2,145,1995,"Crime, Drama, Sci-Fi, Thriller",84814,1995-10-13,"Kathryn Bigelow",,
945,tt0117951,2018-08-19,2018-08-19,,"Trainspotting","Trainspotting",https://www.imdb.com/title/tt0117951/,Movie,8.1,93,1996,"Crime, Drama",767051,1996-08-09,"Danny Boyle",8,2012-04-06
946,tt0116282,2018-08-19,2018-08-19,,"Fargo","Fargo",https://www.imdb.com/title/tt0116282/,Movie,8.1,98,1996,"Crime, Drama, Thriller",784819,1996-04-05,"Joel Coen, Ethan Coen",8,2012-03-14
947,tt0116384,2018-08-19,2018-08-19,,"Gabbeh","Gabbeh",https://www.imdb.com/title/tt0116384/,Movie,6.9,75,1996,"Drama, Mystery, Romance",3975,1997-06-25,"Mohsen Makhmalbaf",6,2012-07-24
948,tt0117968,2018-08-19,2018-08-19,,"Three Lives and Only One Death","Trois vies et une seule mort",https://www.imdb.com/title/tt0117968/,Movie,6.8,123,1996,"Comedy, Crime, Fantasy, Mystery",1700,1996-10-11,"Raúl Ruiz",,
949,tt0117631,2018-08-19,2018-08-19,,"Shine","Shine",https://www.imdb.com/title/tt0117631/,Movie,7.6,105,1996,"Biography, Drama, Music, Romance",58876,1997-02-14,"Scott Hicks",8,2012-06-04
950,tt0117571,2018-08-19,2018-08-19,,"Scream","Scream",https://www.imdb.com/title/tt0117571/,Movie,7.4,111,1996,"Horror, Mystery",443381,1996-12-20,"Wes Craven",6,2012-10-12
951,tt0117589,2018-08-19,2018-08-19,,"Secrets & Lies","Secrets & Lies",https://www.imdb.com/title/tt0117589/,Movie,8.0,136,1996,"Comedy, Drama",51276,1997-02-28,"Mike Leigh",8,2012-11-07
952,tt0116209,2018-08-19,2018-08-19,,"The English Patient","The English Patient",https://www.imdb.com/title/tt0116209/,Movie,7.4,162,1996,"Drama, Romance, War",213084,1996-12-06,"Anthony Minghella",8,2012-07-30
953,tt0116905,2018-08-19,2018-08-19,,"Lone Star","Lone Star",https://www.imdb.com/title/tt0116905/,Movie,7.4,135,1996,"Drama, Mystery, Western",35501,1996-06-21,"John Sayles",7,2012-11-05
954,tt0115751,2018-08-19,2018-08-19,,"Breaking the Waves","Breaking the Waves",https://www.imdb.com/title/tt0115751/,Movie,7.8,153,1996,"Drama",75728,1996-11-13,"Lars von Trier",7,2014-01-02
955,tt0116629,2018-08-19,2018-08-19,,"Independence Day","Independence Day",https://www.imdb.com/title/tt0116629/,Movie,7.0,145,1996,"Action, Adventure, Sci-Fi",644879,1996-07-03,"Roland Emmerich",5,2012-03-14
956,tt0114134,2018-08-19,2018-08-19,,"The Pillow Book","The Pillow Book",https://www.imdb.com/title/tt0114134/,Movie,6.5,126,1996,"Drama",14216,1997-06-06,"Peter Greenaway",,
957,tt0119349,2018-08-19,2018-08-19,,"The Ice Storm","The Ice Storm",https://www.imdb.com/title/tt0119349/,Movie,7.3,112,1997,"Drama",63548,1997-11-26,"Ang Lee",6,2012-06-08
958,tt0119250,2018-08-19,2018-08-19,,"Fireworks","Hana-bi",https://www.imdb.com/title/tt0119250/,Movie,7.7,103,1997,"Crime, Drama, Romance, Thriller",35456,1998-03-20,"Takeshi Kitano",,
959,tt0118749,2018-08-19,2018-08-19,,"Boogie Nights","Boogie Nights",https://www.imdb.com/title/tt0118749/,Movie,7.9,155,1997,"Drama",304449,1997-10-31,"Paul Thomas Anderson",7,2015-01-13
960,tt0119488,2018-08-19,2018-08-19,,"L.A. Confidential","L.A. Confidential",https://www.imdb.com/title/tt0119488/,Movie,8.2,138,1997,"Crime, Drama, Mystery, Thriller",657157,1997-09-19,"Curtis Hanson",7,2011-05-17
961,tt0119167,2018-08-19,2018-08-19,,"Funny Games","Funny Games",https://www.imdb.com/title/tt0119167/,Movie,7.5,108,1997,"Crime, Drama, Horror, Thriller",96420,1998-03-11,"Michael Haneke",7,2012-06-04
962,tt0125659,2018-08-19,2018-08-19,,"Open Your Eyes","Abre los ojos",https://www.imdb.com/title/tt0125659/,Movie,7.7,119,1997,"Drama, Mystery, Sci-Fi, Thriller",76905,1997-12-19,"Alejandro Amenábar",8,2007-12-13
963,tt0120255,2018-08-19,2018-08-19,,"The Sweet Hereafter","The Sweet Hereafter",https://www.imdb.com/title/tt0120255/,Movie,7.4,112,1997,"Drama",38144,1997-11-21,"Atom Egoyan",7,2012-06-07
964,tt0120338,2018-08-19,2018-08-19,,"Titanic","Titanic",https://www.imdb.com/title/tt0120338/,Movie,8.0,194,1997,"Drama, Romance",1386303,1997-12-19,"James Cameron",7,2015-01-14
965,tt0120265,2018-08-19,2018-08-19,,"Taste of Cherry","Ta'm e guilass",https://www.imdb.com/title/tt0120265/,Movie,7.7,95,1997,"Drama",43510,1997-11-26,"Abbas Kiarostami",6,2012-06-08
966,tt0118954,2018-08-19,2018-08-19,,"Deconstructing Harry","Deconstructing Harry",https://www.imdb.com/title/tt0118954/,Movie,7.3,96,1997,"Comedy",50419,1998-01-02,"Woody Allen",7,2012-07-24
967,tt0118845,2018-08-19,2018-08-19,,"Happy Together","Chun gwong ja sit",https://www.imdb.com/title/tt0118845/,Movie,7.7,96,1997,"Drama, Romance",38022,1997-05-30,"Wong Kar-Wai",6,2012-07-23
968,tt0119698,2018-08-19,2018-08-19,,"Princess Mononoke","Mononoke-hime",https://www.imdb.com/title/tt0119698/,Movie,8.3,133,1997,"Animation, Adventure, Fantasy",481244,1997-07-12,"Hayao Miyazaki",,
969,tt0119107,2018-08-19,2018-08-19,,"Fast, Cheap & Out of Control","Fast, Cheap & Out of Control",https://www.imdb.com/title/tt0119107/,Movie,7.1,80,1997,"Documentary",4099,1997-10-03,"Errol Morris",7,2012-11-04
970,tt0118804,2018-08-19,2018-08-19,,"The Butcher Boy","The Butcher Boy",https://www.imdb.com/title/tt0118804/,Movie,7.1,110,1997,"Comedy, Drama",11993,1998-02-20,"Neil Jordan",5,2012-07-24
971,tt0119485,2018-08-19,2018-08-19,,"Kundun","Kundun",https://www.imdb.com/title/tt0119485/,Movie,7.0,134,1997,"Biography, Drama, History, War",32118,1998-01-16,"Martin Scorsese",7,2012-11-15
972,tt0119711,2018-08-19,2018-08-19,,"Mother and Son","Mat i syn",https://www.imdb.com/title/tt0119711/,Movie,7.2,73,1997,"Drama",4479,1998-02-06,"Aleksandr Sokurov",6,2012-10-23
973,tt0120815,2018-08-19,2018-08-19,,"Saving Private Ryan","Saving Private Ryan",https://www.imdb.com/title/tt0120815/,Movie,8.6,169,1998,"Drama, War",1630794,1998-07-24,"Steven Spielberg",8,2007-12-13
974,tt0130827,2018-08-19,2018-08-19,,"Run Lola Run","Lola rennt",https://www.imdb.com/title/tt0130827/,Movie,7.6,80,1998,"Action, Crime, Thriller",217484,1999-06-18,"Tom Tykwer",7,2012-06-03
975,tt0128445,2018-08-19,2018-08-19,,"Rushmore","Rushmore",https://www.imdb.com/title/tt0128445/,Movie,7.6,93,1998,"Comedy, Drama, Romance",207930,1999-02-19,"Wes Anderson",6,2012-06-02
976,tt0154420,2018-08-19,2018-08-19,,"The Celebration","Festen",https://www.imdb.com/title/tt0154420/,Movie,8.0,101,1998,"Drama",100532,1998-06-19,"Thomas Vinterberg",8,2015-01-14
977,tt0118789,2018-08-19,2018-08-19,,"Buffalo '66","Buffalo '66",https://www.imdb.com/title/tt0118789/,Movie,7.4,110,1998,"Comedy, Drama, Romance",67330,1998-06-26,"Vincent Gallo",7,2012-06-05
978,tt0178868,2018-08-19,2018-08-19,,"The Ring","Ringu",https://www.imdb.com/title/tt0178868/,Movie,7.2,96,1998,"Horror, Mystery",85531,1998-01-31,"Hideo Nakata",6,2012-06-01
979,tt0147612,2018-08-19,2018-08-19,,"Happiness","Happiness",https://www.imdb.com/title/tt0147612/,Movie,7.7,134,1998,"Comedy, Drama",79575,1998-10-16,"Todd Solondz",7,2012-11-11
980,tt0120863,2018-08-19,2018-08-19,,"The Thin Red Line","The Thin Red Line",https://www.imdb.com/title/tt0120863/,Movie,7.6,170,1998,"Drama, History, War",212358,1999-01-15,"Terrence Malick",9,2012-06-02
981,tt0096251,2018-08-19,2018-08-19,,"Tetsuo: The Iron Man","Tetsuo",https://www.imdb.com/title/tt0096251/,Movie,6.9,67,1989,"Horror, Sci-Fi",28916,1989-07-01,"Shin'ya Tsukamoto",,
982,tt0120735,2018-08-19,2018-08-19,,"Lock, Stock and Two Smoking Barrels","Lock, Stock and Two Smoking Barrels",https://www.imdb.com/title/tt0120735/,Movie,8.1,107,1998,"Comedy, Crime",648716,1998-08-28,"Guy Ritchie",7,2012-06-03
983,tt0138704,2018-08-19,2018-08-19,,"Pi","Pi",https://www.imdb.com/title/tt0138704/,Movie,7.3,84,1998,"Drama, Horror, Mystery, Sci-Fi, Thriller",192591,1998-07-10,"Darren Aronofsky",6,2012-06-02
984,tt0154421,2018-08-19,2018-08-19,,"The Idiots","Idioterne",https://www.imdb.com/title/tt0154421/,Movie,6.7,117,1998,"Comedy, Drama",35969,1998-05-20,"Lars von Trier",8,2012-03-15
985,tt0166808,2018-08-19,2018-08-19,,"Sombre","Sombre",https://www.imdb.com/title/tt0166808/,Movie,5.9,112,1998,"Drama, Horror",2060,1999-01-27,"Philippe Grandrieux",5,2012-06-01
986,tt0129387,2018-08-19,2018-08-19,,"There's Something About Mary","There's Something About Mary",https://www.imdb.com/title/tt0129387/,Movie,7.1,119,1998,"Comedy, Romance",347487,1998-07-15,"Bobby Farrelly, Peter Farrelly",7,2015-01-14
987,tt0118715,2018-08-19,2018-08-19,,"The Big Lebowski","The Big Lebowski",https://www.imdb.com/title/tt0118715/,Movie,8.1,117,1998,"Comedy, Crime",914327,1998-03-06,"Joel Coen, Ethan Coen",6,2009-12-29
988,tt0185937,2018-08-19,2018-08-19,,"The Blair Witch Project","The Blair Witch Project",https://www.imdb.com/title/tt0185937/,Movie,6.5,81,1999,"Horror, Mystery",315170,1999-07-30,"Daniel Myrick, Eduardo Sánchez",4,2012-03-14
989,tt0120601,2018-08-19,2018-08-19,,"Being John Malkovich","Being John Malkovich",https://www.imdb.com/title/tt0120601/,Movie,7.7,113,1999,"Comedy, Drama, Fantasy",368849,1999-12-03,"Spike Jonze",6,2007-12-13
990,tt0167404,2018-08-19,2018-08-19,,"The Sixth Sense","The Sixth Sense",https://www.imdb.com/title/tt0167404/,Movie,8.2,107,1999,"Drama, Mystery, Thriller",1139610,1999-08-06,"M. Night Shyamalan",8,2011-11-15
991,tt0120188,2018-08-19,2018-08-19,,"Three Kings","Three Kings",https://www.imdb.com/title/tt0120188/,Movie,7.1,114,1999,"Action, Adventure, Comedy, Drama, War",187235,1999-10-01,"David O. Russell",6,2012-10-23
992,tt0175880,2018-08-19,2018-08-19,,"Magnolia","Magnolia",https://www.imdb.com/title/tt0175880/,Movie,8.0,188,1999,"Drama",349479,2000-01-07,"Paul Thomas Anderson",7,2007-12-04
993,tt0137523,2018-08-19,2018-08-19,,"Fight Club","Fight Club",https://www.imdb.com/title/tt0137523/,Movie,8.8,139,1999,"Crime, Drama, Thriller",2590079,1999-10-15,"David Fincher",9,2007-09-10
994,tt0235198,2018-08-19,2018-08-19,,"Audition","Ôdishon",https://www.imdb.com/title/tt0235198/,Movie,7.1,115,1999,"Drama, Horror, Mystery",98627,2000-03-03,"Takashi Miike",7,2012-11-07
995,tt0169547,2018-08-19,2018-08-19,,"American Beauty","American Beauty",https://www.imdb.com/title/tt0169547/,Movie,8.3,122,1999,"Drama",1276720,1999-10-01,"Sam Mendes",9,2007-12-04
996,tt0209933,2018-08-19,2018-08-19,,"Beau Travail","Beau travail",https://www.imdb.com/title/tt0209933/,Movie,7.3,92,1999,"Drama, War",17998,2000-05-03,"Claire Denis",8,2012-06-01
997,tt0185125,2018-08-19,2018-08-19,,"All About My Mother","Todo sobre mi madre",https://www.imdb.com/title/tt0185125/,Movie,7.8,101,1999,"Comedy, Drama, Romance",109331,2000-03-31,"Pedro Almodóvar",9,2007-12-13
998,tt0133093,2018-08-19,2018-08-19,,"The Matrix","The Matrix",https://www.imdb.com/title/tt0133093/,Movie,8.7,136,1999,"Action, Sci-Fi",2236566,1999-03-31,"Lana Wachowski, Lilly Wachowski",8,2012-05-09
999,tt0213682,2018-08-19,2018-08-19,,"Taboo","Gohatto",https://www.imdb.com/title/tt0213682/,Movie,6.8,100,1999,"Drama, History, Thriller",8459,1999-12-18,"Nagisa Ôshima",6,2012-11-14
1000,tt0200071,2018-08-19,2018-08-19,,"Rosetta","Rosetta",https://www.imdb.com/title/tt0200071/,Movie,7.4,95,1999,"Drama",17057,1999-09-22,"Jean-Pierre Dardenne, Luc Dardenne",7,2012-06-01
1001,tt0209463,2018-08-19,2018-08-19,,"The Wind Will Carry Us","Bad ma ra khahad bord",https://www.imdb.com/title/tt0209463/,Movie,7.4,118,1999,"Drama",13963,1999-11-24,"Abbas Kiarostami",9,2015-01-14
1002,tt0189142,2018-08-19,2018-08-19,,"Marcel Proust's Time Regained","Le temps retrouvé, d'après l'oeuvre de Marcel Proust",https://www.imdb.com/title/tt0189142/,Movie,6.7,169,1999,"Drama, Romance, War",2989,1999-05-19,"Raúl Ruiz",6,2015-01-14
1003,tt0262246,2018-08-19,2018-08-19,,"Attack the Gas Station","Juyuso seubgyuksageun",https://www.imdb.com/title/tt0262246/,Movie,6.9,113,1999,"Comedy, Crime",4705,1999-10-02,"Kim Sang-jin",7,2012-05-29
1004,tt0120663,2018-08-19,2018-08-19,,"Eyes Wide Shut","Eyes Wide Shut",https://www.imdb.com/title/tt0120663/,Movie,7.5,159,1999,"Drama, Mystery, Thriller",426143,1999-07-16,"Stanley Kubrick",8,2015-03-09
1005,tt0247380,2018-08-19,2018-08-19,,"The Gleaners & I","Les glaneurs et la glaneuse",https://www.imdb.com/title/tt0247380/,Movie,7.7,82,2000,"Documentary",10105,2000-07-07,"Agnès Varda",5,2012-03-15
1006,tt0118694,2018-08-19,2018-08-19,,"In the Mood for Love","Fa yeung nin wah",https://www.imdb.com/title/tt0118694/,Movie,8.0,98,2000,"Drama, Romance",187226,2001-03-09,"Wong Kar-Wai",9,2010-09-05
1007,tt0172495,2018-08-19,2018-08-19,,"Gladiator","Gladiator",https://www.imdb.com/title/tt0172495/,Movie,8.5,155,2000,"Action, Adventure, Drama",1839782,2000-05-05,"Ridley Scott",6,2012-03-14
1008,tt0218379,2018-08-19,2018-08-19,,"Kippur","Kippur",https://www.imdb.com/title/tt0218379/,Movie,6.3,117,2000,"Drama, War",2045,2000-09-13,"Amos Gitai",6,2012-11-10
1009,tt0244316,2018-08-19,2018-08-19,,"Yi Yi","Yi yi",https://www.imdb.com/title/tt0244316/,Movie,8.1,173,2000,"Drama",33774,2000-12-16,"Edward Yang",9,2008-05-28
1010,tt0180093,2018-08-19,2018-08-19,,"Requiem for a Dream","Requiem for a Dream",https://www.imdb.com/title/tt0180093/,Movie,8.3,102,2000,"Drama",969842,2000-12-15,"Darren Aronofsky",8,2007-12-04
1011,tt0245712,2018-08-19,2018-08-19,,"Amores Perros","Amores perros",https://www.imdb.com/title/tt0245712/,Movie,8.0,154,2000,"Drama, Thriller",272035,2001-04-13,"Alejandro G. Iñárritu",8,2007-09-10
1012,tt0209144,2018-08-19,2018-08-19,,"Memento","Memento",https://www.imdb.com/title/tt0209144/,Movie,8.4,113,2000,"Drama, Mystery, Thriller",1429472,2001-05-25,"Christopher Nolan",8,2007-09-10
1013,tt0190332,2018-08-19,2018-08-19,,"Crouching Tiger, Hidden Dragon","Wo hu cang long",https://www.imdb.com/title/tt0190332/,Movie,7.9,120,2000,"Action, Adventure, Drama, Fantasy, Romance",293615,2001-01-12,"Ang Lee",7,2012-03-14
1014,tt0247586,2018-08-19,2018-08-19,,"Nine Queens","Nueve reinas",https://www.imdb.com/title/tt0247586/,Movie,7.9,114,2000,"Crime, Drama, Thriller",62440,2000-08-31,"Fabián Bielinsky",6,2012-05-24
1015,tt0216605,2018-08-19,2018-08-19,,"The Captive","La Captive",https://www.imdb.com/title/tt0216605/,Movie,6.0,118,2000,"Drama, Music, Romance",2383,2000-09-27,"Chantal Akerman",7,2012-11-05
1016,tt0260688,2018-08-19,2018-08-19,,"Ali Zaoua: Prince of the Streets","Ali Zaoua, prince de la rue",https://www.imdb.com/title/tt0260688/,Movie,7.3,90,2000,"Drama, Crime",3132,2000-11-25,"Nabil Ayouch",,
1017,tt0212338,2018-08-19,2018-08-19,,"Meet the Parents","Meet the Parents",https://www.imdb.com/title/tt0212338/,Movie,7.0,108,2000,"Comedy, Romance",377121,2000-10-06,"Jay Roach",7,2012-03-15
1018,tt0230783,2018-08-19,2018-08-19,,"Signs & Wonders","Signs & Wonders",https://www.imdb.com/title/tt0230783/,Movie,5.8,105,2000,"Drama",749,2000-03-29,"Jonathan Nossiter, Natalie Douka",,
1019,tt0181865,2019-07-09,2019-07-09,,"Traffic","Traffic",https://www.imdb.com/title/tt0181865/,Movie,7.5,147,2000,"Crime, Drama, Thriller",229991,2001-01-05,"Steven Soderbergh",8,2007-12-13
1020,tt0168629,2018-08-19,2018-08-19,,"Dancer in the Dark","Dancer in the Dark",https://www.imdb.com/title/tt0168629/,Movie,7.9,135,2000,"Crime, Drama, Musical",123609,2000-10-06,"Lars von Trier",6,2012-03-14
1021,tt0190590,2018-08-19,2018-08-19,,"O Brother, Where Art Thou?","O Brother, Where Art Thou?",https://www.imdb.com/title/tt0190590/,Movie,7.7,107,2000,"Adventure, Comedy, Crime, Drama, Music",350770,2001-02-02,"Joel Coen, Ethan Coen",6,2012-04-28
1022,tt0120737,2018-08-19,2018-08-19,,"The Lord of the Rings: The Fellowship of the Ring","The Lord of the Rings: The Fellowship of the Ring",https://www.imdb.com/title/tt0120737/,Movie,8.9,178,2001,"Adventure, Drama, Fantasy",2196585,2001-12-19,"Peter Jackson",7,2012-11-11
1023,tt0167261,2018-08-19,2018-08-19,,"The Lord of the Rings: The Two Towers","The Lord of the Rings: The Two Towers",https://www.imdb.com/title/tt0167261/,Movie,8.8,179,2002,"Adventure, Drama, Fantasy",1947764,2002-12-18,"Peter Jackson",6,2012-11-04
1024,tt0167260,2018-08-19,2018-08-19,,"The Lord of the Rings: The Return of the King","The Lord of the Rings: The Return of the King",https://www.imdb.com/title/tt0167260/,Movie,9.0,201,2003,"Adventure, Drama, Fantasy",2155151,2003-12-17,"Peter Jackson",6,2012-11-11
1025,tt0245429,2018-08-19,2018-08-19,,"Spirited Away","Sen to Chihiro no kamikakushi",https://www.imdb.com/title/tt0245429/,Movie,8.6,124,2001,"Animation, Adventure, Family, Fantasy",961155,2003-03-28,"Hayao Miyazaki",5,2012-11-03
1026,tt0283509,2018-08-19,2018-08-19,,"No Man's Land","No Man's Land",https://www.imdb.com/title/tt0283509/,Movie,7.9,98,2001,"Comedy, Drama, War",50489,2001-09-19,"Danis Tanovic",6,2012-06-08
1027,tt0211915,2018-08-19,2018-08-19,,"Amélie","Le fabuleux destin d'Amélie Poulain",https://www.imdb.com/title/tt0211915/,Movie,8.3,122,2001,"Comedy, Romance",837541,2002-02-08,"Jean-Pierre Jeunet",10,2007-09-10
1028,tt0269746,2018-08-19,2018-08-19,,"What Time Is It There?","Ni na bian ji dian",https://www.imdb.com/title/tt0269746/,Movie,7.3,116,2001,"Drama, Romance",5621,2001-09-26,"Tsai Ming-liang",4,2012-05-04
1029,tt0245574,2018-08-19,2018-08-19,,"Y tu mamá también","Y tu mamá también",https://www.imdb.com/title/tt0245574/,Movie,7.7,106,2001,"Drama",140481,2001-06-08,"Alfonso Cuarón",8,2012-03-15
1030,tt0283431,2018-08-19,2018-08-19,,"Kandahar","Safar-e Ghandehar",https://www.imdb.com/title/tt0283431/,Movie,6.8,81,2001,"Drama",7287,2002-02-01,"Mohsen Makhmalbaf",7,2010-09-05
1031,tt0254686,2018-08-19,2018-08-19,,"The Piano Teacher","La pianiste",https://www.imdb.com/title/tt0254686/,Movie,7.5,131,2001,"Drama, Music, Romance",80251,2001-08-31,"Michael Haneke",7,2012-03-15
1032,tt0208990,2018-08-19,2018-08-19,,"The Son's Room","La stanza del figlio",https://www.imdb.com/title/tt0208990/,Movie,7.3,99,2001,"Drama",22547,2001-03-09,"Nanni Moretti",7,2012-03-15
1033,tt0203009,2018-08-19,2018-08-19,,"Moulin Rouge!","Moulin Rouge!",https://www.imdb.com/title/tt0203009/,Movie,7.5,127,2001,"Drama, Musical, Romance",313728,2001-06-01,"Baz Luhrmann",6,2012-03-14
1034,tt0265343,2018-08-19,2018-08-19,,"Monsoon Wedding","Monsoon Wedding",https://www.imdb.com/title/tt0265343/,Movie,7.3,114,2001,"Comedy, Drama, Romance",27837,2002-04-26,"Mira Nair",8,2012-05-03
1035,tt0243255,2018-08-19,2018-08-19,,"Fat Girl","À ma soeur!",https://www.imdb.com/title/tt0243255/,Movie,6.4,86,2001,"Drama",13988,2001-03-07,"Catherine Breillat",6,2012-04-12
1036,tt0166924,2018-08-19,2018-08-19,,"Mulholland Drive","Mulholland Dr.",https://www.imdb.com/title/tt0166924/,Movie,7.9,147,2001,"Drama, Mystery, Thriller",426315,2001-10-19,"David Lynch",8,2012-03-15
1037,tt0265666,2018-08-19,2018-08-19,,"The Royal Tenenbaums","The Royal Tenenbaums",https://www.imdb.com/title/tt0265666/,Movie,7.6,110,2001,"Comedy, Drama",333596,2002-01-04,"Wes Anderson",7,2010-01-20
1038,tt0259393,2018-08-19,2018-08-19,,"Lantana","Lantana",https://www.imdb.com/title/tt0259393/,Movie,7.2,121,2001,"Drama, Mystery, Romance",20815,2002-03-08,"Ray Lawrence",8,2012-04-13
1039,tt0212720,2018-08-19,2018-08-19,,"A.I. Artificial Intelligence","A.I. Artificial Intelligence",https://www.imdb.com/title/tt0212720/,Movie,7.2,146,2001,"Adventure, Drama, Sci-Fi",338273,2001-06-29,"Steven Spielberg",8,2014-11-18
1040,tt0217505,2018-08-19,2018-08-19,,"Gangs of New York","Gangs of New York",https://www.imdb.com/title/tt0217505/,Movie,7.5,167,2002,"Crime, Drama",503805,2002-12-20,"Martin Scorsese",8,2014-12-16
1041,tt0318034,2018-08-19,2018-08-19,,"Russian Ark","Russkiy kovcheg",https://www.imdb.com/title/tt0318034/,Movie,7.2,99,2002,"Drama, Fantasy, History, Mystery",22913,2003-04-19,"Aleksandr Sokurov",5,2012-10-19
1042,tt0310793,2018-08-19,2018-08-19,,"Bowling for Columbine","Bowling for Columbine",https://www.imdb.com/title/tt0310793/,Movie,7.9,120,2002,"Documentary, Crime, Drama",152279,2002-11-15,"Michael Moore",,
1043,tt0317248,2018-08-19,2018-08-19,,"City of God","Cidade de Deus",https://www.imdb.com/title/tt0317248/,Movie,8.6,130,2002,"Crime, Drama",867603,2004-02-13,"Fernando Meirelles, Kátia Lund",8,2009-12-16
1044,tt0287467,2018-08-19,2018-08-19,,"Talk to Her","Hable con ella",https://www.imdb.com/title/tt0287467/,Movie,7.9,112,2002,"Drama, Mystery, Romance",121532,2003-02-14,"Pedro Almodóvar",8,2007-12-13
1045,tt0253474,2018-08-19,2018-08-19,,"The Pianist","The Pianist",https://www.imdb.com/title/tt0253474/,Movie,8.5,150,2002,"Biography, Drama, Music, War",1007847,2003-03-28,"Roman Polanski",9,2007-12-04
1046,tt0268126,2018-08-19,2018-08-19,,"Adaptation.","Adaptation.",https://www.imdb.com/title/tt0268126/,Movie,7.6,115,2002,"Comedy, Drama",213609,2003-02-14,"Spike Jonze",7,2012-03-14
1047,tt0297884,2018-08-19,2018-08-19,,"Far from Heaven","Far from Heaven",https://www.imdb.com/title/tt0297884/,Movie,7.3,107,2002,"Drama, Romance",51512,2003-01-10,"Todd Haynes",7,2012-04-09
1048,tt0299658,2018-08-19,2018-08-19,,"Chicago","Chicago",https://www.imdb.com/title/tt0299658/,Movie,7.2,113,2002,"Comedy, Crime, Musical",255903,2003-01-24,"Rob Marshall",,
1049,tt0299977,2018-08-19,2018-08-19,,"Hero","Ying xiong",https://www.imdb.com/title/tt0299977/,Movie,7.9,94,2002,"Action, Adventure, Drama",193816,2004-08-27,"Yimou Zhang",6,2012-04-07
1050,tt0346094,2018-08-19,2018-08-19,,"Distant","Uzak",https://www.imdb.com/title/tt0346094/,Movie,7.5,110,2002,"Comedy, Drama",24628,2002-12-20,"Nuri Bilge Ceylan",7,2012-04-09
1051,tt0252444,2018-08-19,2018-08-19,,"Rabbit-Proof Fence","Rabbit-Proof Fence",https://www.imdb.com/title/tt0252444/,Movie,7.4,94,2002,"Adventure, Biography, Drama",31598,2003-01-31,"Phillip Noyce",6,2010-09-02
1052,tt0290673,2018-08-19,2018-08-19,,"Irreversible","Irréversible",https://www.imdb.com/title/tt0290673/,Movie,7.3,97,2002,"Crime, Drama, Mystery, Thriller",162131,2002-05-22,"Gaspar Noé",8,2015-01-31
1053,tt0340468,2018-08-19,2018-08-19,,"Bus 174","Ônibus 174",https://www.imdb.com/title/tt0340468/,Movie,7.8,122,2002,"Documentary, Crime",8993,2003-08-30,"José Padilha, Felipe Lacerda",5,2012-03-14
1054,tt0363589,2018-08-19,2018-08-19,,"Elephant","Elephant",https://www.imdb.com/title/tt0363589/,Movie,7.1,81,2003,"Crime, Drama, Thriller",103889,2003-11-14,"Gus Van Sant",7,2015-02-13
1055,tt0364930,2018-08-19,2018-08-19,,"Aileen: Life and Death of a Serial Killer","Aileen: Life and Death of a Serial Killer",https://www.imdb.com/title/tt0364930/,Movie,7.1,93,2003,"Documentary, Crime",7253,2003-11-21,"Nick Broomfield, Joan Churchill",,
1056,tt0364569,2018-08-19,2018-08-19,,"Oldboy","Oldeuboi",https://www.imdb.com/title/tt0364569/,Movie,8.3,120,2003,"Action, Drama, Mystery, Thriller",714348,2003-11-21,"Park Chan-wook",8,2011-07-12
1057,tt0301357,2018-08-19,2018-08-19,,"Good Bye Lenin!","Good Bye Lenin!",https://www.imdb.com/title/tt0301357/,Movie,7.7,121,2003,"Comedy, Drama, Romance",159440,2004-05-14,"Wolfgang Becker",6,2011-12-09
1058,tt0368913,2018-08-19,2018-08-19,,"Osama","Osama",https://www.imdb.com/title/tt0368913/,Movie,7.3,83,2003,"Drama",9874,2003-06-27,"Siddiq Barmak",,
1059,tt0338135,2018-08-19,2018-08-19,,"The Barbarian Invasions","Les invasions barbares",https://www.imdb.com/title/tt0338135/,Movie,7.5,99,2003,"Comedy, Crime, Drama, Mystery, Romance",30886,2004-03-05,"Denys Arcand",8,2012-04-08
1060,tt0266697,2018-08-19,2018-08-19,,"Kill Bill: Vol. 1","Kill Bill: Vol. 1",https://www.imdb.com/title/tt0266697/,Movie,8.2,111,2003,"Action, Crime, Thriller",1301006,2003-10-10,"Quentin Tarantino",6,2009-12-29
1061,tt0346336,2018-08-19,2018-08-19,,"The Best of Youth","La meglio gioventù",https://www.imdb.com/title/tt0346336/,Movie,8.4,374,2003,"Drama, Romance",27879,2003-06-20,"Marco Tullio Giordana",10,2009-01-12
1062,tt0335266,2018-08-19,2018-08-19,,"Lost in Translation","Lost in Translation",https://www.imdb.com/title/tt0335266/,Movie,7.7,102,2003,"Comedy, Drama",527608,2003-10-03,"Sofia Coppola",8,2011-12-14
1063,tt0347048,2018-08-19,2018-08-19,,"Head-On","Gegen die Wand",https://www.imdb.com/title/tt0347048/,Movie,7.8,121,2004,"Drama, Romance",60682,2004-03-11,"Fatih Akin",8,2012-04-06
1064,tt0398883,2018-08-19,2018-08-19,,"The Consequences of Love","Le conseguenze dell'amore",https://www.imdb.com/title/tt0398883/,Movie,7.4,100,2004,"Crime, Drama, Romance",20499,2004-09-24,"Paolo Sorrentino",,
1065,tt0416991,2018-08-19,2018-08-19,,"Moolaadé","Moolaadé",https://www.imdb.com/title/tt0416991/,Movie,7.6,124,2003,"Drama",4374,2005-03-09,"Ousmane Sembene",,
1066,tt0363163,2018-08-19,2018-08-19,,"Downfall","Der Untergang",https://www.imdb.com/title/tt0363163/,Movie,8.2,156,2004,"Biography, Drama, History, War",399274,2005-04-08,"Oliver Hirschbiegel",7,2012-01-20
1067,tt0361596,2018-08-19,2018-08-19,,"Fahrenheit 9/11","Fahrenheit 9/11",https://www.imdb.com/title/tt0361596/,Movie,7.5,122,2004,"Documentary, Drama, War",134940,2004-06-25,"Michael Moore",7,2010-01-18
1068,tt0335345,2018-08-19,2018-08-19,,"The Passion of the Christ","The Passion of the Christ",https://www.imdb.com/title/tt0335345/,Movie,7.3,127,2004,"Drama",270579,2004-02-25,"Mel Gibson",6,2012-03-14
1069,tt0369339,2018-08-19,2018-08-19,,"Collateral","Collateral",https://www.imdb.com/title/tt0369339/,Movie,7.5,120,2004,"Action, Crime, Drama, Thriller",465863,2004-08-06,"Michael Mann",6,2007-12-04
1070,tt0338751,2018-08-19,2018-08-19,,"The Aviator","The Aviator",https://www.imdb.com/title/tt0338751/,Movie,7.5,170,2004,"Biography, Drama",406937,2004-12-25,"Martin Scorsese",7,2014-12-13
1071,tt0405159,2018-08-19,2018-08-19,,"Million Dollar Baby","Million Dollar Baby",https://www.imdb.com/title/tt0405159/,Movie,8.1,132,2004,"Drama, Sport",763887,2005-01-28,"Clint Eastwood",6,2014-11-18
1072,tt0423866,2018-08-19,2018-08-19,,"3-Iron","Binjip",https://www.imdb.com/title/tt0423866/,Movie,7.9,88,2004,"Crime, Drama, Romance",61181,2004-10-15,"Kim Ki-duk",7,2010-09-30
1073,tt0375679,2018-08-19,2018-08-19,,"Crash","Crash",https://www.imdb.com/title/tt0375679/,Movie,7.7,112,2004,"Crime, Drama, Thriller",461518,2005-05-06,"Paul Haggis",8,2012-04-06
1074,tt0375063,2018-08-19,2018-08-19,,"Sideways","Sideways",https://www.imdb.com/title/tt0375063/,Movie,7.5,127,2004,"Comedy, Drama, Romance",216522,2004-10-22,"Alexander Payne",7,2012-03-14
1075,tt0344510,2018-08-19,2018-08-19,,"A Very Long Engagement","Un long dimanche de fiançailles",https://www.imdb.com/title/tt0344510/,Movie,7.6,133,2004,"Drama, Mystery, Romance, War",77844,2005-01-14,"Jean-Pierre Jeunet",7,2010-01-18
1076,tt0468565,2018-08-19,2018-08-19,,"Tsotsi","Tsotsi",https://www.imdb.com/title/tt0468565/,Movie,7.2,94,2005,"Crime, Drama",32313,2006-03-31,"Gavin Hood",9,2010-01-18
1077,tt0388795,2018-08-19,2018-08-19,,"Brokeback Mountain","Brokeback Mountain",https://www.imdb.com/title/tt0388795/,Movie,7.7,134,2005,"Drama, Romance",415492,2006-01-13,"Ang Lee",6,2010-01-18
1078,tt0388505,2018-08-19,2018-08-19,,"Live and Become","Va, vis et deviens",https://www.imdb.com/title/tt0388505/,Movie,7.8,140,2005,"Drama",6575,2008-02-01,"Radu Mihaileanu",9,2010-01-18
1079,tt0445620,2018-08-19,2018-08-19,,"Paradise Now","Paradise Now",https://www.imdb.com/title/tt0445620/,Movie,7.4,91,2005,"Crime, Drama, Thriller, War",24841,2005-11-18,"Hany Abu-Assad",8,2010-01-18
1080,tt0387898,2018-08-19,2018-08-19,,"Caché","Caché",https://www.imdb.com/title/tt0387898/,Movie,7.3,117,2005,"Drama, Mystery, Thriller",89975,2006-02-17,"Michael Haneke",6,2012-04-07
1081,tt0387131,2018-08-19,2018-08-19,,"The Constant Gardener","The Constant Gardener",https://www.imdb.com/title/tt0387131/,Movie,7.3,129,2005,"Drama, Mystery, Romance, Thriller",155541,2005-08-31,"Fernando Meirelles",8,2010-01-18
1082,tt0449059,2018-08-19,2018-08-19,,"Little Miss Sunshine","Little Miss Sunshine",https://www.imdb.com/title/tt0449059/,Movie,7.8,101,2006,"Comedy, Drama",556003,2006-08-18,"Jonathan Dayton, Valerie Faris",5,2012-04-06
1083,tt0457430,2018-08-19,2018-08-19,,"Pan's Labyrinth","El laberinto del fauno",https://www.imdb.com/title/tt0457430/,Movie,8.2,118,2006,"Drama, Fantasy, War",744885,2007-01-19,"Guillermo del Toro",8,2007-09-10
1084,tt0405094,2018-08-19,2018-08-19,,"The Lives of Others","Das Leben der Anderen",https://www.imdb.com/title/tt0405094/,Movie,8.4,137,2006,"Drama, Mystery, Thriller",441985,2007-03-30,"Florian Henckel von Donnersmarck",10,2012-04-06
1085,tt0407887,2018-08-19,2018-08-19,,"The Departed","The Departed",https://www.imdb.com/title/tt0407887/,Movie,8.5,151,2006,"Crime, Drama, Thriller",1547177,2006-10-06,"Martin Scorsese",7,2009-12-29
1086,tt0472043,2018-08-19,2018-08-19,,"Apocalypto","Apocalypto",https://www.imdb.com/title/tt0472043/,Movie,7.8,139,2006,"Action, Adventure, Drama, Thriller",356896,2006-12-08,"Mel Gibson",7,2012-04-06
1087,tt0443453,2018-08-19,2018-08-19,,"Borat","Borat: Cultural Learnings of America for Make Benefit Glorious Nation of Kazakhstan",https://www.imdb.com/title/tt0443453/,Movie,7.4,84,2006,"Comedy",474968,2006-11-03,"Larry Charles",6,2012-03-23
1088,tt0907657,2018-08-19,2018-08-19,,"Once","Once",https://www.imdb.com/title/tt0907657/,Movie,7.8,86,2006,"Drama, Music, Musical, Romance",124828,2007-06-15,"John Carney",6,2012-03-24
1089,tt0436697,2018-08-19,2018-08-19,,"The Queen","The Queen",https://www.imdb.com/title/tt0436697/,Movie,7.3,103,2006,"Biography, Drama",119541,2006-11-17,"Stephen Frears",6,2012-03-25
1090,tt0468492,2018-08-19,2018-08-19,,"The Host","Goemool",https://www.imdb.com/title/tt0468492/,Movie,7.1,120,2006,"Drama, Horror, Sci-Fi",142563,2007-03-30,"Bong Joon Ho",4,2012-03-25
1091,tt0482571,2018-08-19,2018-08-19,,"The Prestige","The Prestige",https://www.imdb.com/title/tt0482571/,Movie,8.5,130,2006,"Drama, Mystery, Sci-Fi, Thriller",1579407,2006-10-20,"Christopher Nolan",7,2012-03-14
1092,tt0206634,2018-08-19,2018-08-19,,"Children of Men","Children of Men",https://www.imdb.com/title/tt0206634/,Movie,7.9,109,2006,"Drama, Sci-Fi, Thriller",564075,2007-01-05,"Alfonso Cuarón",7,2012-03-23
1093,tt0475276,2018-08-19,2018-08-19,,"United 93","United 93",https://www.imdb.com/title/tt0475276/,Movie,7.6,111,2006,"Action, Drama, History, Thriller",115325,2006-04-28,"Paul Greengrass",5,2011-09-18
1094,tt0455590,2018-08-19,2018-08-19,,"The Last King of Scotland","The Last King of Scotland",https://www.imdb.com/title/tt0455590/,Movie,7.6,123,2006,"Biography, Drama, History, Thriller",205426,2007-01-19,"Kevin Macdonald",7,2010-01-06
1095,tt0449467,2018-08-19,2018-08-19,,"Babel","Babel",https://www.imdb.com/title/tt0449467/,Movie,7.4,143,2006,"Drama",328460,2006-11-10,"Alejandro G. Iñárritu",8,2007-11-12
1096,tt0441909,2018-08-19,2018-08-19,,"Volver","Volver",https://www.imdb.com/title/tt0441909/,Movie,7.6,121,2006,"Comedy, Drama",112509,2007-01-26,"Pedro Almodóvar",8,2007-12-13
1097,tt1179904,2018-08-19,2018-08-19,,"Paranormal Activity","Paranormal Activity",https://www.imdb.com/title/tt1179904/,Movie,6.3,86,2007,"Horror, Mystery",271391,2009-10-16,"Oren Peli",4,2012-03-23
1098,tt0477348,2018-08-19,2018-08-19,,"No Country for Old Men","No Country for Old Men",https://www.imdb.com/title/tt0477348/,Movie,8.2,122,2007,"Crime, Drama, Thriller",1182307,2007-11-21,"Ethan Coen, Joel Coen",9,2012-03-14
1099,tt0401383,2018-08-19,2018-08-19,,"The Diving Bell and the Butterfly","Le scaphandre et le papillon",https://www.imdb.com/title/tt0401383/,Movie,8.0,112,2007,"Biography, Drama",112779,2008-02-01,"Julian Schnabel",7,2010-11-16
1100,tt0469494,2018-08-19,2018-08-19,,"There Will Be Blood","There Will Be Blood",https://www.imdb.com/title/tt0469494/,Movie,8.2,158,2007,"Drama",704861,2008-01-25,"Paul Thomas Anderson",8,2008-02-24
1101,tt0450188,2018-08-19,2018-08-19,,"La Vie En Rose","La Môme",https://www.imdb.com/title/tt0450188/,Movie,7.5,140,2007,"Biography, Drama, Music, Romance",93923,2007-07-20,"Olivier Dahan",8,2010-11-16
1102,tt0758758,2018-08-19,2018-08-19,,"Into the Wild","Into the Wild",https://www.imdb.com/title/tt0758758/,Movie,8.0,148,2007,"Adventure, Biography, Drama",694078,2007-10-19,"Sean Penn",9,2012-03-14
1103,tt0783233,2018-08-19,2018-08-19,,"Atonement","Atonement",https://www.imdb.com/title/tt0783233/,Movie,7.8,123,2007,"Drama, Mystery, Romance, War",327308,2008-01-11,"Joe Wright",8,2009-12-15
1104,tt0479547,2018-08-19,2018-08-19,,"Surfwise","Surfwise",https://www.imdb.com/title/tt0479547/,Movie,7.1,93,2007,"Documentary, Sport",1717,2008-05-09,"Doug Pray",7,2017-01-27
1105,tt0440963,2018-08-19,2018-08-19,,"The Bourne Ultimatum","The Bourne Ultimatum",https://www.imdb.com/title/tt0440963/,Movie,8.0,115,2007,"Action, Mystery, Thriller",682677,2007-08-03,"Paul Greengrass",7,2013-05-19
1106,tt0929425,2018-08-19,2018-08-19,,"Gomorrah","Gomorra",https://www.imdb.com/title/tt0929425/,Movie,7.0,137,2008,"Crime, Drama",53110,2009-04-10,"Matteo Garrone",8,2012-03-14
1107,tt0887912,2018-08-19,2018-08-19,,"The Hurt Locker","The Hurt Locker",https://www.imdb.com/title/tt0887912/,Movie,7.5,131,2008,"Drama, Thriller, War",495385,2009-07-31,"Kathryn Bigelow",8,2010-01-16
1108,tt1010048,2018-08-19,2018-08-19,,"Slumdog Millionaire","Slumdog Millionaire",https://www.imdb.com/title/tt1010048/,Movie,8.0,120,2008,"Crime, Drama, Romance",908519,2008-12-25,"Danny Boyle, Loveleen Tandan",8,2011-11-18
1109,tt0468569,2018-08-19,2018-08-19,,"The Dark Knight","The Dark Knight",https://www.imdb.com/title/tt0468569/,Movie,9.1,152,2008,"Action, Crime, Drama, Thriller",3150992,2008-07-18,"Christopher Nolan",7,2012-03-27
1110,tt1139797,2018-08-19,2018-08-19,,"Let the Right One In","Låt den rätte komma in",https://www.imdb.com/title/tt1139797/,Movie,7.8,114,2008,"Drama, Fantasy, Horror, Romance",239394,2008-12-12,"Tomas Alfredson",7,2012-03-20
1111,tt0910970,2018-08-19,2018-08-19,,"WALL·E","WALL·E",https://www.imdb.com/title/tt0910970/,Movie,8.4,98,2008,"Animation, Adventure, Family, Sci-Fi",1313952,2008-06-27,"Andrew Stanton",6,2012-03-20
1112,tt0901487,2018-08-19,2018-08-19,,"The Good, the Bad, the Weird","Joeun nom, napun nom, esanghan nom",https://www.imdb.com/title/tt0901487/,Movie,7.2,130,2008,"Action, Adventure, Comedy, Western",39675,2008-07-17,"Kim Jee-woon",6,2012-03-17
1113,tt1125849,2018-08-19,2018-08-19,,"The Wrestler","The Wrestler",https://www.imdb.com/title/tt1125849/,Movie,7.9,109,2008,"Drama, Sport",330694,2009-01-30,"Darren Aronofsky",6,2012-03-14
1114,tt0421715,2018-08-19,2018-08-19,,"The Curious Case of Benjamin Button","The Curious Case of Benjamin Button",https://www.imdb.com/title/tt0421715/,Movie,7.8,166,2008,"Drama, Fantasy, Romance",742639,2008-12-25,"David Fincher",8,2010-01-07
1115,tt1068646,2018-08-19,2018-08-19,,"The Class","Entre les murs",https://www.imdb.com/title/tt1068646/,Movie,7.5,128,2008,"Drama",37460,2009-03-13,"Laurent Cantet",5,2012-01-27
1116,tt1157605,2018-08-19,2018-08-19,,"Anvil: The Story of Anvil","Anvil: The Story of Anvil",https://www.imdb.com/title/tt1157605/,Movie,7.9,80,2008,"Documentary, Biography, Drama, Music",17332,2009-02-20,"Sacha Gervasi",5,2012-03-20
1117,tt1136608,2018-08-19,2018-08-19,,"District 9","District 9",https://www.imdb.com/title/tt1136608/,Movie,7.9,112,2009,"Action, Sci-Fi, Thriller",750754,2009-08-14,"Neill Blomkamp",6,2012-03-18
1118,tt0361748,2018-08-19,2018-08-19,,"Inglourious Basterds","Inglourious Basterds",https://www.imdb.com/title/tt0361748/,Movie,8.4,153,2009,"Adventure, Drama, War",1772951,2009-08-21,"Quentin Tarantino",8,2013-11-12
1119,tt0499549,2018-08-19,2018-08-19,,"Avatar","Avatar",https://www.imdb.com/title/tt0499549/,Movie,7.9,162,2009,"Action, Adventure, Fantasy, Sci-Fi",1491276,2009-12-18,"James Cameron",6,2011-08-31
1120,tt1149362,2018-08-19,2018-08-19,,"The White Ribbon","Das weiße Band - Eine deutsche Kindergeschichte",https://www.imdb.com/title/tt1149362/,Movie,7.8,144,2009,"Drama, Mystery, Thriller",81363,2010-03-05,"Michael Haneke",7,2012-03-16
1121,tt1174732,2018-08-19,2018-08-19,,"An Education","An Education",https://www.imdb.com/title/tt1174732/,Movie,7.2,100,2009,"Drama",140977,2010-02-05,"Lone Scherfig",7,2010-02-09
1122,tt0929632,2018-08-19,2018-08-19,,"Precious","Precious",https://www.imdb.com/title/tt0929632/,Movie,7.3,110,2009,"Drama",120813,2009-11-20,"Lee Daniels",7,2012-03-14
1123,tt1119646,2018-08-19,2018-08-19,,"The Hangover","The Hangover",https://www.imdb.com/title/tt1119646/,Movie,7.7,100,2009,"Comedy",924940,2009-06-05,"Todd Phillips",6,2011-12-09
1124,tt1226774,2018-08-19,2018-08-19,,"In the Loop","In the Loop",https://www.imdb.com/title/tt1226774/,Movie,7.4,106,2009,"Comedy",64129,2009-09-04,"Armando Iannucci",5,2011-08-29
1125,tt1232776,2018-08-19,2018-08-19,,"Fish Tank","Fish Tank",https://www.imdb.com/title/tt1232776/,Movie,7.3,123,2009,"Drama",68208,2009-09-11,"Andrea Arnold",6,2012-03-16
1126,tt1664894,2018-08-19,2018-08-19,,"Cave of Forgotten Dreams","Cave of Forgotten Dreams",https://www.imdb.com/title/tt1664894/,Movie,7.4,90,2010,"Documentary, History",18714,2011-08-31,"Werner Herzog",,
1127,tt1588337,2018-08-19,2018-08-19,,"Of Gods and Men","Des hommes et des dieux",https://www.imdb.com/title/tt1588337/,Movie,7.2,122,2010,"Drama, History",16753,2011-03-25,"Xavier Beauvois",6,2012-03-15
1128,tt0947798,2018-08-19,2018-08-19,,"Black Swan","Black Swan",https://www.imdb.com/title/tt0947798/,Movie,8.0,108,2010,"Drama, Thriller",886024,2010-12-17,"Darren Aronofsky",8,2011-11-10
1129,tt1504320,2018-08-19,2018-08-19,,"The King's Speech","The King's Speech",https://www.imdb.com/title/tt1504320/,Movie,8.0,118,2010,"Biography, Drama, History",731746,2010-12-25,"Tom Hooper",6,2012-03-14
1130,tt1375666,2018-08-19,2018-08-19,,"Inception","Inception",https://www.imdb.com/title/tt1375666/,Movie,8.8,148,2010,"Action, Adventure, Sci-Fi, Thriller",2800950,2010-07-16,"Christopher Nolan",9,2012-04-03
1131,tt1285016,2018-08-19,2018-08-19,,"The Social Network","The Social Network",https://www.imdb.com/title/tt1285016/,Movie,7.8,120,2010,"Biography, Drama",816199,2010-10-01,"David Fincher",6,2010-11-16
1132,tt1424432,2018-08-19,2018-08-19,,"Senna","Senna",https://www.imdb.com/title/tt1424432/,Movie,8.4,106,2010,"Documentary, Biography, Sport",83688,2011-05-25,"Asif Kapadia",7,2012-07-24
1133,tt1470827,2018-08-19,2018-08-19,,"Monsters","Monsters",https://www.imdb.com/title/tt1470827/,Movie,6.3,94,2010,"Adventure, Drama, Romance, Sci-Fi, Thriller",101701,2010-12-03,"Gareth Edwards",5,2012-03-16
1134,tt1341167,2018-08-19,2018-08-19,,"Four Lions","Four Lions",https://www.imdb.com/title/tt1341167/,Movie,7.3,97,2010,"Comedy, Crime, Drama",90740,2010-05-07,"Christopher Morris",5,2012-03-14
1135,tt1403865,2018-08-19,2018-08-19,,"True Grit","True Grit",https://www.imdb.com/title/tt1403865/,Movie,7.6,110,2010,"Drama, Western",375507,2010-12-22,"Ethan Coen, Joel Coen",6,2011-08-30
1136,tt1556190,2018-08-19,2018-08-19,,"Nostalgia for the Light","Nostalgia de la luz",https://www.imdb.com/title/tt1556190/,Movie,7.6,90,2010,"Documentary",6541,2011-03-17,"Patricio Guzmán",,
1137,tt1508675,2018-08-19,2018-08-19,,"Le Havre","Le Havre",https://www.imdb.com/title/tt1508675/,Movie,7.2,93,2011,"Comedy, Drama",25280,2011-09-08,"Aki Kaurismäki",,
1138,tt1723811,2018-08-19,2018-08-19,,"Shame","Shame",https://www.imdb.com/title/tt1723811/,Movie,7.2,101,2011,"Drama",216925,2011,"Steve McQueen",7,2012-03-23
1139,tt1832382,2018-08-19,2018-08-19,,"A Separation","Jodaeiye Nader az Simin",https://www.imdb.com/title/tt1832382/,Movie,8.3,123,2011,"Drama",276939,2011-03-16,"Asghar Farhadi",9,2012-03-14
1140,tt0478304,2018-08-19,2018-08-19,,"The Tree of Life","The Tree of Life",https://www.imdb.com/title/tt0478304/,Movie,6.8,139,2011,"Drama, Fantasy",191929,2011-05-18,"Terrence Malick",8,2016-11-19
1141,tt0780504,2018-08-19,2018-08-19,,"Drive","Drive",https://www.imdb.com/title/tt0780504/,Movie,7.8,100,2011,"Action, Drama",759197,2011-09-16,"Nicolas Winding Refn",6,2011-12-19
1142,tt1340800,2018-08-19,2018-08-19,,"Tinker Tailor Soldier Spy","Tinker Tailor Soldier Spy",https://www.imdb.com/title/tt1340800/,Movie,7.0,127,2011,"Drama, Mystery, Thriller",225738,2012-01-06,"Tomas Alfredson",,
1143,tt1478338,2018-08-19,2018-08-19,,"Bridesmaids","Bridesmaids",https://www.imdb.com/title/tt1478338/,Movie,6.8,125,2011,"Comedy",324530,2011-05-13,"Paul Feig",,
1144,tt1827512,2018-08-19,2018-08-19,,"The Kid with a Bike","Le gamin au vélo",https://www.imdb.com/title/tt1827512/,Movie,7.4,87,2011,"Drama",29477,2011-05-18,"Jean-Pierre Dardenne, Luc Dardenne",,
1145,tt1655442,2018-08-19,2018-08-19,,"The Artist","The Artist",https://www.imdb.com/title/tt1655442/,Movie,7.8,100,2011,"Comedy, Drama, Romance",255094,2012-01-20,"Michel Hazanavicius",7,2013-05-24
1146,tt1568346,2018-08-19,2018-08-19,,"The Girl with the Dragon Tattoo","The Girl with the Dragon Tattoo",https://www.imdb.com/title/tt1568346/,Movie,7.8,158,2011,"Crime, Drama, Mystery, Thriller",526876,2011-12-21,"David Fincher",8,2012-01-05
1147,tt1568911,2018-08-19,2018-08-19,,"War Horse","War Horse",https://www.imdb.com/title/tt1568911/,Movie,7.2,146,2011,"Adventure, Drama, History, War",172743,2011-12-25,"Steven Spielberg",5,2012-05-01
1148,tt1033575,2018-08-19,2018-08-19,,"The Descendants","The Descendants",https://www.imdb.com/title/tt1033575/,Movie,7.3,115,2011,"Comedy, Drama",259498,2011-12-09,"Alexander Payne",6,2013-09-20
1149,tt0970179,2018-08-19,2018-08-19,,"Hugo","Hugo",https://www.imdb.com/title/tt0970179/,Movie,7.5,126,2011,"Adventure, Drama, Family, Fantasy, Mystery",348685,2011-11-23,"Martin Scorsese",6,2012-02-21
1150,tt1259521,2018-08-19,2018-08-19,,"The Cabin in the Woods","The Cabin in the Woods",https://www.imdb.com/title/tt1259521/,Movie,7.0,95,2011,"Horror, Mystery, Thriller",488448,2012-04-13,"Drew Goddard",,
1151,tt1707386,2018-08-19,2018-08-19,,"Les Misérables","Les Misérables",https://www.imdb.com/title/tt1707386/,Movie,7.5,158,2012,"Drama, Musical, Romance",361383,2012-12-25,"Tom Hooper",7,2013-05-24
1152,tt1602620,2018-08-19,2018-08-19,,"Amour","Amour",https://www.imdb.com/title/tt1602620/,Movie,7.9,127,2012,"Drama",110330,2012-09-20,"Michael Haneke",9,2013-12-24
1153,tt1024648,2018-08-19,2018-08-19,,"Argo","Argo",https://www.imdb.com/title/tt1024648/,Movie,7.7,120,2012,"Biography, Drama, History, Thriller",664933,2012-10-12,"Ben Affleck",7,2013-05-24
1154,tt0443272,2018-08-19,2018-08-19,,"Lincoln","Lincoln",https://www.imdb.com/title/tt0443272/,Movie,7.3,150,2012,"Biography, Drama, History, War",284136,2012-11-16,"Steven Spielberg",6,2013-05-24
1155,tt1074638,2018-08-19,2018-08-19,,"Skyfall","Skyfall",https://www.imdb.com/title/tt1074638/,Movie,7.8,143,2012,"Action, Adventure, Thriller",770333,2012-11-09,"Sam Mendes",6,2013-01-27
1156,tt1853728,2018-08-19,2018-08-19,,"Django Unchained","Django Unchained",https://www.imdb.com/title/tt1853728/,Movie,8.5,165,2012,"Drama, Western",1873259,2012-12-25,"Quentin Tarantino",8,2013-05-24
1157,tt0454876,2018-08-19,2018-08-19,,"Life of Pi","Life of Pi",https://www.imdb.com/title/tt0454876/,Movie,7.9,127,2012,"Adventure, Drama, Fantasy",698445,2012-11-21,"Ang Lee",6,2013-05-24
1158,tt2375605,2018-08-19,2018-08-19,,"The Act of Killing","The Act of Killing",https://www.imdb.com/title/tt2375605/,Movie,8.2,117,2012,"Documentary, Biography, Crime, History, War",44032,2012-11-01,"Joshua Oppenheimer, Anonymous, Christine Cynn",,
1159,tt1854513,2018-08-19,2018-08-19,,"Snow White","Blancanieves",https://www.imdb.com/title/tt1854513/,Movie,7.5,104,2012,"Drama, Fantasy",12131,2012-09-28,"Pablo Berger",,
1160,tt2258858,2018-08-19,2018-08-19,,"Wadjda","Wadjda",https://www.imdb.com/title/tt2258858/,Movie,7.5,98,2012,"Comedy, Drama",22348,2013-05-16,"Haifaa Al-Mansour",,
1161,tt2024544,2018-08-19,2018-08-19,,"12 Years a Slave","12 Years a Slave",https://www.imdb.com/title/tt2024544/,Movie,8.1,134,2013,"Biography, Drama, History",784265,2013-11-08,"Steve McQueen",8,2014-01-09
1162,tt1800241,2018-08-19,2018-08-19,,"American Hustle","American Hustle",https://www.imdb.com/title/tt1800241/,Movie,7.2,138,2013,"Crime, Drama",517841,2013-12-20,"David O. Russell",7,2014-02-05
1163,tt2278871,2018-08-19,2018-08-19,,"Blue Is the Warmest Colour","La vie d'Adèle",https://www.imdb.com/title/tt2278871/,Movie,7.6,180,2013,"Drama, Romance",172771,2013-10-09,"Abdellatif Kechiche",7,2014-11-11
1164,tt1454468,2018-08-19,2018-08-19,,"Gravity","Gravity",https://www.imdb.com/title/tt1454468/,Movie,7.7,91,2013,"Drama, Sci-Fi, Thriller",897470,2013-10-04,"Alfonso Cuarón",6,2014-01-09
1165,tt2358891,2018-08-19,2018-08-19,,"The Great Beauty","La grande bellezza",https://www.imdb.com/title/tt2358891/,Movie,7.7,141,2013,"Drama",105760,2014-03-14,"Paolo Sorrentino",7,2014-11-17
1166,tt2042568,2018-08-19,2018-08-19,,"Inside Llewyn Davis","Inside Llewyn Davis",https://www.imdb.com/title/tt2042568/,Movie,7.4,104,2013,"Drama, Music",171590,2014-01-10,"Ethan Coen, Joel Coen",6,2014-06-26
1167,tt1821549,2018-08-19,2018-08-19,,"Nebraska","Nebraska",https://www.imdb.com/title/tt1821549/,Movie,7.7,115,2013,"Drama",128350,2014-01-24,"Alexander Payne",6,2014-02-16
1168,tt2852400,2018-08-19,2018-08-19,,"A Touch of Sin","Tian zhu ding",https://www.imdb.com/title/tt2852400/,Movie,7.1,130,2013,"Crime, Drama",13895,2013-12-11,"Jia Zhang-ke",6,2014-07-06
1169,tt0993846,2018-08-19,2018-08-19,,"The Wolf of Wall Street","The Wolf of Wall Street",https://www.imdb.com/title/tt0993846/,Movie,8.2,180,2013,"Biography, Comedy, Crime, Drama",1775527,2013-12-25,"Martin Scorsese",8,2014-03-04
1170,tt2718492,2018-08-19,2018-08-19,,"Ida","Ida",https://www.imdb.com/title/tt2718492/,Movie,7.4,82,2013,"Drama",62998,2013-10-25,"Pawel Pawlikowski",8,2022-12-02
1171,tt1441395,2018-08-19,2018-08-19,,"Under the Skin","Under the Skin",https://www.imdb.com/title/tt1441395/,Movie,6.3,108,2013,"Drama, Horror, Mystery, Sci-Fi, Thriller",169878,2014-04-18,"Jonathan Glazer",,
1172,tt4044364,2018-08-19,2018-08-19,,"Citizenfour","Citizenfour",https://www.imdb.com/title/tt4044364/,Movie,8.0,114,2014,"Documentary, Biography",59934,2014-11-28,"Laura Poitras",,
1173,tt2802154,2018-08-19,2018-08-19,,"Leviathan","Leviathan",https://www.imdb.com/title/tt2802154/,Movie,7.6,140,2014,"Crime, Drama",59767,2015-02-05,"Andrey Zvyagintsev",,
1174,tt1065073,2018-08-19,2018-08-19,,"Boyhood","Boyhood",https://www.imdb.com/title/tt1065073/,Movie,7.9,165,2014,"Drama",381165,2014-08-15,"Richard Linklater",8,2014-12-03
1175,tt2015381,2018-08-19,2018-08-19,,"Guardians of the Galaxy","Guardians of the Galaxy",https://www.imdb.com/title/tt2015381/,Movie,8.0,121,2014,"Action, Adventure, Comedy, Sci-Fi",1358110,2014-08-01,"James Gunn",,
1176,tt2562232,2018-08-19,2018-08-19,,"Birdman or (The Unexpected Virtue of Ignorance)","Birdman or (The Unexpected Virtue of Ignorance)",https://www.imdb.com/title/tt2562232/,Movie,7.7,119,2014,"Comedy, Drama",696786,2014-11-14,"Alejandro G. Iñárritu",6,2015-02-07
1177,tt2582802,2018-08-19,2018-08-19,,"Whiplash","Whiplash",https://www.imdb.com/title/tt2582802/,Movie,8.5,106,2014,"Drama, Music",1146014,2014-10-15,"Damien Chazelle",7,2015-01-18
1178,tt2980516,2018-08-19,2018-08-19,,"The Theory of Everything","The Theory of Everything",https://www.imdb.com/title/tt2980516/,Movie,7.7,123,2014,"Biography, Drama, Romance",506809,2014-11-26,"James Marsh",8,2015-01-18
1179,tt2278388,2018-08-19,2018-08-19,,"The Grand Budapest Hotel","The Grand Budapest Hotel",https://www.imdb.com/title/tt2278388/,Movie,8.1,99,2014,"Comedy, Drama",965458,2014-03-28,"Wes Anderson",8,2014-06-22
1180,tt3521134,2018-08-19,2018-08-19,,"The Look of Silence","The Look of Silence",https://www.imdb.com/title/tt3521134/,Movie,8.2,103,2014,"Documentary, Biography, History",14854,2015-07-17,"Joshua Oppenheimer",,
1181,tt2488496,2018-08-19,2018-08-19,,"Star Wars: Episode VII - The Force Awakens","Star Wars: Episode VII - The Force Awakens",https://www.imdb.com/title/tt2488496/,Movie,7.7,138,2015,"Action, Adventure, Sci-Fi",1022566,2015-12-18,"J.J. Abrams",,
1182,tt1663202,2018-08-19,2018-08-19,,"The Revenant","The Revenant",https://www.imdb.com/title/tt1663202/,Movie,8.0,156,2015,"Action, Drama, Western",945565,2016-01-08,"Alejandro G. Iñárritu",7,2016-01-23
1183,tt3808342,2018-08-19,2018-08-19,,"Son of Saul","Saul fia",https://www.imdb.com/title/tt3808342/,Movie,7.4,107,2015,"Drama, War",54361,2015-06-11,"László Nemes",7,2016-08-27
1184,tt3682448,2018-08-19,2018-08-19,,"Bridge of Spies","Bridge of Spies",https://www.imdb.com/title/tt3682448/,Movie,7.6,142,2015,"Drama, History, Thriller, War",343679,2015-10-16,"Steven Spielberg",7,2016-01-17
1185,tt1596363,2018-08-19,2018-08-19,,"The Big Short","The Big Short",https://www.imdb.com/title/tt1596363/,Movie,7.8,130,2015,"Biography, Comedy, Drama, History",536799,2015-12-23,"Adam McKay",7,2016-01-24
1186,tt1895587,2018-08-19,2018-08-19,,"Spotlight","Spotlight",https://www.imdb.com/title/tt1895587/,Movie,8.1,129,2015,"Biography, Crime, Drama",533491,2015-11-20,"Tom McCarthy",7,2016-02-02
1187,tt3824458,2018-08-19,2018-08-19,,"Tangerine","Tangerine",https://www.imdb.com/title/tt3824458/,Movie,7.1,88,2015,"Comedy, Crime, Drama",42841,2015-07-10,"Sean Baker",8,2017-01-27
1188,tt1398426,2018-08-19,2018-08-19,,"Straight Outta Compton","Straight Outta Compton",https://www.imdb.com/title/tt1398426/,Movie,7.8,147,2015,"Biography, Drama, History, Music, Musical",233119,2015-08-14,"F. Gary Gray",7,2016-03-21
1189,tt1392190,2018-08-19,2018-08-19,,"Mad Max: Fury Road","Mad Max: Fury Road",https://www.imdb.com/title/tt1392190/,Movie,8.1,120,2015,"Action, Adventure, Sci-Fi",1201982,2015-05-15,"George Miller",6,2016-02-27
1190,tt4226388,2018-08-19,2018-08-19,,"Victoria","Victoria",https://www.imdb.com/title/tt4226388/,Movie,7.6,138,2015,"Crime, Drama, Romance, Thriller",66949,2015-06-11,"Sebastian Schipper",,
1191,tt3783958,2018-08-19,2018-08-19,,"La La Land","La La Land",https://www.imdb.com/title/tt3783958/,Movie,8.0,128,2016,"Comedy, Drama, Music, Musical, Romance",756880,2016-12-25,"Damien Chazelle",6,2017-03-05
1192,tt2582782,2018-08-19,2018-08-19,,"Hell or High Water","Hell or High Water",https://www.imdb.com/title/tt2582782/,Movie,7.6,102,2016,"Crime, Drama, Thriller, Western",275971,2016-08-26,"David Mackenzie",8,2017-02-01
1193,tt3040964,2018-08-19,2018-08-19,,"The Jungle Book","The Jungle Book",https://www.imdb.com/title/tt3040964/,Movie,7.3,106,2016,"Animation, Action, Adventure, Drama, Family, Fantasy, Musical",304979,2016-04-15,"Jon Favreau",,
1194,tt1619029,2018-08-19,2018-08-19,,"Jackie","Jackie",https://www.imdb.com/title/tt1619029/,Movie,6.6,100,2016,"Biography, Drama",86939,2016-12-02,"Pablo Larraín",,
1195,tt4048272,2018-08-19,2018-08-19,,"Toni Erdmann","Toni Erdmann",https://www.imdb.com/title/tt4048272/,Movie,7.3,162,2016,"Comedy, Drama",54913,2016-12-25,"Maren Ade",8,2017-03-06
1196,tt4273292,2018-08-19,2018-08-19,,"Under the Shadow","Under the Shadow",https://www.imdb.com/title/tt4273292/,Movie,6.8,84,2016,"Drama, Fantasy, Horror, Thriller, War",32470,2016-10-07,"Babak Anvari",,
1197,tt4034228,2018-08-19,2018-08-19,,"Manchester by the Sea","Manchester by the Sea",https://www.imdb.com/title/tt4034228/,Movie,7.8,137,2016,"Drama",354563,2016-12-16,"Kenneth Lonergan",9,2017-03-05
1198,tt5168192,2018-08-19,2018-08-19,,"I, Daniel Blake","I, Daniel Blake",https://www.imdb.com/title/tt5168192/,Movie,7.8,100,2016,"Drama",68170,2017-06-09,"Ken Loach",,
1199,tt5895028,2018-08-19,2018-08-19,,"13th","13th",https://www.imdb.com/title/tt5895028/,Movie,8.2,100,2016,"Documentary, Crime, History",39254,2016-10-07,"Ava DuVernay",,
1200,tt2543164,2018-08-19,2018-08-19,,"Arrival","Arrival",https://www.imdb.com/title/tt2543164/,Movie,7.9,116,2016,"Drama, Mystery, Sci-Fi",858007,2016-11-11,"Denis Villeneuve",7,2017-01-31
1201,tt4975722,2018-08-19,2018-08-19,,"Moonlight","Moonlight",https://www.imdb.com/title/tt4975722/,Movie,7.4,111,2016,"Drama",350971,2016-11-18,"Barry Jenkins",7,2017-02-18
1202,tt4016934,2018-11-27,2018-11-27,,"The Handmaiden","Ah-ga-ssi",https://www.imdb.com/title/tt4016934/,Movie,8.1,145,2016,"Drama, Romance, Thriller",201588,2017-09-02,"Park Chan-wook",8,2017-12-12
1203,tt5215486,2018-11-27,2018-11-27,,"Dawson City: Frozen Time","Dawson City: Frozen Time",https://www.imdb.com/title/tt5215486/,Movie,7.5,120,2016,"Documentary, History",2406,2017-03-20,"Bill Morrison",,
1204,tt4291600,2018-11-27,2018-11-27,,"Lady Macbeth","Lady Macbeth",https://www.imdb.com/title/tt4291600/,Movie,6.8,89,2016,"Drama, Romance",29800,2017-07-14,"William Oldroyd",,
1205,tt4925292,2018-11-27,2018-11-27,,"Lady Bird","Lady Bird",https://www.imdb.com/title/tt4925292/,Movie,7.4,94,2017,"Comedy, Drama",361995,2017-12-01,"Greta Gerwig",8,2018-04-30
1206,tt5580390,2018-11-27,2018-11-27,,"The Shape of Water","The Shape of Water",https://www.imdb.com/title/tt5580390/,Movie,7.3,123,2017,"Drama, Fantasy, Romance, Sci-Fi",474431,2017-12-22,"Guillermo del Toro",6,2018-04-30
1207,tt5027774,2018-11-27,2018-11-27,,"Three Billboards Outside Ebbing, Missouri","Three Billboards Outside Ebbing, Missouri",https://www.imdb.com/title/tt5027774/,Movie,8.1,115,2017,"Comedy, Crime, Drama",604626,2017-12-01,"Martin McDonagh",,
1208,tt5726616,2018-11-27,2018-11-27,,"Call Me by Your Name","Call Me by Your Name",https://www.imdb.com/title/tt5726616/,Movie,7.8,132,2017,"Drama, Romance",357066,2018-01-19,"Luca Guadagnino",8,2018-03-10
1209,tt5109784,2018-11-27,2018-11-27,,"Mother!","Mother!",https://www.imdb.com/title/tt5109784/,Movie,6.6,121,2017,"Drama, Horror, Mystery",267326,2017-09-15,"Darren Aronofsky",,
1210,tt1856101,2018-11-27,2018-11-27,,"Blade Runner 2049","Blade Runner 2049",https://www.imdb.com/title/tt1856101/,Movie,8.0,164,2017,"Action, Drama, Mystery, Sci-Fi, Thriller",748982,2017-10-06,"Denis Villeneuve",,
1211,tt5052448,2018-11-27,2018-11-27,,"Get Out","Get Out",https://www.imdb.com/title/tt5052448/,Movie,7.8,104,2017,"Horror, Mystery, Thriller",811853,2017-02-24,"Jordan Peele",,
1212,tt1825683,2018-11-27,2018-11-27,,"Black Panther","Black Panther",https://www.imdb.com/title/tt1825683/,Movie,7.3,134,2018,"Action, Adventure, Sci-Fi",905497,2018-02-16,"Ryan Coogler",,
1213,tt5776858,2019-12-10,2019-12-10,,"Phantom Thread","Phantom Thread",https://www.imdb.com/title/tt5776858/,Movie,7.4,130,2017,"Drama, Romance",161266,2018-01-19,"Paul Thomas Anderson",7,2018-04-30
1214,tt1485796,2019-12-10,2019-12-10,,"The Greatest Showman","The Greatest Showman",https://www.imdb.com/title/tt1485796/,Movie,7.5,105,2017,"Biography, Drama, Musical",345315,2017-12-20,"Michael Gracey",,
1215,tt3104988,2019-12-10,2019-12-10,,"Crazy Rich Asians","Crazy Rich Asians",https://www.imdb.com/title/tt3104988/,Movie,6.9,120,2018,"Comedy, Drama, Romance",208041,2018-08-15,"Jon M. Chu",,
1216,tt8267604,2019-12-10,2019-12-10,,"Capernaum","Capharnaüm",https://www.imdb.com/title/tt8267604/,Movie,8.4,126,2018,"Drama",123405,2018-09-20,"Nadine Labaki",,
1217,tt1517451,2019-12-10,2019-12-10,,"A Star Is Born","A Star Is Born",https://www.imdb.com/title/tt1517451/,Movie,7.6,136,2018,"Drama, Music, Romance",447564,2018-10-05,"Bradley Cooper",6,2019-02-17
1218,tt4154756,2019-12-10,2019-12-10,,"Avengers: Infinity War","Avengers: Infinity War",https://www.imdb.com/title/tt4154756/,Movie,8.4,149,2018,"Action, Adventure, Sci-Fi",1362306,2018-04-27,"Anthony Russo, Joe Russo",,
1219,tt6155172,2019-12-10,2019-12-10,,"Roma","Roma",https://www.imdb.com/title/tt6155172/,Movie,7.6,135,2018,"Drama",178095,2018-12-14,"Alfonso Cuarón",,
1220,tt7784604,2019-12-10,2019-12-10,,"Hereditary","Hereditary",https://www.imdb.com/title/tt7784604/,Movie,7.3,127,2018,"Drama, Horror, Mystery, Thriller",451974,2018-06-08,"Ari Aster",,
1221,tt5083738,2019-12-10,2019-12-10,,"The Favourite","The Favourite",https://www.imdb.com/title/tt5083738/,Movie,7.5,119,2018,"Biography, Comedy, Drama, History",257711,2018-12-21,"Yorgos Lanthimos",7,2019-03-29
1222,tt5688932,2019-12-10,2019-12-10,,"Sorry to Bother You","Sorry to Bother You",https://www.imdb.com/title/tt5688932/,Movie,6.9,112,2018,"Comedy, Drama, Fantasy, Sci-Fi",93959,2018-07-13,"Boots Riley",,
1223,tt6266538,2019-12-10,2019-12-10,,"Vice","Vice",https://www.imdb.com/title/tt6266538/,Movie,7.2,132,2018,"Biography, Comedy, Drama, History",174305,2018-12-25,"Adam McKay",,
1224,tt7349662,2019-12-10,2019-12-10,,"BlacKkKlansman","BlacKkKlansman",https://www.imdb.com/title/tt7349662/,Movie,7.5,135,2018,"Biography, Comedy, Crime, Drama",313514,2018-08-10,"Spike Lee",7,2019-02-23
1225,tt4154796,2020-12-05,2020-12-05,,"Avengers: Endgame","Avengers: Endgame",https://www.imdb.com/title/tt4154796/,Movie,8.4,181,2019,"Action, Adventure, Sci-Fi",1435657,2019-04-26,"Anthony Russo, Joe Russo",,
1226,tt8613070,2020-12-05,2020-12-05,,"Portrait of a Lady on Fire","Portrait de la jeune fille en feu",https://www.imdb.com/title/tt8613070/,Movie,8.0,122,2019,"Drama, Romance",126463,2020-02-14,"Céline Sciamma",,
1227,tt9617456,2020-12-05,2020-12-05,,"For Sama","For Sama",https://www.imdb.com/title/tt9617456/,Movie,8.5,100,2019,"Documentary, Biography, War",13745,2019-07-26,"Waad Al-Kateab, Edward Watts",,
1228,tt1489887,2020-12-05,2020-12-05,,"Booksmart","Booksmart",https://www.imdb.com/title/tt1489887/,Movie,7.1,102,2019,"Comedy",139840,2019-05-24,"Olivia Wilde",,
1229,tt7131622,2020-12-05,2020-12-05,,"Once Upon a Time... in Hollywood","Once Upon a Time in... Hollywood",https://www.imdb.com/title/tt7131622/,Movie,7.6,161,2019,"Comedy, Drama",956759,2019-07-26,"Quentin Tarantino",7,2020-02-04
1230,tt8637428,2020-12-05,2020-12-05,,"The Farewell","The Farewell",https://www.imdb.com/title/tt8637428/,Movie,7.5,100,2019,"Comedy, Drama",75457,2019-08-09,"Lulu Wang",,
1231,tt7286456,2020-12-05,2020-12-05,,"Joker","Joker",https://www.imdb.com/title/tt7286456/,Movie,8.3,122,2019,"Crime, Drama, Thriller",1683412,2019-10-04,"Todd Phillips",8,2020-02-04
1232,tt6751668,2020-12-05,2020-12-05,,"Parasite","Gisaengchung",https://www.imdb.com/title/tt6751668/,Movie,8.5,132,2019,"Drama, Thriller",1153744,2019-11-08,"Bong Joon Ho",8,2023-01-05
1233,tt6062774,2020-12-05,2020-12-05,,"Monos","Monos",https://www.imdb.com/title/tt6062774/,Movie,6.8,102,2019,"Adventure, Drama, Thriller",19830,2019-08-15,"Alejandro Landes",,
1234,tt3281548,2020-12-05,2020-12-05,,"Little Women","Little Women",https://www.imdb.com/title/tt3281548/,Movie,7.8,135,2019,"Drama, Romance",282573,2019-12-25,"Greta Gerwig",,
1235,tt7984734,2020-12-05,2020-12-05,,"The Lighthouse","The Lighthouse",https://www.imdb.com/title/tt7984734/,Movie,7.4,109,2019,"Drama, Fantasy, Horror, Mystery, Thriller",300159,2019-11-01,"Robert Eggers",,
1236,tt6803046,2021-10-25,2021-10-25,,"The Vast of Night","The Vast of Night",https://www.imdb.com/title/tt6803046/,Movie,6.7,91,2019,"Drama, Mystery, Sci-Fi, Thriller",49756,2020-05-29,"Andrew Patterson",,
1237,tt9000224,2021-10-25,2021-10-25,,"The Assistant","The Assistant",https://www.imdb.com/title/tt9000224/,Movie,6.3,87,2019,"Drama",29437,2020-01-31,"Kitty Green",,
1238,tt9067182,2021-10-25,2021-10-25,,"Rocks","Rocks",https://www.imdb.com/title/tt9067182/,Movie,7.4,93,2019,"Drama",5878,2021-02-02,"Sarah Gavron",,
1239,tt7557108,2021-10-25,2021-10-25,,"Saint Maud","Saint Maud",https://www.imdb.com/title/tt7557108/,Movie,6.6,84,2019,"Drama, Horror, Mystery, Thriller",55456,2021-02-12,"Rose Glass",,
1240,tt6723592,2021-10-25,2021-10-25,,"Tenet","Tenet",https://www.imdb.com/title/tt6723592/,Movie,7.3,150,2020,"Action, Sci-Fi, Thriller",681518,2020-09-03,"Christopher Nolan",,
1241,tt10514222,2021-10-25,2021-10-25,,"Ma Rainey's Black Bottom","Ma Rainey's Black Bottom",https://www.imdb.com/title/tt10514222/,Movie,6.9,94,2020,"Drama, Music",77296,2020-12-18,"George C. Wolfe",,
1242,tt2948372,2021-10-25,2021-10-25,,"Soul","Soul",https://www.imdb.com/title/tt2948372/,Movie,8.0,100,2020,"Animation, Adventure, Comedy, Drama, Family, Fantasy, Music",445256,2020-12-25,"Pete Docter, Kemp Powers",,
1243,tt7772582,2021-10-25,2021-10-25,,"Never Rarely Sometimes Always","Never Rarely Sometimes Always",https://www.imdb.com/title/tt7772582/,Movie,7.3,101,2020,"Drama",29664,2020-04-03,"Eliza Hittman",,
1244,tt10551102,2021-10-25,2021-10-25,,"Small Axe: Lovers Rock","Small Axe: Lovers Rock",https://www.imdb.com/title/tt10551102/,TV Episode,7.5,70,2020,"Drama, History",5583,2020-11-27,"Steve McQueen",,
1245,tt9770150,2021-10-25,2021-10-25,,"Nomadland","Nomadland",https://www.imdb.com/title/tt9770150/,Movie,7.3,107,2020,"Drama",217435,2021-02-19,"Chloé Zhao",,
1246,tt8633462,2025-04-19,2025-04-19,,"Quo Vadis, Aida?","Quo Vadis, Aida?",https://www.imdb.com/title/tt8633462/,Movie,8.0,101,2020,"Drama, History, War",41737,2021-03-05,"Jasmila Zbanic",,
1247,tt14039582,2025-04-19,2025-04-19,,"Drive My Car","Doraibu mai kâ",https://www.imdb.com/title/tt14039582/,Movie,7.5,179,2021,"Drama",76180,2021-08-20,"Ryûsuke Hamaguchi",7,2022-12-05
1248,tt7378922,2025-04-19,2025-04-19,,"Summer of Soul (...Or, When the Revolution Could Not Be Televised)","Summer of Soul (...Or, When the Revolution Could Not Be Televised)",https://www.imdb.com/title/tt7378922/,Movie,8.0,118,2021,"Documentary, History, Music",15228,2021-07-02,"Questlove, Hal Tulchin",,
1249,tt1160419,2025-04-19,2025-04-19,,"Dune: Part One","Dune: Part One",https://www.imdb.com/title/tt1160419/,Movie,8.0,155,2021,"Action, Adventure, Drama, Sci-Fi",1032137,2021-10-22,"Denis Villeneuve",,
1250,tt15239678,2025-04-19,2025-04-19,,"Dune: Part Two","Dune: Part Two",https://www.imdb.com/title/tt15239678/,Movie,8.4,166,2024,"Action, Adventure, Drama, Sci-Fi",728068,2024-03-01,"Denis Villeneuve",,
1251,tt19770238,2025-04-19,2025-04-19,,"Aftersun","Aftersun",https://www.imdb.com/title/tt19770238/,Movie,7.6,102,2022,"Drama",126959,2022-11-18,"Charlotte Wells",,
1252,tt17009710,2025-04-19,2025-04-19,,"Anatomy of a Fall","Anatomie d'une chute",https://www.imdb.com/title/tt17009710/,Movie,7.6,151,2023,"Crime, Drama, Mystery, Thriller",208045,2024-03-22,"Justine Triet",,
1253,tt10638522,2025-04-19,2025-04-19,,"Talk to Me","Talk to Me",https://www.imdb.com/title/tt10638522/,Movie,7.1,95,2022,"Horror, Thriller",212478,2023-07-28,"Danny Philippou, Michael Philippou",,
1254,tt5537002,2025-04-19,2025-04-19,,"Killers of the Flower Moon","Killers of the Flower Moon",https://www.imdb.com/title/tt5537002/,Movie,7.5,206,2023,"Crime, Drama, History, Western",304894,2023-10-20,"Martin Scorsese",,
1255,tt1517268,2025-04-19,2025-04-19,,"Barbie","Barbie",https://www.imdb.com/title/tt1517268/,Movie,6.8,114,2023,"Adventure, Comedy, Fantasy",664739,2023-07-21,"Greta Gerwig",,
1256,tt15398776,2025-04-19,2025-04-19,,"Oppenheimer","Oppenheimer",https://www.imdb.com/title/tt15398776/,Movie,8.2,180,2023,"Biography, Drama, History",1015505,2023-07-21,"Christopher Nolan",,
1257,tt14230458,2025-04-19,2025-04-19,,"Poor Things","Poor Things",https://www.imdb.com/title/tt14230458/,Movie,7.7,141,2023,"Comedy, Drama, Romance, Sci-Fi",389505,2023-12-22,"Yorgos Lanthimos",,
1258,tt6587046,2025-04-19,2025-04-19,,"The Boy and the Heron","Kimi-tachi wa dô ikiru ka",https://www.imdb.com/title/tt6587046/,Movie,7.3,124,2023,"Animation, Adventure, Drama, Fantasy",125138,2023-12-08,"Hayao Miyazaki",,
1259,tt7160372,2025-04-19,2025-04-19,,"The Zone of Interest","The Zone of Interest",https://www.imdb.com/title/tt7160372/,Movie,7.3,105,2023,"Drama, History, War",165124,2024-02-20,"Jonathan Glazer",,
1260,tt21192142,2025-04-19,2025-04-19,,"All of Us Strangers","All of Us Strangers",https://www.imdb.com/title/tt21192142/,Movie,7.6,105,2023,"Drama, Romance",78359,2023-12-22,"Andrew Haigh",,
