Const,Your Rating,Date Rated,Title,Original Title,URL,Title Type,IMDb Rating,Runtime (mins),Year,Genres,Num Votes,Release Date,Directors
tt30144839,8,2026-03-29,"One Battle After Another","One Battle After Another",https://www.imdb.com/title/tt30144839,Movie,7.7,161,2025,"Crime, Drama, Thriller, Action",379533,"2025-09-26","Paul Thomas Anderson"
tt32916440,6,2026-03-29,"Marty Supreme","Marty Supreme",https://www.imdb.com/title/tt32916440,Movie,7.7,149,2025,"Drama, Sport",148577,"2025-12-25","Josh Safdie"
tt27714581,8,2026-03-21,"Sentimental Value","Affeksjonsverdi",https://www.imdb.com/title/tt27714581,Movie,7.7,133,2025,"Drama",69433,"2025-08-20","Joachim Trier"
tt14905854,7,2026-03-21,"Hamnet","Hamnet",https://www.imdb.com/title/tt14905854,Movie,7.8,125,2025,"Biography, Drama, History, Romance",100541,"2025-12-05","Chloé Zhao"
tt12300742,3,2025-12-08,"Bugonia","Bugonia",https://www.imdb.com/title/tt12300742,Movie,7.4,118,2025,"Sci-Fi, Comedy, Crime, Thriller",172065,"2025-10-31","Yorgos Lanthimos"
tt32549601,6,2025-11-29,"Caramelo","Caramelo",https://www.imdb.com/title/tt32549601,Movie,7.1,101,2025,"Family, Comedy, Drama",8511,"2025-10-08","Diego Freitas"
tt0120623,5,2025-04-19,"A Bug's Life","A Bug's Life",https://www.imdb.com/title/tt0120623,Movie,7.2,95,1998,"Animation, Adventure, Comedy, Family",336955,"1998-11-25","John Lasseter,Andrew Stanton"
tt1155076,4,2025-04-19,"The Karate Kid","The Karate Kid",https://www.imdb.com/title/tt1155076,Movie,6.3,140,2010,"Action, Drama, Family, Sport",226190,"2010-06-11","Harald Zwart"
tt20215234,7,2025-03-23,"Conclave","Conclave",https://www.imdb.com/title/tt20215234,Movie,7.4,120,2024,"Thriller, Drama",256688,"2024-10-25","Edward Berger"
tt0094737,8,2025-03-04,"Big","Big",https://www.imdb.com/title/tt0094737,Movie,7.3,104,1988,"Drama, Romance, Comedy, Fantasy",259503,"1988-06-03","Penny Marshall"
tt0114709,7,2025-03-04,"Toy Story","Toy Story",https://www.imdb.com/title/tt0114709,Movie,8.3,81,1995,"Animation, Adventure, Comedy, Family, Fantasy",1169125,"1995-11-22","John Lasseter"
tt0102059,7,2025-02-08,"Hot Shots!","Hot Shots!",https://www.imdb.com/title/tt0102059,Movie,6.7,85,1991,"Action, Comedy",124782,"1991-07-31","Jim Abrahams"
tt28607951,5,2025-02-02,"Anora","Anora",https://www.imdb.com/title/tt28607951,Movie,7.4,139,2024,"Drama, Comedy, Romance",269225,"2024-11-08","Sean Baker"
tt0134119,7,2024-04-18,"The Talented Mr. Ripley","The Talented Mr. Ripley",https://www.imdb.com/title/tt0134119,Movie,7.4,139,1999,"Crime, Drama, Thriller",271114,"1999-12-25","Anthony Minghella"
tt12747748,7,2024-01-03,"Leave the World Behind","Leave the World Behind",https://www.imdb.com/title/tt12747748,Movie,6.4,138,2023,"Drama, Thriller, Mystery",241011,"2023-12-08","Sam Esmail"
tt5535276,6,2024-01-03,"Maestro","Maestro",https://www.imdb.com/title/tt5535276,Movie,6.5,129,2023,"Biography, Drama, Music, Romance, History",69300,"2023-12-20","Bradley Cooper"
tt5247022,7,2023-07-07,"Paterson","Paterson",https://www.imdb.com/title/tt5247022,Movie,7.3,118,2016,"Drama, Comedy, Romance",95275,"2016-12-28","Jim Jarmusch"
tt7653254,8,2023-07-07,"Marriage Story","Marriage Story",https://www.imdb.com/title/tt7653254,Movie,7.9,137,2019,"Drama, Romance",370867,"2019-12-06","Noah Baumbach"
tt2347569,7,2023-07-07,"Frances Ha","Frances Ha",https://www.imdb.com/title/tt2347569,Movie,7.4,86,2012,"Comedy, Drama, Romance",102075,"2013-05-17","Noah Baumbach"
tt0079417,9,2023-02-11,"Kramer vs. Kramer","Kramer vs. Kramer",https://www.imdb.com/title/tt0079417,Movie,7.8,105,1979,"Drama",165870,"1979-12-19","Robert Benton"
tt10370710,8,2023-01-15,"The Worst Person in the World","Verdens verste menneske",https://www.imdb.com/title/tt10370710,Movie,7.7,128,2021,"Comedy, Drama, Romance",125816,"2021-10-13","Joachim Trier"
tt10288566,7,2023-01-05,"Another Round","Druk",https://www.imdb.com/title/tt10288566,Movie,7.7,117,2020,"Drama, Comedy",225312,"2020-12-18","Thomas Vinterberg"
tt6751668,8,2023-01-05,"Parasite","Gisaengchung",https://www.imdb.com/title/tt6751668,Movie,8.5,132,2019,"Drama, Thriller",1155066,"2019-11-08","Bong Joon Ho"
tt12322986,7,2023-01-05,"Softie","Petite nature",https://www.imdb.com/title/tt12322986,Movie,7.1,93,2021,"Drama",1502,"2023-02-01","Samuel Theis"
tt8291806,6,2022-12-10,"Pain and Glory","Dolor y gloria",https://www.imdb.com/title/tt8291806,Movie,7.5,113,2019,"Drama",66955,"2019-10-04","Pedro Almodóvar"
tt14039582,7,2022-12-05,"Drive My Car","Doraibu mai kâ",https://www.imdb.com/title/tt14039582,Movie,7.5,179,2021,"Drama",76234,"2021-08-20","Ryûsuke Hamaguchi"
tt2718492,8,2022-12-02,"Ida","Ida",https://www.imdb.com/title/tt2718492,Movie,7.4,82,2013,"Drama",63008,"2013-10-25","Pawel Pawlikowski"
tt7533152,7,2021-01-09,"The Boy Who Harnessed the Wind","The Boy Who Harnessed the Wind",https://www.imdb.com/title/tt7533152,Movie,7.6,113,2019,"Drama, Biography, History",51775,"2019-03-01","Chiwetel Ejiofor"
tt2155399,7,2020-12-26,"Variações: Guardian Angel","Variações",https://www.imdb.com/title/tt2155399,Movie,7.1,109,2019,"Biography, Music, Drama, Romance",4128,"2019-08-22","João Maia"
tt6772802,5,2020-12-18,"Hillbilly Elegy","Hillbilly Elegy",https://www.imdb.com/title/tt6772802,Movie,6.7,116,2020,"Drama, Biography",60939,"2020-11-24","Ron Howard"
tt7959026,7,2020-05-08,"The Mule","The Mule",https://www.imdb.com/title/tt7959026,Movie,7.0,116,2018,"Drama, Crime, Thriller",168194,"2018-12-14","Clint Eastwood"
tt7131622,7,2020-02-04,"Once Upon a Time... in Hollywood","Once Upon a Time in... Hollywood",https://www.imdb.com/title/tt7131622,Movie,7.6,161,2019,"Drama, Comedy",957519,"2019-07-26","Quentin Tarantino"
tt7286456,8,2020-02-04,"Joker","Joker",https://www.imdb.com/title/tt7286456,Movie,8.3,122,2019,"Crime, Drama, Thriller",1684918,"2019-10-04","Todd Phillips"
tt4736550,7,2020-01-27,"The Great Hack","The Great Hack",https://www.imdb.com/title/tt4736550,Movie,7.0,114,2019,"Documentary, Biography, History",25778,"2019-07-24","Karim Amer,Jehane Noujaim"
tt9495224,7,2020-01-27,"Black Mirror: Bandersnatch","Black Mirror: Bandersnatch",https://www.imdb.com/title/tt9495224,Movie,7.1,90,2018,"Drama, Thriller, Mystery, Sci-Fi, Fantasy",143047,"2018-12-28","David Slade"
tt8404614,7,2020-01-27,"The Two Popes","The Two Popes",https://www.imdb.com/title/tt8404614,Movie,7.6,125,2019,"Drama, Biography",146288,"2019-12-20","Fernando Meirelles"
tt0107943,8,2019-05-09,"The Remains of the Day","The Remains of the Day",https://www.imdb.com/title/tt0107943,Movie,7.8,134,1993,"Romance, Drama",92518,"1993-11-19","James Ivory"
tt1727824,8,2019-03-29,"Bohemian Rhapsody","Bohemian Rhapsody",https://www.imdb.com/title/tt1727824,Movie,7.9,134,2018,"Biography, Drama, Music",642584,"2018-11-02","Bryan Singer"
tt5083738,7,2019-03-29,"The Favourite","The Favourite",https://www.imdb.com/title/tt5083738,Movie,7.5,119,2018,"Biography, Drama, History, Comedy",257877,"2018-12-21","Yorgos Lanthimos"
tt6966692,8,2019-03-29,"Green Book","Green Book",https://www.imdb.com/title/tt6966692,Movie,8.2,130,2018,"Drama, Biography, Comedy, Music",680265,"2018-11-16","Peter Farrelly"
tt7349662,7,2019-02-23,"BlacKkKlansman","BlacKkKlansman",https://www.imdb.com/title/tt7349662,Movie,7.5,135,2018,"Biography, Crime, Drama, Comedy",313669,"2018-08-10","Spike Lee"
tt1517451,6,2019-02-17,"A Star Is Born","A Star Is Born",https://www.imdb.com/title/tt1517451,Movie,7.6,136,2018,"Drama, Romance, Music",447817,"2018-10-05","Bradley Cooper"
tt3256226,6,2019-01-25,"IO","IO",https://www.imdb.com/title/tt3256226,Movie,4.8,96,2019,"Sci-Fi, Adventure, Drama",37892,"2019-01-18","Jonathan Helpert"
tt2582846,6,2019-01-11,"The Fault in Our Stars","The Fault in Our Stars",https://www.imdb.com/title/tt2582846,Movie,7.6,126,2014,"Drama, Romance",423683,"2014-06-06","Josh Boone"
tt6412452,7,2019-01-06,"The Ballad of Buster Scruggs","The Ballad of Buster Scruggs",https://www.imdb.com/title/tt6412452,Movie,7.2,133,2018,"Musical, Western, Comedy, Drama, Mystery",183705,"2018-11-09","Ethan Coen,Joel Coen"
tt5776858,7,2018-04-30,"Phantom Thread","Phantom Thread",https://www.imdb.com/title/tt5776858,Movie,7.4,130,2017,"Drama, Romance",161461,"2018-01-19","Paul Thomas Anderson"
tt6294822,7,2018-04-30,"The Post","The Post",https://www.imdb.com/title/tt6294822,Movie,7.2,116,2017,"Drama, Biography, History, Thriller, War",171549,"2018-01-12","Steven Spielberg"
tt5580036,7,2018-04-30,"I, Tonya","I, Tonya",https://www.imdb.com/title/tt5580036,Movie,7.5,119,2017,"Biography, Drama, Sport, Comedy",260861,"2018-01-19","Craig Gillespie"
tt4925292,8,2018-04-30,"Lady Bird","Lady Bird",https://www.imdb.com/title/tt4925292,Movie,7.4,94,2017,"Comedy, Drama",362336,"2017-12-01","Greta Gerwig"
tt5580390,6,2018-04-30,"The Shape of Water","The Shape of Water",https://www.imdb.com/title/tt5580390,Movie,7.3,123,2017,"Romance, Drama, Fantasy, Sci-Fi",474704,"2017-12-22","Guillermo del Toro"
tt5726616,8,2018-03-10,"Call Me by Your Name","Call Me by Your Name",https://www.imdb.com/title/tt5726616,Movie,7.8,132,2017,"Drama, Romance",357380,"2018-01-19","Luca Guadagnino"
tt1979388,7,2018-01-21,"The Good Dinosaur","The Good Dinosaur",https://www.imdb.com/title/tt1979388,Movie,6.7,93,2015,"Animation, Comedy, Family, Adventure, Drama, Fantasy, Action",139250,"2015-11-25","Peter Sohn"
tt5479616,5,2017-12-28,"Amar","Amar",https://www.imdb.com/title/tt5479616,Movie,5.1,105,2017,"Drama, Romance",5342,"2017-07-16","Esteban Crespo"
tt5013056,7,2017-12-17,"Dunkirk","Dunkirk",https://www.imdb.com/title/tt5013056,Movie,7.8,106,2017,"War, Drama, Action, History, Thriller",804263,"2017-07-21","Christopher Nolan"
tt4016934,8,2017-12-12,"The Handmaiden","Ah-ga-ssi",https://www.imdb.com/title/tt4016934,Movie,8.1,145,2016,"Drama, Romance, Thriller",201799,"2017-09-02","Park Chan-wook"
tt5155780,6,2017-12-02,"The Discovery","The Discovery",https://www.imdb.com/title/tt5155780,Movie,6.2,102,2017,"Romance, Sci-Fi, Drama, Thriller",40378,"2017-03-31","Charlie McDowell"
tt0386117,4,2017-10-23,"Where the Wild Things Are","Where the Wild Things Are",https://www.imdb.com/title/tt0386117,Movie,6.7,101,2009,"Adventure, Drama, Fantasy, Family",111905,"2009-10-16","Spike Jonze"
tt1825157,6,2017-10-23,"The Double","The Double",https://www.imdb.com/title/tt1825157,Movie,6.4,93,2013,"Drama, Thriller, Comedy, Mystery, Sci-Fi",55445,"2014-04-04","Richard Ayoade"
tt1637688,6,2017-04-23,"In Time","In Time",https://www.imdb.com/title/tt1637688,Movie,6.7,109,2011,"Sci-Fi, Thriller, Action",482245,"2011-10-28","Andrew Niccol"
tt4895668,6,2017-04-12,"Saint George","São Jorge",https://www.imdb.com/title/tt4895668,Movie,6.9,112,2016,"Drama, Crime",2173,"2017-03-09","Marco Martins"
tt4572514,6,2017-04-02,"Patriots Day","Patriots Day",https://www.imdb.com/title/tt4572514,Movie,7.3,133,2016,"Thriller, Drama, History, Crime, Action",121795,"2017-01-13","Peter Berg"
tt5186714,8,2017-04-02,"The Salesman","Forooshande",https://www.imdb.com/title/tt5186714,Movie,7.7,124,2016,"Drama, Thriller",68620,"2016-08-31","Asghar Farhadi"
tt4428814,8,2017-03-26,"The Measure of a Man","La loi du marché",https://www.imdb.com/title/tt4428814,Movie,6.8,91,2015,"Drama",7135,"2016-04-15","Stéphane Brizé"
tt4430212,7,2017-03-26,"Drishyam","Drishyam",https://www.imdb.com/title/tt4430212,Movie,8.2,163,2015,"Drama, Thriller, Crime, Mystery",108283,"2015-07-31","Nishikant Kamat"
tt4276820,6,2017-03-26,"The Founder","The Founder",https://www.imdb.com/title/tt4276820,Movie,7.2,115,2016,"Biography, Drama",203913,"2017-01-20","John Lee Hancock"
tt4136084,7,2017-03-18,"Florence Foster Jenkins","Florence Foster Jenkins",https://www.imdb.com/title/tt4136084,Movie,6.8,111,2016,"Comedy, Biography, Drama, Music",62183,"2016-08-12","Stephen Frears"
tt0102494,6,2017-03-15,"My Own Private Idaho","My Own Private Idaho",https://www.imdb.com/title/tt0102494,Movie,6.9,104,1991,"Drama",66915,"1991-07-20","Gus Van Sant"
tt4972582,4,2017-03-14,"Split","Split",https://www.imdb.com/title/tt4972582,Movie,7.3,117,2016,"Thriller, Horror",618728,"2017-01-20","M. Night Shyamalan"
tt3464902,6,2017-03-14,"The Lobster","The Lobster",https://www.imdb.com/title/tt3464902,Movie,7.1,119,2015,"Romance, Sci-Fi, Drama, Thriller",332540,"2015-10-16","Yorgos Lanthimos"
tt3068194,6,2017-03-13,"Love & Friendship","Love & Friendship",https://www.imdb.com/title/tt3068194,Movie,6.4,90,2016,"Drama, Romance, Comedy",27666,"2016-06-03","Whit Stillman"
tt0088247,7,2017-03-06,"The Terminator","The Terminator",https://www.imdb.com/title/tt0088247,Movie,8.1,107,1984,"Action, Adventure, Sci-Fi",1000717,"1984-10-26","James Cameron"
tt4048272,8,2017-03-06,"Toni Erdmann","Toni Erdmann",https://www.imdb.com/title/tt4048272,Movie,7.3,162,2016,"Drama, Comedy",54951,"2016-12-25","Maren Ade"
tt3783958,6,2017-03-05,"La La Land","La La Land",https://www.imdb.com/title/tt3783958,Movie,8.0,128,2016,"Musical, Comedy, Drama, Romance, Music",757859,"2016-12-25","Damien Chazelle"
tt4034228,9,2017-03-05,"Manchester by the Sea","Manchester by the Sea",https://www.imdb.com/title/tt4034228,Movie,7.8,137,2016,"Drama",354912,"2016-12-16","Kenneth Lonergan"
tt3841424,7,2017-03-05,"Land of Mine","Under sandet",https://www.imdb.com/title/tt3841424,Movie,7.8,100,2015,"War, Drama, History",49100,"2015-12-03","Martin Zandvliet"
tt4239726,7,2017-03-03,"Tanna","Tanna",https://www.imdb.com/title/tt4239726,Movie,6.9,104,2015,"Drama, Romance, Adventure",4860,"2017-09-23","Martin Butler,Bentley Dean"
tt4846340,7,2017-03-01,"Hidden Figures","Hidden Figures",https://www.imdb.com/title/tt4846340,Movie,7.8,127,2016,"Drama, History, Biography",287508,"2017-01-06","Theodore Melfi"
tt4468634,5,2017-02-27,"Certain Women","Certain Women",https://www.imdb.com/title/tt4468634,Movie,6.4,107,2016,"Drama",17258,"2017-02-22","Kelly Reichardt"
tt4385888,8,2017-02-24,"20th Century Women","20th Century Women",https://www.imdb.com/title/tt4385888,Movie,7.3,119,2016,"Comedy, Drama",52186,"2017-01-20","Mike Mills"
tt3640424,7,2017-02-23,"Allied","Allied",https://www.imdb.com/title/tt3640424,Movie,7.1,124,2016,"Drama, Romance, Thriller, War, Action",179450,"2016-11-23","Robert Zemeckis"
tt2671706,8,2017-02-22,"Fences","Fences",https://www.imdb.com/title/tt2671706,Movie,7.2,139,2016,"Drama",125124,"2016-12-25","Denzel Washington"
tt4550098,6,2017-02-20,"Nocturnal Animals","Nocturnal Animals",https://www.imdb.com/title/tt4550098,Movie,7.4,116,2016,"Drama, Thriller",338072,"2016-12-09","Tom Ford"
tt3774114,7,2017-02-19,"Snowden","Snowden",https://www.imdb.com/title/tt3774114,Movie,7.3,134,2016,"Drama, Thriller, Biography, Crime",172339,"2016-09-16","Oliver Stone"
tt4975722,7,2017-02-18,"Moonlight","Moonlight",https://www.imdb.com/title/tt4975722,Movie,7.4,111,2016,"Drama",351151,"2016-11-18","Barry Jenkins"
tt2140479,7,2017-02-14,"The Accountant","The Accountant",https://www.imdb.com/title/tt2140479,Movie,7.3,128,2016,"Thriller, Action, Crime, Drama",394334,"2016-10-14","Gavin O'Connor"
tt2119532,7,2017-02-10,"Hacksaw Ridge","Hacksaw Ridge",https://www.imdb.com/title/tt2119532,Movie,8.1,139,2016,"Drama, War, History, Biography",677015,"2016-11-04","Mel Gibson"
tt0353969,7,2017-02-09,"Memories of Murder","Salinui chueok",https://www.imdb.com/title/tt0353969,Movie,8.1,131,2003,"Mystery, Crime, Drama, Thriller",264228,"2003-05-02","Bong Joon Ho"
tt4669986,7,2017-02-07,"Loving","Loving",https://www.imdb.com/title/tt4669986,Movie,7.0,123,2016,"Drama, Biography, Romance",38504,"2016-11-04","Jeff Nichols"
tt4666726,5,2017-02-06,"Christine","Christine",https://www.imdb.com/title/tt4666726,Movie,6.9,119,2016,"Biography, Drama",17832,"2016-10-14","Antonio Campos"
tt4196450,7,2017-02-03,"The Birth of a Nation","The Birth of a Nation",https://www.imdb.com/title/tt4196450,Movie,6.6,120,2016,"Drama, Biography, History",22632,"2016-10-07","Nate Parker"
tt2582782,8,2017-02-01,"Hell or High Water","Hell or High Water",https://www.imdb.com/title/tt2582782,Movie,7.6,102,2016,"Crime, Drama, Thriller, Western",276189,"2016-08-26","David Mackenzie"
tt2543164,7,2017-01-31,"Arrival","Arrival",https://www.imdb.com/title/tt2543164,Movie,7.9,116,2016,"Sci-Fi, Drama, Mystery",858911,"2016-11-11","Denis Villeneuve"
tt0086465,7,2017-01-29,"Trading Places","Trading Places",https://www.imdb.com/title/tt0086465,Movie,7.5,116,1983,"Comedy",181894,"1983-06-08","John Landis"
tt0095327,8,2017-01-28,"Grave of the Fireflies","Hotaru no haka",https://www.imdb.com/title/tt0095327,Movie,8.5,88,1988,"Animation, Drama, War",382186,"1989-07-26","Isao Takahata"
tt0479547,7,2017-01-27,"Surfwise","Surfwise",https://www.imdb.com/title/tt0479547,Movie,7.1,93,2007,"Documentary, Sport",1716,"2008-05-09","Doug Pray"
tt3824458,8,2017-01-27,"Tangerine","Tangerine",https://www.imdb.com/title/tt3824458,Movie,7.1,88,2015,"Drama, Comedy, Crime",42874,"2015-07-10","Sean Baker"
tt2763296,8,2017-01-04,"The Great Train Robbery","The Great Train Robbery",https://www.imdb.com/title/tt2763296,TV Mini Series,7.3,90,2013,"Biography, Drama, Crime, History, Thriller",5489,"2013-12-18",
tt4929038,6,2017-01-03,"The Ornithologist","O Ornitólogo",https://www.imdb.com/title/tt4929038,Movie,6.3,117,2016,"Drama, Adventure, Mystery",3985,"2016-10-20","João Pedro Rodrigues"
tt4899406,7,2017-01-02,"Neon Bull","Boi Neon",https://www.imdb.com/title/tt4899406,Movie,6.8,101,2015,"Drama",3679,"2016-01-14","Gabriel Mascaro"
tt3741834,7,2016-12-22,"Lion","Lion",https://www.imdb.com/title/tt3741834,Movie,8.0,118,2016,"Drama, Biography",265791,"2017-01-06","Garth Davis"
tt3716530,7,2016-12-18,"Elle","Elle",https://www.imdb.com/title/tt3716530,Movie,7.1,130,2016,"Drama, Thriller, Crime, Action, Mystery, Romance",74401,"2016-11-11","Paul Verhoeven"
tt1860213,5,2016-12-17,"Dirty Grandpa","Dirty Grandpa",https://www.imdb.com/title/tt1860213,Movie,5.9,102,2016,"Comedy",141544,"2016-01-22","Dan Mazer"
tt0118849,8,2016-12-07,"Children of Heaven","Bacheha-ye aseman",https://www.imdb.com/title/tt0118849,Movie,8.2,89,1997,"Family, Sport, Drama",89627,"1999-01-22","Majid Majidi"
tt0978762,7,2016-12-07,"Mary and Max","Mary and Max.",https://www.imdb.com/title/tt0978762,Movie,8.1,92,2009,"Animation, Comedy, Drama",201217,"2009-04-09","Adam Elliot"
tt0092005,6,2016-12-06,"Stand by Me","Stand by Me",https://www.imdb.com/title/tt0092005,Movie,8.1,89,1986,"Drama, Adventure",485777,"1986-08-22","Rob Reiner"
tt0086879,8,2016-12-02,"Amadeus","Amadeus",https://www.imdb.com/title/tt0086879,Movie,8.4,160,1984,"Drama, Music, Biography",466494,"1984-09-19","Miloš Forman"
tt0087884,8,2016-11-30,"Paris, Texas","Paris, Texas",https://www.imdb.com/title/tt0087884,Movie,8.1,145,1984,"Drama",139957,"1984-08-23","Wim Wenders"
tt0107048,7,2016-11-27,"Groundhog Day","Groundhog Day",https://www.imdb.com/title/tt0107048,Movie,8.0,101,1993,"Fantasy, Drama, Romance, Comedy",735733,"1993-02-12","Harold Ramis"
tt0181536,7,2016-11-26,"Finding Forrester","Finding Forrester",https://www.imdb.com/title/tt0181536,Movie,7.3,136,2000,"Sport, Drama",93076,"2001-01-12","Gus Van Sant"
tt0362270,8,2016-11-22,"The Life Aquatic with Steve Zissou","The Life Aquatic with Steve Zissou",https://www.imdb.com/title/tt0362270,Movie,7.2,119,2004,"Comedy, Adventure, Drama, Action, Romance",220736,"2004-12-25","Wes Anderson"
tt0478304,8,2016-11-19,"The Tree of Life","The Tree of Life",https://www.imdb.com/title/tt0478304,Movie,6.8,139,2011,"Drama, Fantasy",191983,"2011-05-18","Terrence Malick"
tt1781827,6,2016-11-15,"Hands of Stone","Hands of Stone",https://www.imdb.com/title/tt1781827,Movie,6.6,111,2016,"Biography, Drama, Sport",18626,"2016-08-26","Jonathan Jakubowicz"
tt3715320,7,2016-11-05,"Irrational Man","Irrational Man",https://www.imdb.com/title/tt3715320,Movie,6.6,95,2015,"Comedy, Drama, Romance, Crime",70464,"2015-08-07","Woody Allen"
tt4513674,6,2016-11-04,"Café Society","Café Society",https://www.imdb.com/title/tt4513674,Movie,6.6,96,2016,"Comedy, Romance, Drama",84639,"2016-08-05","Woody Allen"
tt0070047,8,2016-11-01,"The Exorcist","The Exorcist",https://www.imdb.com/title/tt0070047,Movie,8.1,122,1973,"Horror",497134,"1973-12-26","William Friedkin"
tt0043014,7,2016-10-27,"Sunset Boulevard","Sunset Blvd.",https://www.imdb.com/title/tt0043014,Movie,8.4,110,1950,"Drama, Film-Noir",260443,"1950-08-04","Billy Wilder"
tt0032553,8,2016-10-26,"The Great Dictator","The Great Dictator",https://www.imdb.com/title/tt0032553,Movie,8.4,125,1940,"Drama, War, Comedy",258878,"1941-03-07","Charles Chaplin"
tt0108473,7,2016-10-24,"The Vanishing","The Vanishing",https://www.imdb.com/title/tt0108473,Movie,6.3,109,1993,"Drama, Horror, Thriller, Mystery",30217,"1993-02-05","George Sluizer"
tt1355631,7,2016-10-23,"The Infiltrator","The Infiltrator",https://www.imdb.com/title/tt1355631,Movie,7.0,127,2016,"Crime, Drama, Biography, Thriller",84752,"2016-07-13","Brad Furman"
tt0790770,6,2016-10-23,"Miles Ahead","Miles Ahead",https://www.imdb.com/title/tt0790770,Movie,6.4,100,2015,"Biography, Drama, Music, Romance",11000,"2016-04-22","Don Cheadle"
tt1772424,7,2016-10-13,"Where Do We Go Now?","Et maintenant on va où?",https://www.imdb.com/title/tt1772424,Movie,7.4,110,2011,"Comedy, Drama",14081,"2011-09-14","Nadine Labaki"
tt2229499,5,2016-10-12,"Don Jon","Don Jon",https://www.imdb.com/title/tt2229499,Movie,6.5,90,2013,"Comedy, Drama, Romance",254693,"2013-09-27","Joseph Gordon-Levitt"
tt0418763,6,2016-10-10,"Jarhead","Jarhead",https://www.imdb.com/title/tt0418763,Movie,7.0,125,2005,"Drama, War, Biography",224247,"2005-11-04","Sam Mendes"
tt0027977,7,2016-10-10,"Modern Times","Modern Times",https://www.imdb.com/title/tt0027977,Movie,8.5,87,1936,"Drama, Romance, Comedy",284617,"1936-02-25","Charles Chaplin"
tt0077405,7,2016-10-07,"Days of Heaven","Days of Heaven",https://www.imdb.com/title/tt0077405,Movie,7.7,94,1978,"Romance, Drama",68650,"1978-10-06","Terrence Malick"
tt0108394,8,2016-10-06,"Three Colors: Blue","Trois couleurs: Bleu",https://www.imdb.com/title/tt0108394,Movie,7.8,98,1993,"Music, Mystery, Romance, Drama",118634,"1993-09-08","Krzysztof Kieslowski"
tt0082971,7,2016-10-06,"Raiders of the Lost Ark","Raiders of the Lost Ark",https://www.imdb.com/title/tt0082971,Movie,8.4,115,1981,"Adventure, Action",1107304,"1981-06-12","Steven Spielberg"
tt0078748,6,2016-10-06,"Alien","Alien",https://www.imdb.com/title/tt0078748,Movie,8.5,117,1979,"Horror, Sci-Fi",1060018,"1979-06-22","Ridley Scott"
tt3263904,6,2016-10-04,"Sully","Sully",https://www.imdb.com/title/tt3263904,Movie,7.4,96,2016,"Drama, Biography, History",321255,"2016-09-09","Clint Eastwood"
tt4285496,7,2016-09-06,"Embrace of the Serpent","El abrazo de la serpiente",https://www.imdb.com/title/tt4285496,Movie,7.8,125,2015,"Adventure, Drama, Biography",25819,"2015-05-25","Ciro Guerra"
tt1809398,8,2016-08-28,"Unbroken","Unbroken",https://www.imdb.com/title/tt1809398,Movie,7.2,137,2014,"War, Drama, Sport, Biography",198424,"2014-12-25","Angelina Jolie"
tt4196776,7,2016-08-27,"Jason Bourne","Jason Bourne",https://www.imdb.com/title/tt4196776,Movie,6.6,123,2016,"Action, Thriller",256759,"2016-07-29","Paul Greengrass"
tt3808342,7,2016-08-27,"Son of Saul","Saul fia",https://www.imdb.com/title/tt3808342,Movie,7.4,107,2015,"Drama, War",54377,"2015-06-11","László Nemes"
tt3013610,8,2016-07-09,"My Mother","Mia madre",https://www.imdb.com/title/tt3013610,Movie,6.8,106,2015,"Drama",8014,"2016-08-26","Nanni Moretti"
tt0101318,7,2016-07-09,"The Lovers on the Bridge","Les amants du Pont-Neuf",https://www.imdb.com/title/tt0101318,Movie,7.6,125,1991,"Romance, Drama",17178,"1999-07-02","Leos Carax"
tt0365737,7,2016-07-08,"Syriana","Syriana",https://www.imdb.com/title/tt0365737,Movie,6.8,128,2005,"Drama, Thriller",138401,"2005-12-09","Stephen Gaghan"
tt2096673,8,2016-05-09,"Inside Out","Inside Out",https://www.imdb.com/title/tt2096673,Movie,8.1,95,2015,"Animation, Comedy, Family, Adventure, Drama, Fantasy",910279,"2015-06-19","Pete Docter,Ronnie Del Carmen"
tt0379725,7,2016-04-27,"Capote","Capote",https://www.imdb.com/title/tt0379725,Movie,7.3,114,2005,"Drama, Crime, Biography, History",149111,"2006-02-03","Bennett Miller"
tt3011894,7,2016-04-26,"Wild Tales","Relatos salvajes",https://www.imdb.com/title/tt3011894,Movie,8.1,122,2014,"Comedy, Thriller, Drama",237354,"2014-08-21","Damián Szifron"
tt0465538,7,2016-04-18,"Michael Clayton","Michael Clayton",https://www.imdb.com/title/tt0465538,Movie,7.2,119,2007,"Drama, Thriller, Crime, Mystery",183386,"2007-10-12","Tony Gilroy"
tt0116231,6,2016-04-05,"The Bandit","Eskiya",https://www.imdb.com/title/tt0116231,Movie,8.1,128,1996,"Crime, Drama",75244,"1996-11-29","Yavuz Turgul"
tt0021749,7,2016-04-04,"City Lights","City Lights",https://www.imdb.com/title/tt0021749,Movie,8.5,87,1931,"Romance, Drama, Comedy",215953,"1931-03-07","Charles Chaplin"
tt2379713,7,2016-04-04,"Spectre","Spectre",https://www.imdb.com/title/tt2379713,Movie,6.8,148,2015,"Adventure, Thriller, Action",494829,"2015-11-06","Sam Mendes"
tt2381111,7,2016-04-03,"Brooklyn","Brooklyn",https://www.imdb.com/title/tt2381111,Movie,7.5,117,2015,"Drama, Romance",158277,"2015-11-25","John Crowley"
tt3460252,8,2016-03-31,"The Hateful Eight","The Hateful Eight",https://www.imdb.com/title/tt3460252,Movie,7.8,168,2015,"Western, Drama, Thriller, Mystery, Crime",720005,"2015-12-30","Quentin Tarantino"
tt1398426,7,2016-03-21,"Straight Outta Compton","Straight Outta Compton",https://www.imdb.com/title/tt1398426,Movie,7.8,147,2015,"Musical, Biography, Music, Drama, History",233200,"2015-08-14","F. Gary Gray"
tt0903657,7,2016-02-28,"Love & Mercy","Love & Mercy",https://www.imdb.com/title/tt0903657,Movie,7.4,121,2014,"Biography, Drama, Music",45434,"2015-06-19","Bill Pohlad"
tt1392190,6,2016-02-27,"Mad Max: Fury Road","Mad Max: Fury Road",https://www.imdb.com/title/tt1392190,Movie,8.1,120,2015,"Action, Adventure, Sci-Fi",1202476,"2015-05-15","George Miller"
tt0470752,8,2016-02-26,"Ex Machina","Ex Machina",https://www.imdb.com/title/tt0470752,Movie,7.7,108,2014,"Drama, Sci-Fi, Thriller",636952,"2015-04-24","Alex Garland"
tt2402927,7,2016-02-21,"Carol","Carol",https://www.imdb.com/title/tt2402927,Movie,7.3,118,2015,"Drama, Romance",153363,"2016-01-15","Todd Haynes"
tt3170832,8,2016-02-21,"Room","Room",https://www.imdb.com/title/tt3170832,Movie,8.1,118,2015,"Drama, Thriller",479096,"2016-01-22","Lenny Abrahamson"
tt3397884,7,2016-02-21,"Sicario","Sicario",https://www.imdb.com/title/tt3397884,Movie,7.7,121,2015,"Drama, Crime, Mystery, Thriller, Action",535566,"2015-10-02","Denis Villeneuve"
tt3544082,8,2016-02-20,"45 Years","45 Years",https://www.imdb.com/title/tt3544082,Movie,7.1,95,2015,"Drama, Romance",36612,"2015-08-28","Andrew Haigh"
tt2401878,7,2016-02-20,"Anomalisa","Anomalisa",https://www.imdb.com/title/tt2401878,Movie,7.2,90,2015,"Animation, Drama, Comedy, Romance",78663,"2016-03-11","Duke Johnson,Charlie Kaufman"
tt2446980,6,2016-02-19,"Joy","Joy",https://www.imdb.com/title/tt2446980,Movie,6.6,124,2015,"Drama, Biography",152178,"2015-12-25","David O. Russell"
tt2080374,5,2016-02-06,"Steve Jobs","Steve Jobs",https://www.imdb.com/title/tt2080374,Movie,7.2,122,2015,"Biography, Drama",186974,"2015-10-23","Danny Boyle"
tt3203606,7,2016-02-06,"Trumbo","Trumbo",https://www.imdb.com/title/tt3203606,Movie,7.4,124,2015,"Biography, Drama",87473,"2015-11-27","Jay Roach"
tt1895587,7,2016-02-02,"Spotlight","Spotlight",https://www.imdb.com/title/tt1895587,Movie,8.1,129,2015,"Drama, Crime, Biography",533764,"2015-11-20","Tom McCarthy"
tt1777551,7,2016-01-25,"Bobby Fischer Against the World","Bobby Fischer Against the World",https://www.imdb.com/title/tt1777551,Movie,7.4,93,2011,"Documentary, Biography, Sport, History",7603,"2011-06-06","Liz Garbus"
tt1596363,7,2016-01-24,"The Big Short","The Big Short",https://www.imdb.com/title/tt1596363,Movie,7.8,130,2015,"Drama, Biography, Comedy, History",537287,"2015-12-23","Adam McKay"
tt0810819,7,2016-01-23,"The Danish Girl","The Danish Girl",https://www.imdb.com/title/tt0810819,Movie,7.1,119,2015,"Drama, Biography",206178,"2016-01-22","Tom Hooper"
tt1663202,7,2016-01-23,"The Revenant","The Revenant",https://www.imdb.com/title/tt1663202,Movie,8.0,156,2015,"Action, Drama, Western",946324,"2016-01-08","Alejandro G. Iñárritu"
tt3488710,6,2016-01-22,"The Walk","The Walk",https://www.imdb.com/title/tt3488710,Movie,7.3,123,2015,"Adventure, Biography, Drama",141296,"2015-10-09","Robert Zemeckis"
tt3682448,7,2016-01-17,"Bridge of Spies","Bridge of Spies",https://www.imdb.com/title/tt3682448,Movie,7.6,142,2015,"Drama, Thriller, History, War",343804,"2015-10-16","Steven Spielberg"
tt1155592,6,2016-01-17,"Man on Wire","Man on Wire",https://www.imdb.com/title/tt1155592,Movie,7.7,94,2008,"Documentary, Biography, History, Crime, Sport, Thriller",61027,"2008-08-29","James Marsh"
tt1798684,6,2016-01-16,"Southpaw","Southpaw",https://www.imdb.com/title/tt1798684,Movie,7.3,124,2015,"Drama, Sport, Action",277493,"2015-07-24","Antoine Fuqua"
tt2515030,6,2015-12-29,"Escobar: Paradise Lost","Escobar: Paradise Lost",https://www.imdb.com/title/tt2515030,Movie,6.5,120,2014,"Romance, Thriller, Crime, Drama, History",24204,"2015-06-26","Andrea Di Stefano"
tt1596345,7,2015-12-22,"Pawn Sacrifice","Pawn Sacrifice",https://www.imdb.com/title/tt1596345,Movie,7.0,115,2014,"Drama, Biography, Sport, Thriller, History",54034,"2015-09-25","Edward Zwick"
tt0080684,7,2015-12-22,"Star Wars: Episode V - The Empire Strikes Back","Star Wars: Episode V - The Empire Strikes Back",https://www.imdb.com/title/tt0080684,Movie,8.7,124,1980,"Fantasy, Sci-Fi, Adventure, Action",1499217,"1980-06-18","Irvin Kershner"
tt0362227,7,2015-12-21,"The Terminal","The Terminal",https://www.imdb.com/title/tt0362227,Movie,7.4,128,2004,"Drama, Comedy, Romance",533771,"2004-06-18","Steven Spielberg"
tt0054215,8,2015-12-21,"Psycho","Psycho",https://www.imdb.com/title/tt0054215,Movie,8.5,109,1960,"Mystery, Thriller, Horror, Drama",782970,"1960-09-08","Alfred Hitchcock"
tt2719848,7,2015-12-20,"Everest","Everest",https://www.imdb.com/title/tt2719848,Movie,7.1,121,2015,"Adventure, Drama, Thriller, Biography",246480,"2015-09-25","Baltasar Kormákur"
tt1638355,6,2015-12-19,"The Man from U.N.C.L.E.","The Man from U.N.C.L.E.",https://www.imdb.com/title/tt1638355,Movie,7.2,116,2015,"Action, Adventure, Comedy",355860,"2015-08-14","Guy Ritchie"
tt4229236,6,2015-11-29,"Cobain: Montage of Heck","Cobain: Montage of Heck",https://www.imdb.com/title/tt4229236,Movie,7.5,132,2015,"Documentary, Biography, Music",33331,"2015-05-04","Brett Morgen"
tt3659388,7,2015-11-29,"The Martian","The Martian",https://www.imdb.com/title/tt3659388,Movie,8.0,144,2015,"Sci-Fi, Adventure, Drama",1005499,"2015-10-02","Ridley Scott"
tt0076759,7,2015-11-23,"Star Wars: Episode IV - A New Hope","Star Wars",https://www.imdb.com/title/tt0076759,Movie,8.6,121,1977,"Sci-Fi, Adventure, Fantasy, Action",1564401,"1977-05-25","George Lucas"
tt0066921,10,2015-11-08,"A Clockwork Orange","A Clockwork Orange",https://www.imdb.com/title/tt0066921,Movie,8.2,136,1971,"Crime, Sci-Fi",934562,"1972-02-02","Stanley Kubrick"
tt0082096,8,2015-11-05,"Das Boot","Das Boot",https://www.imdb.com/title/tt0082096,Movie,8.3,149,1981,"Drama, War",287225,"1982-02-10","Wolfgang Petersen"
tt4126304,6,2015-11-01,"Cartel Land","Cartel Land",https://www.imdb.com/title/tt4126304,Movie,7.3,100,2015,"Documentary",19165,"2015-07-03","Matthew Heineman"
tt1355683,7,2015-10-18,"Black Mass","Black Mass",https://www.imdb.com/title/tt1355683,Movie,6.8,123,2015,"Drama, Crime, Biography",201978,"2015-09-18","Scott Cooper"
tt0050976,8,2015-09-18,"The Seventh Seal","Det sjunde inseglet",https://www.imdb.com/title/tt0050976,Movie,8.1,96,1957,"Drama, Fantasy",215563,"1958-10-13","Ingmar Bergman"
tt2872718,6,2015-08-08,"Nightcrawler","Nightcrawler",https://www.imdb.com/title/tt2872718,Movie,7.8,117,2014,"Crime, Thriller, Drama",665945,"2014-10-31","Dan Gilroy"
tt3316960,8,2015-06-13,"Still Alice","Still Alice",https://www.imdb.com/title/tt3316960,Movie,7.5,101,2014,"Drama",150267,"2015-02-20","Richard Glatzer,Wash Westmoreland"
tt0098724,7,2015-05-19,"Sex, Lies, and Videotape","Sex, Lies, and Videotape",https://www.imdb.com/title/tt0098724,Movie,7.2,100,1989,"Drama",64274,"1989-09-22","Steven Soderbergh"
tt1645089,7,2015-05-19,"Inside Job","Inside Job",https://www.imdb.com/title/tt1645089,Movie,8.2,109,2010,"Documentary, Crime",82827,"2010-11-12","Charles Ferguson"
tt0078754,7,2015-04-19,"All That Jazz","All That Jazz",https://www.imdb.com/title/tt0078754,Movie,7.8,123,1979,"Musical, Drama, Music",40208,"1979-12-20","Bob Fosse"
tt0109831,6,2015-03-18,"Four Weddings and a Funeral","Four Weddings and a Funeral",https://www.imdb.com/title/tt0109831,Movie,7.1,117,1994,"Drama, Romance, Comedy",181536,"1994-04-15","Mike Newell"
tt1100089,7,2015-03-18,"Foxcatcher","Foxcatcher",https://www.imdb.com/title/tt1100089,Movie,7.0,134,2014,"Drama, Biography, Sport, History",154889,"2015-01-16","Bennett Miller"
tt0120663,8,2015-03-09,"Eyes Wide Shut","Eyes Wide Shut",https://www.imdb.com/title/tt0120663,Movie,7.5,159,1999,"Mystery, Drama, Thriller",426578,"1999-07-16","Stanley Kubrick"
tt2084970,7,2015-03-07,"The Imitation Game","The Imitation Game",https://www.imdb.com/title/tt2084970,Movie,8.0,114,2014,"Drama, Biography, Thriller, War",875475,"2014-12-25","Morten Tyldum"
tt0841925,7,2015-02-15,"Silent Light","Stellet Licht",https://www.imdb.com/title/tt0841925,Movie,7.2,136,2007,"Drama, Romance",7167,"2007-10-12","Carlos Reygadas"
tt2170593,7,2015-02-15,"St. Vincent","St. Vincent",https://www.imdb.com/title/tt2170593,Movie,7.2,102,2014,"Comedy, Drama",113231,"2014-10-24","Theodore Melfi"
tt0363589,7,2015-02-13,"Elephant","Elephant",https://www.imdb.com/title/tt0363589,Movie,7.1,81,2003,"Drama, Crime, Thriller",103950,"2003-11-14","Gus Van Sant"
tt2758880,8,2015-02-13,"Winter Sleep","Kis Uykusu",https://www.imdb.com/title/tt2758880,Movie,8.0,196,2014,"Drama",58765,"2014-06-13","Nuri Bilge Ceylan"
tt0111341,7,2015-02-10,"Satantango","Sátántangó",https://www.imdb.com/title/tt0111341,Movie,8.2,439,1994,"Drama",14162,"1994-04-28","Béla Tarr"
tt1126590,7,2015-02-08,"Big Eyes","Big Eyes",https://www.imdb.com/title/tt1126590,Movie,6.9,106,2014,"Drama, Biography, Romance, Crime",104439,"2014-12-25","Tim Burton"
tt0104348,6,2015-02-08,"Glengarry Glen Ross","Glengarry Glen Ross",https://www.imdb.com/title/tt0104348,Movie,7.6,100,1992,"Crime, Mystery, Drama",126586,"1992-10-02","James Foley"
tt0236784,6,2015-02-07,"The Tailor of Panama","The Tailor of Panama",https://www.imdb.com/title/tt0236784,Movie,6.1,109,2001,"Drama, Thriller",32691,"2001-03-30","John Boorman"
tt2562232,6,2015-02-07,"Birdman or (The Unexpected Virtue of Ignorance)","Birdman or (The Unexpected Virtue of Ignorance)",https://www.imdb.com/title/tt2562232,Movie,7.7,119,2014,"Comedy, Drama",697055,"2014-11-14","Alejandro G. Iñárritu"
tt0102138,8,2015-02-05,"JFK","JFK",https://www.imdb.com/title/tt0102138,Movie,8.0,189,1991,"History, Drama, Thriller",181731,"1991-12-20","Oliver Stone"
tt0104036,6,2015-02-04,"The Crying Game","The Crying Game",https://www.imdb.com/title/tt0104036,Movie,7.2,112,1992,"Thriller, Drama, Crime, Romance",63357,"1993-02-19","Neil Jordan"
tt0110632,7,2015-02-03,"Natural Born Killers","Natural Born Killers",https://www.imdb.com/title/tt0110632,Movie,7.2,119,1994,"Romance, Crime",267126,"1994-08-26","Oliver Stone"
tt0099348,7,2015-02-03,"Dances with Wolves","Dances with Wolves",https://www.imdb.com/title/tt0099348,Movie,8.0,181,1990,"Drama, Adventure, Western",309398,"1990-11-21","Kevin Costner"
tt0102926,8,2015-02-03,"The Silence of the Lambs","The Silence of the Lambs",https://www.imdb.com/title/tt0102926,Movie,8.6,118,1991,"Crime, Drama, Horror, Thriller",1715250,"1991-02-14","Jonathan Demme"
tt0110598,6,2015-02-01,"Muriel's Wedding","Muriel's Wedding",https://www.imdb.com/title/tt0110598,Movie,7.3,106,1994,"Drama, Comedy",45062,"1995-03-31","P.J. Hogan"
tt0109508,6,2015-02-01,"Crumb","Crumb",https://www.imdb.com/title/tt0109508,Movie,8.0,119,1994,"Documentary, Biography, Comedy, Drama",22959,"1995-04-28","Terry Zwigoff"
tt0112573,8,2015-01-31,"Braveheart","Braveheart",https://www.imdb.com/title/tt0112573,Movie,8.3,178,1995,"Biography, Drama, War",1158040,"1995-05-24","Mel Gibson"
tt0290673,8,2015-01-31,"Irreversible","Irréversible",https://www.imdb.com/title/tt0290673,Movie,7.3,97,2002,"Crime, Mystery, Drama, Thriller",162234,"2002-05-22","Gaspar Noé"
tt0419198,8,2015-01-31,"The Tiger and the Snow","La tigre e la neve",https://www.imdb.com/title/tt0419198,Movie,7.0,110,2005,"Comedy, Drama, Romance, War",14812,"2005-10-14","Roberto Benigni"
tt0099088,7,2015-01-31,"Back to the Future Part III","Back to the Future Part III",https://www.imdb.com/title/tt0099088,Movie,7.5,118,1990,"Adventure, Sci-Fi, Comedy, Western",518214,"1990-05-25","Robert Zemeckis"
tt0109424,7,2015-01-31,"Chungking Express","Chung Hing sam lam",https://www.imdb.com/title/tt0109424,Movie,7.9,102,1994,"Crime, Comedy, Mystery, Romance, Drama",110325,"1996-03-08","Wong Kar-Wai"
tt0113557,8,2015-01-30,"Zero Kelvin","Kjærlighetens kjøtere",https://www.imdb.com/title/tt0113557,Movie,7.2,113,1995,"Drama",2328,"1996-11-27","Hans Petter Moland"
tt0112817,8,2015-01-29,"Dead Man","Dead Man",https://www.imdb.com/title/tt0112817,Movie,7.5,121,1995,"Drama, Adventure, Western",108834,"1996-05-10","Jim Jarmusch"
tt1954470,6,2015-01-29,"Gangs of Wasseypur","Gangs of Wasseypur",https://www.imdb.com/title/tt1954470,Movie,8.2,321,2012,"Action, Crime, Drama, Thriller, Comedy",113812,"2012-06-22","Anurag Kashyap"
tt0109686,7,2015-01-29,"Dumb and Dumber","Dumb and Dumber",https://www.imdb.com/title/tt0109686,Movie,7.3,107,1994,"Comedy",442549,"1994-12-16","Peter Farrelly,Bobby Farrelly"
tt0112697,5,2015-01-29,"Clueless","Clueless",https://www.imdb.com/title/tt0112697,Movie,6.9,97,1995,"Romance, Comedy",276454,"1995-07-19","Amy Heckerling"
tt0156934,6,2015-01-28,"Random Hearts","Random Hearts",https://www.imdb.com/title/tt0156934,Movie,5.4,133,1999,"Mystery, Romance, Drama",25338,"1999-10-08","Sydney Pollack"
tt2737050,6,2015-01-27,"Two Days, One Night","Deux jours, une nuit",https://www.imdb.com/title/tt2737050,Movie,7.3,95,2014,"Drama",52211,"2014-05-21","Jean-Pierre Dardenne,Luc Dardenne"
tt1631867,7,2015-01-25,"Edge of Tomorrow","Edge of Tomorrow",https://www.imdb.com/title/tt1631867,Movie,7.9,113,2014,"Action, Sci-Fi, Adventure",801709,"2014-06-06","Doug Liman"
tt0047478,7,2015-01-24,"Seven Samurai","Shichinin no samurai",https://www.imdb.com/title/tt0047478,Movie,8.6,207,1954,"Drama, Action",400671,"1956-11-19","Akira Kurosawa"
tt1872194,7,2015-01-24,"The Judge","The Judge",https://www.imdb.com/title/tt1872194,Movie,7.4,141,2014,"Drama, Crime, Mystery, Thriller",218703,"2014-10-10","David Dobkin"
tt0116040,5,2015-01-20,"Daylight","Daylight",https://www.imdb.com/title/tt0116040,Movie,6.0,114,1996,"Drama, Thriller, Adventure, Action",81365,"1996-12-06","Rob Cohen"
tt2582802,7,2015-01-18,"Whiplash","Whiplash",https://www.imdb.com/title/tt2582802,Movie,8.5,106,2014,"Drama, Music",1147166,"2014-10-15","Damien Chazelle"
tt2980516,8,2015-01-18,"The Theory of Everything","The Theory of Everything",https://www.imdb.com/title/tt2980516,Movie,7.7,123,2014,"Drama, Biography, Romance",506950,"2014-11-26","James Marsh"
tt1937390,8,2015-01-17,"Nymphomaniac: Vol. I","Nymphomaniac: Vol. I",https://www.imdb.com/title/tt1937390,Movie,6.9,117,2013,"Drama",138463,"2014-03-06","Lars von Trier"
tt0057012,8,2015-01-17,"Dr. Strangelove or: How I Learned to Stop Worrying and Love the Bomb","Dr. Strangelove or: How I Learned to Stop Worrying and Love the Bomb",https://www.imdb.com/title/tt0057012,Movie,8.3,95,1964,"War, Comedy",550322,"1964-01-29","Stanley Kubrick"
tt0120338,7,2015-01-14,"Titanic","Titanic",https://www.imdb.com/title/tt0120338,Movie,8.0,194,1997,"Romance, Drama",1387125,"1997-12-19","James Cameron"
tt0154420,8,2015-01-14,"The Celebration","Festen",https://www.imdb.com/title/tt0154420,Movie,8.0,101,1998,"Drama",100595,"1998-06-19","Thomas Vinterberg"
tt0129387,7,2015-01-14,"There's Something About Mary","There's Something About Mary",https://www.imdb.com/title/tt0129387,Movie,7.1,119,1998,"Romance, Comedy",347658,"1998-07-15","Bobby Farrelly,Peter Farrelly"
tt0189142,6,2015-01-14,"Marcel Proust's Time Regained","Le temps retrouvé, d'après l'oeuvre de Marcel Proust",https://www.imdb.com/title/tt0189142,Movie,6.7,169,1999,"Romance, War, Drama",2990,"1999-05-19","Raúl Ruiz"
tt0209463,9,2015-01-14,"The Wind Will Carry Us","Bad ma ra khahad bord",https://www.imdb.com/title/tt0209463,Movie,7.4,118,1999,"Drama",13977,"1999-11-24","Abbas Kiarostami"
tt0118749,7,2015-01-13,"Boogie Nights","Boogie Nights",https://www.imdb.com/title/tt0118749,Movie,7.9,155,1997,"Drama",304684,"1997-10-31","Paul Thomas Anderson"
tt0071115,6,2015-01-13,"Alice Doesn't Live Here Anymore","Alice Doesn't Live Here Anymore",https://www.imdb.com/title/tt0071115,Movie,7.3,112,1974,"Romance, Drama",29914,"1975-05-23","Martin Scorsese"
tt0986264,5,2015-01-11,"Like Stars on Earth","Taare Zameen Par",https://www.imdb.com/title/tt0986264,Movie,8.3,162,2007,"Drama, Family",231228,"2007-12-21","Aamir Khan"
tt0034583,7,2015-01-11,"Casablanca","Casablanca",https://www.imdb.com/title/tt0034583,Movie,8.5,102,1942,"Romance, War, Drama",653948,"1943-01-23","Michael Curtiz"
tt2382009,7,2015-01-11,"Nymphomaniac: Vol. II","Nymphomaniac: Vol. II",https://www.imdb.com/title/tt2382009,Movie,6.6,124,2013,"Drama",103403,"2014-03-20","Lars von Trier"
tt0104350,6,2015-01-07,"The Best Intentions","Den goda viljan",https://www.imdb.com/title/tt0104350,Movie,7.7,182,1992,"Biography, Romance, Drama",3735,"1992-07-10","Bille August"
tt2713180,7,2015-01-03,"Fury","Fury",https://www.imdb.com/title/tt2713180,Movie,7.6,134,2014,"Action, Drama, War",605662,"2014-10-17","David Ayer"
tt1268799,6,2014-12-28,"A Very Harold & Kumar Christmas","A Very Harold & Kumar 3D Christmas",https://www.imdb.com/title/tt1268799,Movie,6.2,90,2011,"Comedy, Adventure",75201,"2011-11-04","Todd Strauss-Schulson"
tt0038650,7,2014-12-24,"It's a Wonderful Life","It's a Wonderful Life",https://www.imdb.com/title/tt0038650,Movie,8.6,130,1946,"Family, Fantasy, Romance, Drama",553358,"1947-01-07","Frank Capra"
tt1735200,6,2014-12-24,"When Pigs Have Wings","Le cochon de Gaza",https://www.imdb.com/title/tt1735200,Movie,7.0,98,2011,"Comedy",3668,"2011-09-21","Sylvain Estibal"
tt0425079,8,2014-12-23,"Lovelorn","Gönül Yarasi",https://www.imdb.com/title/tt0425079,Movie,7.7,142,2005,"Drama",11084,"2005-01-07","Yavuz Turgul"
tt1966566,6,2014-12-21,"Stalingrad","Stalingrad",https://www.imdb.com/title/tt1966566,Movie,5.7,131,2013,"Action, War, Drama",18372,"2013-10-10","Fedor Bondarchuk"
tt2870756,7,2014-12-21,"Magic in the Moonlight","Magic in the Moonlight",https://www.imdb.com/title/tt2870756,Movie,6.5,97,2014,"Comedy, Romance, Drama",73469,"2014-08-15","Woody Allen"
tt0215750,7,2014-12-20,"Enemy at the Gates","Enemy at the Gates",https://www.imdb.com/title/tt0215750,Movie,7.5,131,2001,"Action, Drama, War",292679,"2001-03-16","Jean-Jacques Annaud"
tt0070379,7,2014-12-19,"Mean Streets","Mean Streets",https://www.imdb.com/title/tt0070379,Movie,7.2,112,1973,"Thriller, Crime, Drama",127786,"1973-10-14","Martin Scorsese"
tt0085794,7,2014-12-18,"The King of Comedy","The King of Comedy",https://www.imdb.com/title/tt0085794,Movie,7.8,109,1982,"Thriller, Crime, Drama, Comedy",132428,"1982-12-18","Martin Scorsese"
tt0095497,7,2014-12-18,"The Last Temptation of Christ","The Last Temptation of Christ",https://www.imdb.com/title/tt0095497,Movie,7.5,164,1988,"Drama",67736,"1988-08-12","Martin Scorsese"
tt0217505,8,2014-12-16,"Gangs of New York","Gangs of New York",https://www.imdb.com/title/tt0217505,Movie,7.5,167,2002,"Crime, Drama",504104,"2002-12-20","Martin Scorsese"
tt2294629,7,2014-12-16,"Frozen","Frozen",https://www.imdb.com/title/tt2294629,Movie,7.4,102,2013,"Animation, Musical, Family, Fantasy, Adventure, Comedy",710875,"2013-11-27","Chris Buck,Jennifer Lee"
tt1049413,7,2014-12-16,"Up","Up",https://www.imdb.com/title/tt1049413,Movie,8.3,96,2009,"Animation, Family, Adventure, Comedy, Drama",1230708,"2009-05-29","Pete Docter,Bob Peterson"
tt0405508,7,2014-12-16,"Rang De Basanti","Rang De Basanti",https://www.imdb.com/title/tt0405508,Movie,8.1,167,2006,"Drama, Comedy, Crime",126434,"2006-01-26","Rakeysh Omprakash Mehra"
tt0088680,7,2014-12-15,"After Hours","After Hours",https://www.imdb.com/title/tt0088680,Movie,7.6,97,1985,"Drama, Crime, Thriller, Comedy",97358,"1985-10-11","Martin Scorsese"
tt0338751,7,2014-12-13,"The Aviator","The Aviator",https://www.imdb.com/title/tt0338751,Movie,7.5,170,2004,"Biography, Drama",407185,"2004-12-25","Martin Scorsese"
tt0106226,8,2014-12-13,"The Age of Innocence","The Age of Innocence",https://www.imdb.com/title/tt0106226,Movie,7.2,139,1993,"Romance, Drama",74482,"1993-10-01","Martin Scorsese"
tt0417189,7,2014-12-07,"Time to Leave","Le temps qui reste",https://www.imdb.com/title/tt0417189,Movie,7.1,81,2005,"Drama",9546,"2005-11-30","François Ozon"
tt0816692,8,2014-12-04,"Interstellar","Interstellar",https://www.imdb.com/title/tt0816692,Movie,8.7,169,2014,"Sci-Fi, Adventure, Drama",2506727,"2014-11-07","Christopher Nolan"
tt1065073,8,2014-12-03,"Boyhood","Boyhood",https://www.imdb.com/title/tt1065073,Movie,7.9,165,2014,"Drama",381255,"2014-08-15","Richard Linklater"
tt1022603,5,2014-11-24,"500 Days of Summer","(500) Days of Summer",https://www.imdb.com/title/tt1022603,Movie,7.6,95,2009,"Comedy, Drama, Romance",615894,"2009-08-07","Marc Webb"
tt2883512,5,2014-11-23,"Chef","Chef",https://www.imdb.com/title/tt2883512,Movie,7.3,114,2014,"Comedy, Drama, Adventure",249902,"2014-05-30","Jon Favreau"
tt0212720,8,2014-11-18,"A.I. Artificial Intelligence","A.I. Artificial Intelligence",https://www.imdb.com/title/tt0212720,Movie,7.2,146,2001,"Drama, Adventure, Sci-Fi",338387,"2001-06-29","Steven Spielberg"
tt0405159,6,2014-11-18,"Million Dollar Baby","Million Dollar Baby",https://www.imdb.com/title/tt0405159,Movie,8.1,132,2004,"Drama, Sport",764233,"2005-01-28","Clint Eastwood"
tt0047296,7,2014-11-18,"On the Waterfront","On the Waterfront",https://www.imdb.com/title/tt0047296,Movie,8.1,108,1954,"Thriller, Crime, Drama",177385,"1954-06-22","Elia Kazan"
tt2358891,7,2014-11-17,"The Great Beauty","La grande bellezza",https://www.imdb.com/title/tt2358891,Movie,7.7,141,2013,"Drama",105812,"2014-03-14","Paolo Sorrentino"
tt0074811,7,2014-11-17,"The Tenant","Le locataire",https://www.imdb.com/title/tt0074811,Movie,7.5,126,1976,"Drama, Thriller",51176,"1976-05-26","Roman Polanski"
tt0050083,8,2014-11-17,"12 Angry Men","12 Angry Men",https://www.imdb.com/title/tt0050083,Movie,9.0,96,1957,"Crime, Drama",979696,"1957-04-10","Sidney Lumet"
tt0052357,7,2014-11-16,"Vertigo","Vertigo",https://www.imdb.com/title/tt0052357,Movie,8.2,128,1958,"Romance, Thriller, Mystery",458270,"1958-05-28","Alfred Hitchcock"
tt2901736,6,2014-11-16,"Ilo Ilo","Ilo Ilo",https://www.imdb.com/title/tt2901736,Movie,7.2,99,2013,"Drama",5199,"2013-08-29","Anthony Chen"
tt0367089,7,2014-11-13,"The Squid and the Whale","The Squid and the Whale",https://www.imdb.com/title/tt0367089,Movie,7.3,81,2005,"Drama, Comedy",94579,"2005-12-16","Noah Baumbach"
tt2336960,6,2014-11-12,"Inch'Allah","Inch'Allah",https://www.imdb.com/title/tt2336960,Movie,6.8,102,2012,"Drama",2753,"2013-08-16","Anaïs Barbeau-Lavalette"
tt2852376,6,2014-11-12,"Heli","Heli",https://www.imdb.com/title/tt2852376,Movie,6.8,105,2013,"Drama, Crime, Romance, Thriller",5643,"2013-08-09","Amat Escalante"
tt0266543,7,2014-11-12,"Finding Nemo","Finding Nemo",https://www.imdb.com/title/tt0266543,Movie,8.2,100,2003,"Animation, Family, Comedy, Adventure",1203230,"2003-05-30","Andrew Stanton,Lee Unkrich"
tt0325980,7,2014-11-12,"Pirates of the Caribbean: The Curse of the Black Pearl","Pirates of the Caribbean: The Curse of the Black Pearl",https://www.imdb.com/title/tt0325980,Movie,8.1,143,2003,"Fantasy, Action, Adventure",1319644,"2003-07-09","Gore Verbinski"
tt1798709,8,2014-11-12,"Her","Her",https://www.imdb.com/title/tt1798709,Movie,8.0,126,2013,"Romance, Sci-Fi, Drama",724715,"2014-01-10","Spike Jonze"
tt0118843,7,2014-11-12,"Black Cat, White Cat","Crna macka, beli macor",https://www.imdb.com/title/tt0118843,Movie,8.0,127,1998,"Crime, Romance, Comedy",58625,"1998-06-01","Emir Kusturica"
tt0070511,8,2014-11-12,"Papillon","Papillon",https://www.imdb.com/title/tt0070511,Movie,8.0,151,1973,"Biography, Crime, Drama",145654,"1973-12-19","Franklin J. Schaffner"
tt0110357,7,2014-11-12,"The Lion King","The Lion King",https://www.imdb.com/title/tt0110357,Movie,8.5,88,1994,"Animation, Musical, Drama, Adventure, Family",1253760,"1994-06-24","Roger Allers,Rob Minkoff"
tt1846487,4,2014-11-12,"Reality","Reality",https://www.imdb.com/title/tt1846487,Movie,6.8,116,2012,"Drama, Comedy",6043,"2012-09-28","Matteo Garrone"
tt2278871,7,2014-11-11,"Blue Is the Warmest Colour","La vie d'Adèle",https://www.imdb.com/title/tt2278871,Movie,7.6,180,2013,"Drama, Romance",172849,"2013-10-09","Abdellatif Kechiche"
tt2267998,8,2014-11-09,"Gone Girl","Gone Girl",https://www.imdb.com/title/tt2267998,Movie,8.1,149,2014,"Thriller, Drama, Mystery",1163935,"2014-10-03","David Fincher"
tt1972571,7,2014-11-09,"A Most Wanted Man","A Most Wanted Man",https://www.imdb.com/title/tt1972571,Movie,6.7,122,2014,"Thriller, Crime, Drama",84606,"2014-08-01","Anton Corbijn"
tt1094249,6,2014-11-03,"Hotel Chevalier","Hotel Chevalier",https://www.imdb.com/title/tt1094249,Short,7.1,13,2007,"Short, Drama, Romance",37499,"2007-10-26","Wes Anderson"
tt2852406,8,2014-11-01,"Omar","Omar",https://www.imdb.com/title/tt2852406,Movie,7.5,98,2013,"Drama, Thriller, Romance, Crime, War",16255,"2013-08-01","Hany Abu-Assad"
tt2370248,7,2014-10-30,"Short Term 12","Short Term 12",https://www.imdb.com/title/tt2370248,Movie,7.9,96,2013,"Drama",95362,"2013-08-23","Destin Daniel Cretton"
tt0051978,7,2014-10-29,"The Naked and the Dead","The Naked and the Dead",https://www.imdb.com/title/tt0051978,Movie,6.4,131,1958,"Drama, War",1995,"1958-10-28","Raoul Walsh"
tt0424205,7,2014-10-03,"Joyeux Noel","Joyeux Noël",https://www.imdb.com/title/tt0424205,Movie,7.6,116,2005,"War, Drama, History, Music, Romance",34247,"2005-11-09","Christian Carion"
tt0498120,6,2014-10-03,"Private Fears in Public Places","Coeurs",https://www.imdb.com/title/tt0498120,Movie,6.9,120,2006,"Drama, Romance",4259,"2006-11-22","Alain Resnais"
tt0361127,6,2014-10-01,"The Woodsman","The Woodsman",https://www.imdb.com/title/tt0361127,Movie,7.1,87,2004,"Drama",36810,"2005-01-28","Nicole Kassell"
tt0838221,6,2014-09-15,"The Darjeeling Limited","The Darjeeling Limited",https://www.imdb.com/title/tt0838221,Movie,7.2,91,2007,"Adventure, Drama, Comedy",233365,"2007-10-26","Wes Anderson"
tt0088944,6,2014-09-02,"Commando","Commando",https://www.imdb.com/title/tt0088944,Movie,6.7,90,1985,"Thriller, Adventure, Action",187299,"1985-10-04","Mark L. Lester"
tt0405422,6,2014-09-02,"The 40-Year-Old Virgin","The 40 Year Old Virgin",https://www.imdb.com/title/tt0405422,Movie,7.1,116,2005,"Comedy, Romance",499822,"2005-08-19","Judd Apatow"
tt2234003,7,2014-08-25,"Calvary","Calvary",https://www.imdb.com/title/tt2234003,Movie,7.4,102,2014,"Drama, Mystery, Crime",67763,"2014-04-11","John Michael McDonagh"
tt1656186,6,2014-07-30,"Stolen","Stolen",https://www.imdb.com/title/tt1656186,Movie,5.5,96,2012,"Action, Thriller, Crime",47612,"2012-09-06","Simon West"
tt2258281,7,2014-07-10,"Beyond the Hills","Dupa dealuri",https://www.imdb.com/title/tt2258281,Movie,7.5,152,2012,"Drama",13784,"2012-10-26","Cristian Mungiu"
tt0108052,10,2014-07-08,"Schindler's List","Schindler's List",https://www.imdb.com/title/tt0108052,Movie,9.0,195,1993,"Biography, History, Drama",1580255,"1994-02-04","Steven Spielberg"
tt2316411,7,2014-07-06,"Enemy","Enemy",https://www.imdb.com/title/tt2316411,Movie,6.9,91,2013,"Thriller, Mystery, Drama",238248,"2014-02-06","Denis Villeneuve"
tt2852400,6,2014-07-06,"A Touch of Sin","Tian zhu ding",https://www.imdb.com/title/tt2852400,Movie,7.1,130,2013,"Drama, Crime",13900,"2013-12-11","Jia Zhang-ke"
tt0480025,7,2014-07-06,"This Is England","This Is England",https://www.imdb.com/title/tt0480025,Movie,7.7,101,2006,"Drama, Crime",134858,"2007-04-27","Shane Meadows"
tt0443701,6,2014-07-05,"The X Files: I Want to Believe","The X Files: I Want to Believe",https://www.imdb.com/title/tt0443701,Movie,5.9,104,2008,"Mystery, Thriller, Drama, Sci-Fi, Horror, Crime, Adventure",96465,"2008-07-25","Chris Carter"
tt0359950,7,2014-07-05,"The Secret Life of Walter Mitty","The Secret Life of Walter Mitty",https://www.imdb.com/title/tt0359950,Movie,7.3,114,2013,"Drama, Fantasy, Romance, Adventure, Comedy",369964,"2013-12-25","Ben Stiller"
tt0071360,7,2014-07-01,"The Conversation","The Conversation",https://www.imdb.com/title/tt0071360,Movie,7.7,113,1974,"Drama, Thriller, Mystery",136449,"1974-04-12","Francis Ford Coppola"
tt2042568,6,2014-06-26,"Inside Llewyn Davis","Inside Llewyn Davis",https://www.imdb.com/title/tt2042568,Movie,7.4,104,2013,"Drama, Music",171631,"2014-01-10","Ethan Coen,Joel Coen"
tt2215395,5,2014-06-26,"Paulette","Paulette",https://www.imdb.com/title/tt2215395,Movie,6.6,87,2012,"Comedy, Crime",8041,"2015-08-14","Jérôme Enrico"
tt1411697,7,2014-06-22,"The Hangover Part II","The Hangover Part II",https://www.imdb.com/title/tt1411697,Movie,6.5,102,2011,"Comedy",575689,"2011-05-26","Todd Phillips"
tt0373926,7,2014-06-22,"The Interpreter","The Interpreter",https://www.imdb.com/title/tt0373926,Movie,6.4,128,2005,"Thriller, Mystery, Crime",114020,"2005-04-22","Sydney Pollack"
tt0112851,7,2014-06-22,"Desperado","Desperado",https://www.imdb.com/title/tt0112851,Movie,7.1,104,1995,"Crime, Western, Drama, Thriller, Action",207878,"1995-08-25","Robert Rodriguez"
tt2278388,8,2014-06-22,"The Grand Budapest Hotel","The Grand Budapest Hotel",https://www.imdb.com/title/tt2278388,Movie,8.1,99,2014,"Comedy, Drama",966293,"2014-03-28","Wes Anderson"
tt0290002,7,2014-03-18,"Meet the Fockers","Meet the Fockers",https://www.imdb.com/title/tt0290002,Movie,6.4,115,2004,"Comedy, Romance",301602,"2004-12-22","Jay Roach"
tt1322269,7,2014-03-04,"August: Osage County","August: Osage County",https://www.imdb.com/title/tt1322269,Movie,7.2,121,2013,"Drama, Comedy",99442,"2014-01-10","John Wells"
tt0993846,8,2014-03-04,"The Wolf of Wall Street","The Wolf of Wall Street",https://www.imdb.com/title/tt0993846,Movie,8.2,180,2013,"Crime, Drama, Biography, Comedy",1777074,"2013-12-25","Martin Scorsese"
tt1821549,6,2014-02-16,"Nebraska","Nebraska",https://www.imdb.com/title/tt1821549,Movie,7.7,115,2013,"Drama",128394,"2014-01-24","Alexander Payne"
tt2431286,7,2014-02-16,"Philomena","Philomena",https://www.imdb.com/title/tt2431286,Movie,7.6,98,2013,"Drama, Biography, Comedy",107183,"2013-11-27","Stephen Frears"
tt1327773,8,2014-02-10,"The Butler","The Butler",https://www.imdb.com/title/tt1327773,Movie,7.2,132,2013,"Drama, Biography",123600,"2013-08-16","Lee Daniels"
tt0374463,9,2014-02-06,"The Pacific","The Pacific",https://www.imdb.com/title/tt0374463,TV Mini Series,8.3,60,2010,"Drama, War, History, Action, Adventure",143187,"2010-03-14",
tt1800241,7,2014-02-05,"American Hustle","American Hustle",https://www.imdb.com/title/tt1800241,Movie,7.2,138,2013,"Drama, Crime",517977,"2013-12-20","David O. Russell"
tt0066206,8,2014-01-30,"Patton","Patton",https://www.imdb.com/title/tt0066206,Movie,7.9,172,1970,"Biography, Drama, War",114241,"1970-04-02","Franklin J. Schaffner"
tt0089218,7,2014-01-28,"The Goonies","The Goonies",https://www.imdb.com/title/tt0089218,Movie,7.7,114,1985,"Comedy, Family, Adventure",325568,"1985-06-07","Richard Donner"
tt2024519,7,2014-01-28,"The Broken Circle Breakdown","The Broken Circle Breakdown",https://www.imdb.com/title/tt2024519,Movie,7.7,111,2012,"Drama, Music, Romance",45154,"2012-10-10","Felix van Groeningen"
tt1462900,5,2014-01-27,"The Grandmaster","Yi dai zong shi",https://www.imdb.com/title/tt1462900,Movie,6.6,130,2013,"Drama, Action, Biography, Romance, War",38606,"2013-08-30","Wong Kar-Wai"
tt0119177,7,2014-01-26,"Gattaca","Gattaca",https://www.imdb.com/title/tt0119177,Movie,7.7,106,1997,"Sci-Fi, Drama, Thriller",345925,"1997-10-24","Andrew Niccol"
tt2209418,7,2014-01-26,"Before Midnight","Before Midnight",https://www.imdb.com/title/tt2209418,Movie,7.9,109,2013,"Drama, Romance",185208,"2013-06-14","Richard Linklater"
tt1535109,7,2014-01-25,"Captain Phillips","Captain Phillips",https://www.imdb.com/title/tt1535109,Movie,7.8,134,2013,"Drama, Biography, Thriller, Crime, Action",518281,"2013-10-11","Paul Greengrass"
tt2334873,7,2014-01-24,"Blue Jasmine","Blue Jasmine",https://www.imdb.com/title/tt2334873,Movie,7.3,98,2013,"Drama, Comedy, Romance",219713,"2013-08-23","Woody Allen"
tt0770828,6,2014-01-23,"Man of Steel","Man of Steel",https://www.imdb.com/title/tt0770828,Movie,7.1,143,2013,"Action, Adventure, Sci-Fi",864441,"2013-06-14","Zack Snyder"
tt0790636,7,2014-01-23,"Dallas Buyers Club","Dallas Buyers Club",https://www.imdb.com/title/tt0790636,Movie,7.9,117,2013,"Drama, Biography",547203,"2013-11-22","Jean-Marc Vallée"
tt1306980,5,2014-01-19,"50/50","50/50",https://www.imdb.com/title/tt1306980,Movie,7.6,100,2011,"Comedy, Drama, Romance",353417,"2011-09-30","Jonathan Levine"
tt0816711,6,2014-01-15,"World War Z","World War Z",https://www.imdb.com/title/tt0816711,Movie,7.0,116,2013,"Action, Adventure, Horror, Sci-Fi",780265,"2013-06-21","Marc Forster"
tt1979320,7,2014-01-13,"Rush","Rush",https://www.imdb.com/title/tt1979320,Movie,8.1,123,2013,"Biography, Sport, Drama",557077,"2013-09-27","Ron Howard"
tt1392214,7,2014-01-12,"Prisoners","Prisoners",https://www.imdb.com/title/tt1392214,Movie,8.2,153,2013,"Crime, Drama, Thriller, Mystery",929117,"2013-09-20","Denis Villeneuve"
tt0498380,7,2014-01-09,"Letters from Iwo Jima","Letters from Iwo Jima",https://www.imdb.com/title/tt0498380,Movie,7.8,141,2006,"Drama, War, History, Action, Adventure",176756,"2007-02-02","Clint Eastwood"
tt0460829,6,2014-01-09,"Inland Empire","Inland Empire",https://www.imdb.com/title/tt0460829,Movie,6.8,180,2006,"Mystery, Drama, Thriller, Fantasy",68786,"2007-02-07","David Lynch"
tt1454468,6,2014-01-09,"Gravity","Gravity",https://www.imdb.com/title/tt1454468,Movie,7.7,91,2013,"Sci-Fi, Thriller, Drama",897870,"2013-10-04","Alfonso Cuarón"
tt2024544,8,2014-01-09,"12 Years a Slave","12 Years a Slave",https://www.imdb.com/title/tt2024544,Movie,8.1,134,2013,"Drama, History, Biography",784635,"2013-11-08","Steve McQueen"
tt1315981,8,2014-01-04,"A Single Man","A Single Man",https://www.imdb.com/title/tt1315981,Movie,7.5,99,2009,"Drama, Romance, Thriller",122002,"2010-02-05","Tom Ford"
tt0115751,7,2014-01-02,"Breaking the Waves","Breaking the Waves",https://www.imdb.com/title/tt0115751,Movie,7.8,153,1996,"Drama",75763,"1996-11-13","Lars von Trier"
tt1670345,7,2014-01-01,"Now You See Me","Now You See Me",https://www.imdb.com/title/tt1670345,Movie,7.2,115,2013,"Thriller, Crime, Mystery",767942,"2013-05-31","Louis Leterrier"
tt1343092,7,2014-01-01,"The Great Gatsby","The Great Gatsby",https://www.imdb.com/title/tt1343092,Movie,7.2,143,2013,"Drama, Romance",640860,"2013-05-10","Baz Luhrmann"
tt0107808,7,2013-12-31,"A Perfect World","A Perfect World",https://www.imdb.com/title/tt0107808,Movie,7.5,138,1993,"Crime, Thriller, Drama",93266,"1993-11-24","Clint Eastwood"
tt2404461,7,2013-12-29,"The Past","Le passé",https://www.imdb.com/title/tt2404461,Movie,7.7,130,2013,"Drama, Mystery",52378,"2013-05-17","Asghar Farhadi"
tt2261749,7,2013-12-29,"The Gilded Cage","La cage dorée",https://www.imdb.com/title/tt2261749,Movie,7.2,90,2013,"Comedy, Drama",10929,"2013-04-24","Ruben Alves"
tt0120382,7,2013-12-26,"The Truman Show","The Truman Show",https://www.imdb.com/title/tt0120382,Movie,8.2,103,1998,"Comedy, Drama",1364662,"1998-06-05","Peter Weir"
tt1707391,6,2013-12-25,"4:44 Last Day on Earth","4:44 Last Day on Earth",https://www.imdb.com/title/tt1707391,Movie,4.7,82,2011,"Drama, Fantasy, Sci-Fi",6006,"2012-12-19","Abel Ferrara"
tt1602620,9,2013-12-24,"Amour","Amour",https://www.imdb.com/title/tt1602620,Movie,7.9,127,2012,"Drama",110372,"2012-09-20","Michael Haneke"
tt0426931,6,2013-12-19,"August Rush","August Rush",https://www.imdb.com/title/tt0426931,Movie,7.4,114,2007,"Drama, Music",114494,"2007-11-21","Kirsten Sheridan"
tt2106476,8,2013-12-17,"The Hunt","Jagten",https://www.imdb.com/title/tt2106476,Movie,8.3,115,2012,"Drama",407420,"2012-11-14","Thomas Vinterberg"
tt0325710,7,2013-12-13,"The Last Samurai","The Last Samurai",https://www.imdb.com/title/tt0325710,Movie,7.8,154,2003,"Drama, Action",503484,"2003-12-05","Edward Zwick"
tt0104257,7,2013-12-13,"A Few Good Men","A Few Good Men",https://www.imdb.com/title/tt0104257,Movie,7.7,138,1992,"Thriller, Drama",315767,"1992-12-11","Rob Reiner"
tt0110148,7,2013-12-13,"Interview with the Vampire","Interview with the Vampire: The Vampire Chronicles",https://www.imdb.com/title/tt0110148,Movie,7.5,123,1994,"Horror, Drama, Fantasy",375553,"1994-11-11","Neil Jordan"
tt0086066,7,2013-12-13,"The Outsiders","The Outsiders",https://www.imdb.com/title/tt0086066,Movie,7.0,91,1983,"Crime, Drama",109139,"1983-03-25","Francis Ford Coppola"
tt0096969,7,2013-12-13,"Born on the Fourth of July","Born on the Fourth of July",https://www.imdb.com/title/tt0096969,Movie,7.2,145,1989,"Biography, Drama, War",124164,"1990-01-05","Oliver Stone"
tt0824747,8,2013-12-13,"Changeling","Changeling",https://www.imdb.com/title/tt0824747,Movie,7.7,141,2008,"Drama, Mystery, Thriller, Biography, Crime, History",274690,"2008-10-31","Clint Eastwood"
tt0274309,7,2013-11-22,"24 Hour Party People","24 Hour Party People",https://www.imdb.com/title/tt0274309,Movie,7.3,117,2002,"Music, Biography, Drama, Comedy",41674,"2002-09-20","Michael Winterbottom"
tt0112579,6,2013-11-20,"The Bridges of Madison County","The Bridges of Madison County",https://www.imdb.com/title/tt0112579,Movie,7.6,135,1995,"Romance, Drama",96298,"1995-06-02","Clint Eastwood"
tt1433811,7,2013-11-18,"Disconnect","Disconnect",https://www.imdb.com/title/tt1433811,Movie,7.5,115,2012,"Thriller, Drama, Crime, Mystery",80129,"2013-07-05","Henry Alex Rubin"
tt2153963,9,2013-11-12,"Tabu","Tabu",https://www.imdb.com/title/tt2153963,Movie,7.3,118,2012,"Drama, Romance",7932,"2012-04-05","Miguel Gomes"
tt0361748,8,2013-11-12,"Inglourious Basterds","Inglourious Basterds",https://www.imdb.com/title/tt0361748,Movie,8.4,153,2009,"War, Adventure, Drama",1774472,"2009-08-21","Quentin Tarantino"
tt1935179,7,2013-11-12,"Mud","Mud",https://www.imdb.com/title/tt1935179,Movie,7.3,130,2012,"Drama, Adventure",199196,"2013-05-10","Jeff Nichols"
tt0959337,7,2013-11-11,"Revolutionary Road","Revolutionary Road",https://www.imdb.com/title/tt0959337,Movie,7.3,119,2008,"Drama, Romance",235589,"2009-01-23","Sam Mendes"
tt0377091,6,2013-11-10,"Mean Creek","Mean Creek",https://www.imdb.com/title/tt0377091,Movie,7.1,90,2004,"Drama, Crime",34652,"2004-08-20","Jacob Estes"
tt1925421,6,2013-11-10,"Elena","Elena",https://www.imdb.com/title/tt1925421,Movie,7.3,109,2011,"Drama, Crime, Thriller",15951,"2011-09-29","Andrey Zvyagintsev"
tt0110657,4,2013-11-10,"The Next Karate Kid","The Next Karate Kid",https://www.imdb.com/title/tt0110657,Movie,4.6,107,1994,"Family, Sport, Romance, Drama, Action",37996,"1994-09-09","Christopher Cain"
tt0097647,5,2013-11-10,"The Karate Kid Part III","The Karate Kid Part III",https://www.imdb.com/title/tt0097647,Movie,5.4,112,1989,"Sport, Drama, Family, Action",77216,"1989-06-30","John G. Avildsen"
tt0091326,6,2013-11-10,"The Karate Kid Part II","The Karate Kid Part II",https://www.imdb.com/title/tt0091326,Movie,6.2,113,1986,"Sport, Family, Action",109181,"1986-06-20","John G. Avildsen"
tt0087538,7,2013-11-10,"The Karate Kid","The Karate Kid",https://www.imdb.com/title/tt0087538,Movie,7.3,126,1984,"Drama, Sport, Family, Action",270268,"1984-06-22","John G. Avildsen"
tt0418689,6,2013-11-10,"Flags of Our Fathers","Flags of Our Fathers",https://www.imdb.com/title/tt0418689,Movie,7.1,135,2006,"Drama, War, History, Action, Adventure",134074,"2006-10-20","Clint Eastwood"
tt1807950,8,2013-11-10,"Love Likes Coincidences","Ask Tesadüfleri Sever",https://www.imdb.com/title/tt1807950,Movie,7.2,118,2011,"Drama, Romance",20544,"2011-02-04","Ömer Faruk Sorak"
tt1360860,6,2013-11-10,"About Elly","Darbareye Elly",https://www.imdb.com/title/tt1360860,Movie,7.9,119,2009,"Drama, Mystery",60893,"2009-06-06","Asghar Farhadi"
tt0813547,7,2013-10-31,"The Counterfeiters","Die Fälscher",https://www.imdb.com/title/tt0813547,Movie,7.5,99,2007,"Drama, War, Crime, History",48521,"2008-04-18","Stefan Ruzowitzky"
tt0087553,7,2013-10-29,"The Killing Fields","The Killing Fields",https://www.imdb.com/title/tt0087553,Movie,7.8,141,1984,"History, Biography, Drama, War",63524,"1985-02-01","Roland Joffé"
tt0382625,6,2013-10-29,"The Da Vinci Code","The Da Vinci Code",https://www.imdb.com/title/tt0382625,Movie,6.7,149,2006,"Thriller, Mystery",484858,"2006-05-19","Ron Howard"
tt1164999,7,2013-10-19,"Biutiful","Biutiful",https://www.imdb.com/title/tt1164999,Movie,7.4,148,2010,"Drama, Romance",97865,"2011-02-04","Alejandro G. Iñárritu"
tt2125608,7,2013-09-20,"Searching for Sugar Man","Searching for Sugar Man",https://www.imdb.com/title/tt2125608,Movie,8.2,86,2012,"Documentary, Biography, Music",76181,"2012-07-26","Malik Bendjelloul"
tt1033575,6,2013-09-20,"The Descendants","The Descendants",https://www.imdb.com/title/tt1033575,Movie,7.3,115,2011,"Drama, Comedy",259534,"2011-12-09","Alexander Payne"
tt0265086,6,2013-08-11,"Black Hawk Down","Black Hawk Down",https://www.imdb.com/title/tt0265086,Movie,7.7,144,2001,"Drama, Action, History, War",453347,"2002-01-18","Ridley Scott"
tt0803029,6,2013-08-04,"Linha de Passe","Linha de Passe",https://www.imdb.com/title/tt0803029,Movie,7.1,113,2008,"Drama, Sport",3044,"2008-09-05","Walter Salles,Daniela Thomas"
tt1675434,7,2013-07-28,"The Intouchables","Intouchables",https://www.imdb.com/title/tt1675434,Movie,8.5,112,2011,"Comedy, Drama",1022875,"2011-11-02","Olivier Nakache,Éric Toledano"
tt1410063,7,2013-07-04,"The Flowers of War","Jin ling shi san chai",https://www.imdb.com/title/tt1410063,Movie,7.5,146,2011,"History, Drama, War, Romance",58262,"2011-12-16","Yimou Zhang"
tt1820488,7,2013-06-09,"War Witch","Rebelle",https://www.imdb.com/title/tt1820488,Movie,7.0,90,2012,"Drama, War",7748,"2012-08-23","Kim Nguyen"
tt1560747,6,2013-06-09,"The Master","The Master",https://www.imdb.com/title/tt1560747,Movie,7.1,138,2012,"Drama",200445,"2012-09-21","Paul Thomas Anderson"
tt1827487,6,2013-05-31,"Once Upon a Time in Anatolia","Bir Zamanlar Anadolu'da",https://www.imdb.com/title/tt1827487,Movie,7.8,157,2011,"Drama, Crime, Thriller",53670,"2011-09-23","Nuri Bilge Ceylan"
tt1532503,8,2013-05-28,"Beginners","Beginners",https://www.imdb.com/title/tt1532503,Movie,7.2,105,2010,"Drama, Comedy, Romance",97276,"2011-06-09","Mike Mills"
tt1194173,6,2013-05-27,"The Bourne Legacy","The Bourne Legacy",https://www.imdb.com/title/tt1194173,Movie,6.6,135,2012,"Action, Adventure, Thriller",327715,"2012-08-10","Tony Gilroy"
tt0246460,7,2013-05-27,"Die Another Day","Die Another Day",https://www.imdb.com/title/tt0246460,Movie,6.1,133,2002,"Thriller, Adventure, Action",240045,"2002-11-22","Lee Tamahori"
tt0476735,8,2013-05-26,"My Father and My Son","Babam ve Oglum",https://www.imdb.com/title/tt0476735,Movie,8.2,112,2005,"Drama, Family",100488,"2005-11-18","Çagan Irmak"
tt0399201,6,2013-05-26,"The Island","The Island",https://www.imdb.com/title/tt0399201,Movie,6.8,136,2005,"Sci-Fi, Thriller, Action",341631,"2005-07-22","Michael Bay"
tt1454029,7,2013-05-26,"The Help","The Help",https://www.imdb.com/title/tt1454029,Movie,8.1,146,2011,"Drama",527111,"2011-08-10","Tate Taylor"
tt0088846,7,2013-05-26,"Brazil","Brazil",https://www.imdb.com/title/tt0088846,Movie,7.8,132,1985,"Sci-Fi, Drama, Thriller",222197,"1985-12-18","Terry Gilliam"
tt0485947,8,2013-05-26,"Mr. Nobody","Mr. Nobody",https://www.imdb.com/title/tt0485947,Movie,7.7,141,2009,"Drama, Sci-Fi, Fantasy, Romance",257123,"2013-09-26","Jaco Van Dormael"
tt1707386,7,2013-05-24,"Les Misérables","Les Misérables",https://www.imdb.com/title/tt1707386,Movie,7.5,158,2012,"Musical, Drama, Romance",361487,"2012-12-25","Tom Hooper"
tt1853728,8,2013-05-24,"Django Unchained","Django Unchained",https://www.imdb.com/title/tt1853728,Movie,8.5,165,2012,"Western, Drama",1874677,"2012-12-25","Quentin Tarantino"
tt0443272,6,2013-05-24,"Lincoln","Lincoln",https://www.imdb.com/title/tt0443272,Movie,7.3,150,2012,"Drama, Biography, History, War",284204,"2012-11-16","Steven Spielberg"
tt1045658,7,2013-05-24,"Silver Linings Playbook","Silver Linings Playbook",https://www.imdb.com/title/tt1045658,Movie,7.7,122,2012,"Comedy, Drama, Romance",772126,"2012-12-25","David O. Russell"
tt0454876,6,2013-05-24,"Life of Pi","Life of Pi",https://www.imdb.com/title/tt0454876,Movie,7.9,127,2012,"Drama, Adventure, Fantasy",698699,"2012-11-21","Ang Lee"
tt1024648,7,2013-05-24,"Argo","Argo",https://www.imdb.com/title/tt1024648,Movie,7.7,120,2012,"Thriller, Drama, Biography, History",665154,"2012-10-12","Ben Affleck"
tt1007029,6,2013-05-24,"The Iron Lady","The Iron Lady",https://www.imdb.com/title/tt1007029,Movie,6.4,105,2011,"Drama, Biography",116744,"2012-01-13","Phyllida Lloyd"
tt1655442,7,2013-05-24,"The Artist","The Artist",https://www.imdb.com/title/tt1655442,Movie,7.8,100,2011,"Romance, Comedy, Drama",255153,"2012-01-20","Michel Hazanavicius"
tt1111890,7,2013-05-23,"Diary of a Nymphomaniac","Diario de una ninfómana",https://www.imdb.com/title/tt1111890,Movie,5.6,101,2008,"Drama, Romance",12191,"2008-10-17","Christian Molina"
tt1210166,7,2013-05-22,"Moneyball","Moneyball",https://www.imdb.com/title/tt1210166,Movie,7.6,133,2011,"Drama, Sport, Biography",506782,"2011-09-23","Bennett Miller"
tt1242460,7,2013-05-22,"We Need to Talk About Kevin","We Need to Talk About Kevin",https://www.imdb.com/title/tt1242460,Movie,7.4,112,2011,"Drama, Thriller, Mystery",180757,"2011-10-21","Lynne Ramsay"
tt0114478,7,2013-05-19,"Smoke","Smoke",https://www.imdb.com/title/tt0114478,Movie,7.4,112,1995,"Comedy, Drama",39912,"1995-06-09","Wayne Wang"
tt0440963,7,2013-05-19,"The Bourne Ultimatum","The Bourne Ultimatum",https://www.imdb.com/title/tt0440963,Movie,8.0,115,2007,"Action, Thriller, Mystery",682855,"2007-08-03","Paul Greengrass"
tt0372183,7,2013-05-19,"The Bourne Supremacy","The Bourne Supremacy",https://www.imdb.com/title/tt0372183,Movie,7.7,108,2004,"Thriller, Action, Mystery",511834,"2004-07-23","Paul Greengrass"
tt1649419,6,2013-05-13,"The Impossible","Lo imposible",https://www.imdb.com/title/tt1649419,Movie,7.5,114,2012,"Thriller, Drama, History",262421,"2013-01-04","J.A. Bayona"
tt1297919,6,2013-05-12,"Blitz","Blitz",https://www.imdb.com/title/tt1297919,Movie,6.2,97,2011,"Thriller, Crime, Action, Adventure, Mystery",96208,"2011-05-20","Elliott Lester"
tt1928329,5,2013-05-01,"Lines of Wellington","Linhas de Wellington",https://www.imdb.com/title/tt1928329,Movie,6.0,135,2012,"War, Drama, History",1696,"2012-10-04","Valeria Sarmiento"
tt1907668,7,2013-04-28,"Flight","Flight",https://www.imdb.com/title/tt1907668,Movie,7.3,138,2012,"Drama, Thriller",396304,"2012-11-02","Robert Zemeckis"
tt1790885,5,2013-04-21,"Zero Dark Thirty","Zero Dark Thirty",https://www.imdb.com/title/tt1790885,Movie,7.4,157,2012,"Thriller, Drama, History",340637,"2013-01-11","Kathryn Bigelow"
tt2011971,8,2013-03-24,"Monsieur Lazhar","Monsieur Lazhar",https://www.imdb.com/title/tt2011971,Movie,7.5,95,2011,"Drama, Comedy",21852,"2012-03-07","Philippe Falardeau"
tt1571222,8,2013-03-13,"A Dangerous Method","A Dangerous Method",https://www.imdb.com/title/tt1571222,Movie,6.4,99,2011,"Drama, Biography, Romance",111923,"2011-11-10","David Cronenberg"
tt2125435,6,2013-03-13,"Beasts of the Southern Wild","Beasts of the Southern Wild",https://www.imdb.com/title/tt2125435,Movie,7.2,93,2012,"Drama, Fantasy, Adventure",86737,"2012-07-05","Benh Zeitlin"
tt1371111,6,2013-02-16,"Cloud Atlas","Cloud Atlas",https://www.imdb.com/title/tt1371111,Movie,7.3,172,2012,"Sci-Fi, Drama, Mystery, Thriller",386025,"2012-10-26","Tom Tykwer,Lana Wachowski,Lilly Wachowski"
tt0114323,5,2013-02-16,"Safe","Safe",https://www.imdb.com/title/tt0114323,Movie,7.1,119,1995,"Drama",19285,"1995-06-30","Todd Haynes"
tt0216625,6,2013-02-10,"Code Unknown","Code inconnu: Récit incomplet de divers voyages",https://www.imdb.com/title/tt0216625,Movie,7.1,118,2000,"Drama",16348,"2001-11-30","Michael Haneke"
tt0443632,7,2013-02-10,"The Sentinel","The Sentinel",https://www.imdb.com/title/tt0443632,Movie,6.1,108,2006,"Crime, Thriller, Action",58232,"2006-04-21","Clark Johnson"
tt1074638,6,2013-01-27,"Skyfall","Skyfall",https://www.imdb.com/title/tt1074638,Movie,7.8,143,2012,"Action, Thriller, Adventure",770657,"2012-11-09","Sam Mendes"
tt0104691,6,2013-01-27,"The Last of the Mohicans","The Last of the Mohicans",https://www.imdb.com/title/tt0104691,Movie,7.6,112,1992,"Adventure, Action, Drama, Romance, War",205963,"1992-09-25","Michael Mann"
tt0068611,7,2013-01-06,"Frenzy","Frenzy",https://www.imdb.com/title/tt0068611,Movie,7.4,116,1972,"Drama, Thriller",53227,"1972-06-21","Alfred Hitchcock"
tt0105924,6,2013-01-04,"The Last Dive","O Último Mergulho",https://www.imdb.com/title/tt0105924,Movie,6.8,88,1992,"Drama",433,"1992-09-18","João César Monteiro"
tt0098175,7,2013-01-04,"Recollections of the Yellow House","Recordações da Casa Amarela",https://www.imdb.com/title/tt0098175,Movie,7.3,122,1989,"Adventure, Drama, Comedy",1586,"1989-10-12","João César Monteiro"
tt0088939,8,2012-12-30,"The Color Purple","The Color Purple",https://www.imdb.com/title/tt0088939,Movie,7.7,154,1985,"Drama",103870,"1986-02-07","Steven Spielberg"
tt1291584,6,2012-12-25,"Warrior","Warrior",https://www.imdb.com/title/tt1291584,Movie,8.1,140,2011,"Drama, Sport, Action",527501,"2011-09-09","Gavin O'Connor"
tt0223897,7,2012-12-25,"Pay It Forward","Pay It Forward",https://www.imdb.com/title/tt0223897,Movie,7.2,123,2000,"Drama",128627,"2000-10-20","Mimi Leder"
tt1421051,6,2012-12-25,"Somewhere","Somewhere",https://www.imdb.com/title/tt1421051,Movie,6.3,97,2010,"Drama, Comedy, Romance",48561,"2011-01-21","Sofia Coppola"
tt0093191,8,2012-12-25,"Wings of Desire","Der Himmel über Berlin",https://www.imdb.com/title/tt0093191,Movie,7.9,128,1987,"Fantasy, Romance, Drama",83643,"1988-05-06","Wim Wenders"
tt0112767,7,2012-12-23,"Cyclo","Xich Lo",https://www.imdb.com/title/tt0112767,Movie,7.1,123,1995,"Crime, Drama",5920,"1996-08-02","Anh Hung Tran"
tt0077416,7,2012-12-22,"The Deer Hunter","The Deer Hunter",https://www.imdb.com/title/tt0077416,Movie,8.1,183,1978,"Drama, War",386008,"1979-02-23","Michael Cimino"
tt0112870,8,2012-12-22,"Dilwale Dulhania Le Jayenge","Dilwale Dulhania Le Jayenge",https://www.imdb.com/title/tt0112870,Movie,8.0,181,1995,"Drama, Romance",85113,"2025-11-01","Aditya Chopra"
tt0108330,7,2012-12-19,"This Boy's Life","This Boy's Life",https://www.imdb.com/title/tt0108330,Movie,7.3,115,1993,"Biography, Drama",63245,"1993-04-23","Michael Caton-Jones"
tt0110413,7,2012-12-17,"Léon: The Professional","Léon",https://www.imdb.com/title/tt0110413,Movie,8.5,110,1994,"Action, Drama, Crime, Thriller",1346827,"1994-11-18","Luc Besson"
tt0056193,7,2012-12-16,"Lolita","Lolita",https://www.imdb.com/title/tt0056193,Movie,7.5,153,1962,"Crime, Romance, Drama",115713,"1962-06-21","Stanley Kubrick"
tt0145681,6,2012-12-12,"The Bone Collector","The Bone Collector",https://www.imdb.com/title/tt0145681,Movie,6.7,118,1999,"Crime, Drama, Thriller, Mystery",199950,"1999-11-05","Phillip Noyce"
tt0840361,7,2012-12-09,"The Town","The Town",https://www.imdb.com/title/tt0840361,Movie,7.5,125,2010,"Drama, Thriller, Crime",446469,"2010-09-17","Ben Affleck"
tt0181852,6,2012-11-15,"Terminator 3: Rise of the Machines","Terminator 3: Rise of the Machines",https://www.imdb.com/title/tt0181852,Movie,6.3,109,2003,"Sci-Fi, Action",436237,"2003-07-02","Jonathan Mostow"
tt0408306,7,2012-11-15,"Munich","Munich",https://www.imdb.com/title/tt0408306,Movie,7.5,164,2005,"Drama, Thriller, History",252962,"2006-01-06","Steven Spielberg"
tt0119567,6,2012-11-15,"The Lost World: Jurassic Park","The Lost World: Jurassic Park",https://www.imdb.com/title/tt0119567,Movie,6.6,129,1997,"Action, Sci-Fi, Adventure",476703,"1997-05-22","Steven Spielberg"
tt0367882,6,2012-11-15,"Indiana Jones and the Kingdom of the Crystal Skull","Indiana Jones and the Kingdom of the Crystal Skull",https://www.imdb.com/title/tt0367882,Movie,6.2,122,2008,"Action, Adventure",512861,"2008-05-22","Steven Spielberg"
tt0087469,7,2012-11-15,"Indiana Jones and the Temple of Doom","Indiana Jones and the Temple of Doom",https://www.imdb.com/title/tt0087469,Movie,7.5,118,1984,"Adventure, Action",566545,"1984-05-23","Steven Spielberg"
tt1028528,7,2012-11-15,"Death Proof","Death Proof",https://www.imdb.com/title/tt1028528,Movie,7.0,127,2007,"Thriller, Drama",333045,"2007-05-31","Quentin Tarantino"
tt0081505,9,2012-11-15,"The Shining","The Shining",https://www.imdb.com/title/tt0081505,Movie,8.4,146,1980,"Drama, Horror",1220861,"1980-06-13","Stanley Kubrick"
tt0119485,7,2012-11-15,"Kundun","Kundun",https://www.imdb.com/title/tt0119485,Movie,7.0,134,1997,"Biography, History, War, Drama",32129,"1998-01-16","Martin Scorsese"
tt0213682,6,2012-11-14,"Taboo","Gohatto",https://www.imdb.com/title/tt0213682,Movie,6.8,100,1999,"History, Thriller, Drama",8462,"1999-12-18","Nagisa Ôshima"
tt0147612,7,2012-11-11,"Happiness","Happiness",https://www.imdb.com/title/tt0147612,Movie,7.7,134,1998,"Comedy, Drama",79617,"1998-10-16","Todd Solondz"
tt0120737,7,2012-11-11,"The Lord of the Rings: The Fellowship of the Ring","The Lord of the Rings: The Fellowship of the Ring",https://www.imdb.com/title/tt0120737,Movie,8.9,178,2001,"Drama, Adventure, Fantasy",2197977,"2001-12-19","Peter Jackson"
tt0167260,6,2012-11-11,"The Lord of the Rings: The Return of the King","The Lord of the Rings: The Return of the King",https://www.imdb.com/title/tt0167260,Movie,9.0,201,2003,"Drama, Adventure, Fantasy",2156471,"2003-12-17","Peter Jackson"
tt0218379,6,2012-11-10,"Kippur","Kippur",https://www.imdb.com/title/tt0218379,Movie,6.3,117,2000,"Drama, War",2046,"2000-09-13","Amos Gitai"
tt0117589,8,2012-11-07,"Secrets & Lies","Secrets & Lies",https://www.imdb.com/title/tt0117589,Movie,8.0,136,1996,"Comedy, Drama",51296,"1997-02-28","Mike Leigh"
tt0235198,7,2012-11-07,"Audition","Ôdishon",https://www.imdb.com/title/tt0235198,Movie,7.1,115,1999,"Drama, Mystery, Horror",98678,"2000-03-03","Takashi Miike"
tt0216605,7,2012-11-05,"The Captive","La Captive",https://www.imdb.com/title/tt0216605,Movie,6.0,118,2000,"Romance, Music, Drama",2387,"2000-09-27","Chantal Akerman"
tt0087800,6,2012-11-05,"A Nightmare on Elm Street","A Nightmare on Elm Street",https://www.imdb.com/title/tt0087800,Movie,7.4,91,1984,"Horror",289944,"1984-11-16","Wes Craven"
tt0116905,7,2012-11-05,"Lone Star","Lone Star",https://www.imdb.com/title/tt0116905,Movie,7.4,135,1996,"Western, Drama, Mystery",35526,"1996-06-21","John Sayles"
tt0090756,7,2012-11-04,"Blue Velvet","Blue Velvet",https://www.imdb.com/title/tt0090756,Movie,7.7,120,1986,"Drama, Crime, Thriller, Mystery",244469,"1986-10-23","David Lynch"
tt0091042,7,2012-11-04,"Ferris Bueller's Day Off","Ferris Bueller's Day Off",https://www.imdb.com/title/tt0091042,Movie,7.8,103,1986,"Comedy",414593,"1986-06-11","John Hughes"
tt0096438,6,2012-11-04,"Who Framed Roger Rabbit","Who Framed Roger Rabbit",https://www.imdb.com/title/tt0096438,Movie,7.7,104,1988,"Animation, Crime, Family, Adventure, Mystery, Comedy, Fantasy",232846,"1988-06-22","Robert Zemeckis"
tt0119107,7,2012-11-04,"Fast, Cheap & Out of Control","Fast, Cheap & Out of Control",https://www.imdb.com/title/tt0119107,Movie,7.1,80,1997,"Documentary",4102,"1997-10-03","Errol Morris"
tt0167261,6,2012-11-04,"The Lord of the Rings: The Two Towers","The Lord of the Rings: The Two Towers",https://www.imdb.com/title/tt0167261,Movie,8.8,179,2002,"Drama, Adventure, Fantasy",1949113,"2002-12-18","Peter Jackson"
tt0097937,6,2012-11-04,"My Left Foot","My Left Foot: The Story of Christy Brown",https://www.imdb.com/title/tt0097937,Movie,7.8,103,1989,"Biography, Drama",84925,"1990-03-30","Jim Sheridan"
tt0245429,5,2012-11-03,"Spirited Away","Sen to Chihiro no kamikakushi",https://www.imdb.com/title/tt0245429,Movie,8.6,124,2001,"Animation, Family, Adventure, Fantasy",961908,"2003-03-28","Hayao Miyazaki"
tt1220719,6,2012-11-02,"Ip Man","Ip Man",https://www.imdb.com/title/tt1220719,Movie,8.0,106,2008,"Action, Drama, Biography, War",243027,"2025-10-05","Wilson Yip"
tt0050825,8,2012-11-01,"Paths of Glory","Paths of Glory",https://www.imdb.com/title/tt0050825,Movie,8.4,88,1957,"Drama, War",238092,"1957-12-25","Stanley Kubrick"
tt0114746,7,2012-11-01,"12 Monkeys","Twelve Monkeys",https://www.imdb.com/title/tt0114746,Movie,8.0,129,1995,"Mystery, Sci-Fi, Thriller",678340,"1996-01-05","Terry Gilliam"
tt0338564,7,2012-10-31,"Infernal Affairs","Mou gaan dou",https://www.imdb.com/title/tt0338564,Movie,8.0,101,2002,"Thriller, Mystery, Drama, Crime",137952,"2002-12-12","Wai Keung Lau,Alan Mak"
tt0104389,7,2012-10-30,"The Hand That Rocks the Cradle","The Hand That Rocks the Cradle",https://www.imdb.com/title/tt0104389,Movie,6.7,110,1992,"Drama, Thriller",54891,"1992-01-10","Curtis Hanson"
tt0107207,8,2012-10-29,"In the Name of the Father","In the Name of the Father",https://www.imdb.com/title/tt0107207,Movie,8.1,133,1993,"Biography, Crime, Drama",202202,"1994-02-25","Jim Sheridan"
tt0113247,7,2012-10-28,"La haine","La haine",https://www.imdb.com/title/tt0113247,Movie,8.1,98,1995,"Crime, Drama",225075,"1996-02-23","Mathieu Kassovitz"
tt0246578,7,2012-10-27,"Donnie Darko","Donnie Darko",https://www.imdb.com/title/tt0246578,Movie,8.0,113,2001,"Sci-Fi, Thriller, Mystery, Drama",909103,"2001-01-19","Richard Kelly"
tt0102782,5,2012-10-27,"Return to the Blue Lagoon","Return to the Blue Lagoon",https://www.imdb.com/title/tt0102782,Movie,5.2,102,1991,"Drama, Romance, Adventure",23215,"1991-08-02","William A. Graham"
tt0080453,6,2012-10-27,"The Blue Lagoon","The Blue Lagoon",https://www.imdb.com/title/tt0080453,Movie,5.8,104,1980,"Romance, Drama, Adventure",83057,"1980-07-02","Randal Kleiser"
tt1276104,7,2012-10-27,"Looper","Looper",https://www.imdb.com/title/tt1276104,Movie,7.4,119,2012,"Sci-Fi, Action, Thriller, Drama",627407,"2012-09-28","Rian Johnson"
tt1345836,6,2012-10-25,"The Dark Knight Rises","The Dark Knight Rises",https://www.imdb.com/title/tt1345836,Movie,8.4,164,2012,"Action, Drama, Thriller, Crime",1985935,"2012-07-20","Christopher Nolan"
tt0374546,8,2012-10-24,"Spring, Summer, Fall, Winter... and Spring","Bom yeoreum gaeul gyeoul geurigo bom",https://www.imdb.com/title/tt0374546,Movie,8.0,103,2003,"Drama, Romance",90684,"2004-05-28","Kim Ki-duk"
tt0120188,6,2012-10-23,"Three Kings","Three Kings",https://www.imdb.com/title/tt0120188,Movie,7.1,114,1999,"Adventure, Comedy, Drama, War, Action",187291,"1999-10-01","David O. Russell"
tt0119711,6,2012-10-23,"Mother and Son","Mat i syn",https://www.imdb.com/title/tt0119711,Movie,7.2,73,1997,"Drama",4480,"1998-02-06","Aleksandr Sokurov"
tt0318034,5,2012-10-19,"Russian Ark","Russkiy kovcheg",https://www.imdb.com/title/tt0318034,Movie,7.2,99,2002,"History, Mystery, Drama, Fantasy",22924,"2003-04-19","Aleksandr Sokurov"
tt0107688,7,2012-10-19,"The Nightmare Before Christmas","Tim Burton's the Nightmare Before Christmas",https://www.imdb.com/title/tt0107688,Movie,7.9,76,1993,"Animation, Musical, Family, Adventure, Fantasy",410504,"1993-10-29","Henry Selick"
tt0119217,8,2012-10-17,"Good Will Hunting","Good Will Hunting",https://www.imdb.com/title/tt0119217,Movie,8.4,126,1997,"Romance, Drama",1210018,"1998-01-09","Gus Van Sant"
tt0401792,7,2012-10-17,"Sin City","Sin City",https://www.imdb.com/title/tt0401792,Movie,8.0,124,2005,"Crime, Thriller",819507,"2005-04-01","Frank Miller,Quentin Tarantino,Robert Rodriguez"
tt0434409,6,2012-10-17,"V for Vendetta","V for Vendetta",https://www.imdb.com/title/tt0434409,Movie,8.1,132,2005,"Thriller, Action, Drama, Sci-Fi",1243743,"2006-03-17","James McTeigue"
tt0047396,8,2012-10-17,"Rear Window","Rear Window",https://www.imdb.com/title/tt0047396,Movie,8.5,112,1954,"Drama, Mystery, Thriller",567688,"1954-09-01","Alfred Hitchcock"
tt0162661,7,2012-10-17,"Sleepy Hollow","Sleepy Hollow",https://www.imdb.com/title/tt0162661,Movie,7.3,105,1999,"Mystery, Fantasy, Horror",411862,"1999-11-19","Tim Burton"
tt0077452,6,2012-10-14,"Dona Flor and Her Two Husbands","Dona Flor e Seus Dois Maridos",https://www.imdb.com/title/tt0077452,Movie,6.9,110,1976,"Fantasy, Romance, Comedy",4066,"1978-06-21","Bruno Barreto"
tt0097778,6,2012-10-12,"Look Who's Talking","Look Who's Talking",https://www.imdb.com/title/tt0097778,Movie,6.0,93,1989,"Romance, Comedy",90877,"1989-10-13","Amy Heckerling"
tt0110216,4,2012-10-12,"Junior","Junior",https://www.imdb.com/title/tt0110216,Movie,4.8,109,1994,"Romance, Sci-Fi, Comedy",77839,"1994-11-23","Ivan Reitman"
tt0117571,6,2012-10-12,"Scream","Scream",https://www.imdb.com/title/tt0117571,Movie,7.4,111,1996,"Mystery, Horror",443868,"1996-12-20","Wes Craven"
tt0367975,8,2012-10-11,"Lisbela and the Prisoner","Lisbela e o Prisioneiro",https://www.imdb.com/title/tt0367975,Movie,7.6,106,2003,"Comedy, Romance",7938,"2003-08-22","Guel Arraes,Ligia Feliciano"
tt1748122,7,2012-10-07,"Moonrise Kingdom","Moonrise Kingdom",https://www.imdb.com/title/tt1748122,Movie,7.7,94,2012,"Drama, Comedy, Romance, Adventure, Fantasy",382271,"2012-06-29","Wes Anderson"
tt1410297,7,2012-10-06,"The Well Beloved One","O Bem Amado",https://www.imdb.com/title/tt1410297,Movie,6.4,107,2010,"Comedy",649,"2010-01-01","Guel Arraes"
tt0083866,8,2012-10-05,"E.T. the Extra-Terrestrial","E.T. the Extra-Terrestrial",https://www.imdb.com/title/tt0083866,Movie,7.9,115,1982,"Adventure, Sci-Fi, Family",470443,"1982-06-11","Steven Spielberg"
tt0081398,8,2012-10-05,"Raging Bull","Raging Bull",https://www.imdb.com/title/tt0081398,Movie,8.1,129,1980,"Sport, Biography, Drama",409800,"1980-12-19","Martin Scorsese"
tt0073486,9,2012-10-05,"One Flew Over the Cuckoo's Nest","One Flew Over the Cuckoo's Nest",https://www.imdb.com/title/tt0073486,Movie,8.6,133,1975,"Drama",1154042,"1975-11-21","Miloš Forman"
tt0096163,7,2012-10-05,"The Vanishing","Spoorloos",https://www.imdb.com/title/tt0096163,Movie,7.6,107,1988,"Thriller, Mystery",54795,"1988-10-27","George Sluizer"
tt2027265,7,2012-10-05,"A Better Life","Une vie meilleure",https://www.imdb.com/title/tt2027265,Movie,6.6,110,2011,"Drama",1867,"2012-01-04","Cédric Kahn"
tt0119174,8,2012-10-04,"The Game","The Game",https://www.imdb.com/title/tt0119174,Movie,7.7,129,1997,"Drama, Thriller, Mystery",468642,"1997-09-12","David Fincher"
tt1226273,7,2012-10-03,"Edge of Darkness","Edge of Darkness",https://www.imdb.com/title/tt1226273,Movie,6.6,117,2010,"Drama, Thriller, Action, Adventure, Mystery",103337,"2010-01-29","Martin Campbell"
tt1736633,8,2012-10-03,"Oslo, August 31st","Oslo, 31. august",https://www.imdb.com/title/tt1736633,Movie,7.6,95,2011,"Drama",33789,"2011-08-31","Joachim Trier"
tt1454523,7,2012-09-30,"Black Bread","Pa negre",https://www.imdb.com/title/tt1454523,Movie,6.9,108,2010,"Drama, Crime",5238,"2010-10-15","Agustí Villaronga"
tt1234654,5,2012-09-30,"Greenberg","Greenberg",https://www.imdb.com/title/tt1234654,Movie,6.1,107,2010,"Comedy, Drama, Romance",40310,"2010-03-26","Noah Baumbach"
tt0947810,7,2012-09-30,"Green Zone","Green Zone",https://www.imdb.com/title/tt0947810,Movie,6.8,115,2010,"Drama, War, Action, Thriller",147627,"2010-03-12","Paul Greengrass"
tt1226753,7,2012-09-30,"The Debt","The Debt",https://www.imdb.com/title/tt1226753,Movie,6.8,113,2010,"Thriller, Drama",73834,"2011-08-31","John Madden"
tt1226229,6,2012-09-30,"Get Him to the Greek","Get Him to the Greek",https://www.imdb.com/title/tt1226229,Movie,6.3,109,2010,"Comedy, Music",190217,"2010-06-04","Nicholas Stoller"
tt0268978,8,2012-09-13,"A Beautiful Mind","A Beautiful Mind",https://www.imdb.com/title/tt0268978,Movie,8.2,135,2001,"Biography, Mystery, Drama",1050779,"2002-01-04","Ron Howard"
tt1579223,6,2012-08-06,"Federal Bank Heist","Assalto ao Banco Central",https://www.imdb.com/title/tt1579223,Movie,5.9,101,2011,"Crime, Action, Thriller",2615,"2011-07-22","Marcos Paulo"
tt2142055,7,2012-07-30,"Xingu","Xingu",https://www.imdb.com/title/tt2142055,Movie,7.1,102,2011,"Adventure, Drama, Biography, Action",2020,"2014-03-14","Cao Hamburger"
tt0116209,8,2012-07-30,"The English Patient","The English Patient",https://www.imdb.com/title/tt0116209,Movie,7.4,162,1996,"War, Romance, Drama",213152,"1996-12-06","Anthony Minghella"
tt0760188,6,2012-07-29,"When Nietzsche Wept","When Nietzsche Wept",https://www.imdb.com/title/tt0760188,Movie,6.4,105,2007,"Drama",5201,"2007-08-02","Pinchas Perry"
tt1442576,5,2012-07-29,"Lula, the Son of Brazil","Lula, o Filho do Brasil",https://www.imdb.com/title/tt1442576,Movie,4.5,130,2009,"Drama, Biography, History",3262,"2010-01-01","Fábio Barreto,Marcelo Santiago"
tt0350804,7,2012-07-28,"Deus é Brasileiro","Deus é Brasileiro",https://www.imdb.com/title/tt0350804,Movie,6.0,110,2003,"Drama, Comedy, Fantasy",2806,"2003-01-31","Carlos Diegues"
tt1092016,8,2012-07-27,"Meu Nome Não é Johnny","Meu Nome Não é Johnny",https://www.imdb.com/title/tt1092016,Movie,7.2,124,2008,"Drama, Crime, Biography",8754,"2008-01-04","Mauro Lima"
tt1067583,6,2012-07-26,"Water for Elephants","Water for Elephants",https://www.imdb.com/title/tt1067583,Movie,6.9,120,2011,"Drama, Romance",123878,"2011-04-22","Francis Lawrence"
tt0118954,7,2012-07-24,"Deconstructing Harry","Deconstructing Harry",https://www.imdb.com/title/tt0118954,Movie,7.3,96,1997,"Comedy",50435,"1998-01-02","Woody Allen"
tt1424432,7,2012-07-24,"Senna","Senna",https://www.imdb.com/title/tt1424432,Movie,8.4,106,2010,"Documentary, Biography, Sport",83732,"2011-05-25","Asif Kapadia"
tt0118804,5,2012-07-24,"The Butcher Boy","The Butcher Boy",https://www.imdb.com/title/tt0118804,Movie,7.1,110,1997,"Drama, Comedy",11997,"1998-02-20","Neil Jordan"
tt0116384,6,2012-07-24,"Gabbeh","Gabbeh",https://www.imdb.com/title/tt0116384,Movie,6.9,75,1996,"Mystery, Romance, Drama",3977,"1997-06-25","Mohsen Makhmalbaf"
tt0118845,6,2012-07-23,"Happy Together","Chun gwong ja sit",https://www.imdb.com/title/tt0118845,Movie,7.7,96,1997,"Romance, Drama",38056,"1997-05-30","Wong Kar-Wai"
tt0870090,8,2012-07-23,"City of Men","Cidade dos Homens",https://www.imdb.com/title/tt0870090,Movie,7.2,106,2007,"Drama, Crime",16891,"2007-08-31","Paulo Morelli"
tt0861689,7,2012-07-23,"Blindness","Blindness",https://www.imdb.com/title/tt0861689,Movie,6.5,121,2008,"Drama, Thriller, Mystery",77093,"2008-10-03","Fernando Meirelles"
tt1555149,8,2012-07-23,"Elite Squad 2: The Enemy Within","Tropa de Elite 2: O Inimigo Agora é Outro",https://www.imdb.com/title/tt1555149,Movie,8.0,115,2010,"Crime, Drama, Thriller",92012,"2010-10-08","José Padilha"
tt0117509,6,2012-07-22,"Romeo + Juliet","Romeo + Juliet",https://www.imdb.com/title/tt0117509,Movie,6.7,120,1996,"Romance, Drama",259912,"1996-11-01","Baz Luhrmann"
tt0234215,6,2012-07-21,"The Matrix Reloaded","The Matrix Reloaded",https://www.imdb.com/title/tt0234215,Movie,7.2,138,2003,"Action, Sci-Fi",668706,"2003-05-15","Lana Wachowski,Lilly Wachowski"
tt0072890,7,2012-07-20,"Dog Day Afternoon","Dog Day Afternoon",https://www.imdb.com/title/tt0072890,Movie,8.0,125,1975,"Thriller, Biography, Crime, Drama",291509,"1975-12-25","Sidney Lumet"
tt0350258,8,2012-06-09,"Ray","Ray",https://www.imdb.com/title/tt0350258,Movie,7.7,152,2004,"Music, Biography, Drama",165168,"2004-10-29","Taylor Hackford"
tt0283509,6,2012-06-08,"No Man's Land","No Man's Land",https://www.imdb.com/title/tt0283509,Movie,7.9,98,2001,"Comedy, Drama, War",50504,"2001-09-19","Danis Tanovic"
tt0120265,6,2012-06-08,"Taste of Cherry","Ta'm e guilass",https://www.imdb.com/title/tt0120265,Movie,7.7,95,1997,"Drama",43579,"1997-11-26","Abbas Kiarostami"
tt0119349,6,2012-06-08,"The Ice Storm","The Ice Storm",https://www.imdb.com/title/tt0119349,Movie,7.3,112,1997,"Drama",63584,"1997-11-26","Ang Lee"
tt0120255,7,2012-06-07,"The Sweet Hereafter","The Sweet Hereafter",https://www.imdb.com/title/tt0120255,Movie,7.4,112,1997,"Drama",38151,"1997-11-21","Atom Egoyan"
tt0118789,7,2012-06-05,"Buffalo '66","Buffalo '66",https://www.imdb.com/title/tt0118789,Movie,7.4,110,1998,"Romance, Drama, Comedy",67399,"1998-06-26","Vincent Gallo"
tt0119167,7,2012-06-04,"Funny Games","Funny Games",https://www.imdb.com/title/tt0119167,Movie,7.5,108,1997,"Crime, Drama, Horror, Thriller",96515,"1998-03-11","Michael Haneke"
tt0087332,7,2012-06-04,"Ghostbusters","Ghostbusters",https://www.imdb.com/title/tt0087332,Movie,7.8,105,1984,"Fantasy, Comedy, Action, Sci-Fi",485836,"1984-06-08","Ivan Reitman"
tt0088763,7,2012-06-04,"Back to the Future","Back to the Future",https://www.imdb.com/title/tt0088763,Movie,8.5,116,1985,"Comedy, Sci-Fi, Adventure",1446238,"1985-07-03","Robert Zemeckis"
tt0095765,9,2012-06-04,"Cinema Paradiso","Nuovo Cinema Paradiso",https://www.imdb.com/title/tt0095765,Movie,8.5,174,1988,"Romance, Drama",316439,"1990-02-23","Giuseppe Tornatore"
tt0095016,8,2012-06-04,"Die Hard","Die Hard",https://www.imdb.com/title/tt0095016,Movie,8.2,132,1988,"Thriller, Action",1027169,"1988-07-20","John McTiernan"
tt0103064,8,2012-06-04,"Terminator 2: Judgment Day","Terminator 2: Judgment Day",https://www.imdb.com/title/tt0103064,Movie,8.6,137,1991,"Adventure, Sci-Fi, Action",1279537,"1991-07-03","James Cameron"
tt0117631,8,2012-06-04,"Shine","Shine",https://www.imdb.com/title/tt0117631,Movie,7.6,105,1996,"Music, Biography, Romance, Drama",58893,"1997-02-14","Scott Hicks"
tt0114787,7,2012-06-04,"Underground","Underground",https://www.imdb.com/title/tt0114787,Movie,8.0,167,1995,"War, Fantasy, Drama, Comedy",64080,"1997-06-20","Emir Kusturica"
tt0107822,8,2012-06-04,"The Piano","The Piano",https://www.imdb.com/title/tt0107822,Movie,7.5,121,1993,"Music, Romance, Drama",101012,"1994-02-11","Jane Campion"
tt0107818,7,2012-06-04,"Philadelphia","Philadelphia",https://www.imdb.com/title/tt0107818,Movie,7.7,125,1993,"Drama",273234,"1994-01-14","Jonathan Demme"
tt0120735,7,2012-06-03,"Lock, Stock and Two Smoking Barrels","Lock, Stock and Two Smoking Barrels",https://www.imdb.com/title/tt0120735,Movie,8.1,107,1998,"Crime, Comedy",648936,"1998-08-28","Guy Ritchie"
tt0130827,7,2012-06-03,"Run Lola Run","Lola rennt",https://www.imdb.com/title/tt0130827,Movie,7.6,80,1998,"Crime, Thriller, Action",217564,"1999-06-18","Tom Tykwer"
tt0128445,6,2012-06-02,"Rushmore","Rushmore",https://www.imdb.com/title/tt0128445,Movie,7.6,93,1998,"Drama, Romance, Comedy",207996,"1999-02-19","Wes Anderson"
tt0138704,6,2012-06-02,"Pi","Pi",https://www.imdb.com/title/tt0138704,Movie,7.3,84,1998,"Mystery, Sci-Fi, Horror, Drama, Thriller",192629,"1998-07-10","Darren Aronofsky"
tt0120863,9,2012-06-02,"The Thin Red Line","The Thin Red Line",https://www.imdb.com/title/tt0120863,Movie,7.6,170,1998,"History, Drama, War",212464,"1999-01-15","Terrence Malick"
tt0166808,5,2012-06-01,"Sombre","Sombre",https://www.imdb.com/title/tt0166808,Movie,5.9,112,1998,"Horror, Drama",2062,"1999-01-27","Philippe Grandrieux"
tt0178868,6,2012-06-01,"The Ring","Ringu",https://www.imdb.com/title/tt0178868,Movie,7.2,96,1998,"Mystery, Horror",85602,"1998-01-31","Hideo Nakata"
tt0209933,8,2012-06-01,"Beau Travail","Beau travail",https://www.imdb.com/title/tt0209933,Movie,7.3,92,1999,"War, Drama",18032,"2000-05-03","Claire Denis"
tt0200071,7,2012-06-01,"Rosetta","Rosetta",https://www.imdb.com/title/tt0200071,Movie,7.4,95,1999,"Drama",17068,"1999-09-22","Jean-Pierre Dardenne,Luc Dardenne"
tt0262246,7,2012-05-29,"Attack the Gas Station","Juyuso seubgyuksageun",https://www.imdb.com/title/tt0262246,Movie,6.9,113,1999,"Crime, Comedy",4704,"1999-10-02","Kim Sang-jin"
tt0247586,6,2012-05-24,"Nine Queens","Nueve reinas",https://www.imdb.com/title/tt0247586,Movie,7.9,114,2000,"Thriller, Drama, Crime",62471,"2000-08-31","Fabián Bielinsky"
tt0133093,8,2012-05-09,"The Matrix","The Matrix",https://www.imdb.com/title/tt0133093,Movie,8.7,136,1999,"Action, Sci-Fi",2237941,"1999-03-31","Lana Wachowski,Lilly Wachowski"
tt0269746,4,2012-05-04,"What Time Is It There?","Ni na bian ji dian",https://www.imdb.com/title/tt0269746,Movie,7.3,116,2001,"Romance, Drama",5621,"2001-09-26","Tsai Ming-liang"
tt0265343,8,2012-05-03,"Monsoon Wedding","Monsoon Wedding",https://www.imdb.com/title/tt0265343,Movie,7.3,114,2001,"Comedy, Romance, Drama",27841,"2002-04-26","Mira Nair"
tt1568911,5,2012-05-01,"War Horse","War Horse",https://www.imdb.com/title/tt1568911,Movie,7.2,146,2011,"War, Drama, Adventure, History",172809,"2011-12-25","Steven Spielberg"
tt0190590,6,2012-04-28,"O Brother, Where Art Thou?","O Brother, Where Art Thou?",https://www.imdb.com/title/tt0190590,Movie,7.7,107,2000,"Music, Drama, Adventure, Crime, Comedy",350913,"2001-02-02","Joel Coen,Ethan Coen"
tt0259393,8,2012-04-13,"Lantana","Lantana",https://www.imdb.com/title/tt0259393,Movie,7.2,121,2001,"Mystery, Romance, Drama",20815,"2002-03-08","Ray Lawrence"
tt0243255,6,2012-04-12,"Fat Girl","À ma soeur!",https://www.imdb.com/title/tt0243255,Movie,6.4,86,2001,"Drama",14000,"2001-03-07","Catherine Breillat"
tt1616195,7,2012-04-10,"J. Edgar","J. Edgar",https://www.imdb.com/title/tt1616195,Movie,6.5,137,2011,"Biography, Drama, Romance",138063,"2011-11-11","Clint Eastwood"
tt0297884,7,2012-04-09,"Far from Heaven","Far from Heaven",https://www.imdb.com/title/tt0297884,Movie,7.3,107,2002,"Romance, Drama",51526,"2003-01-10","Todd Haynes"
tt0113277,9,2012-04-09,"Heat","Heat",https://www.imdb.com/title/tt0113277,Movie,8.3,170,1995,"Drama, Action, Crime",799227,"1995-12-15","Michael Mann"
tt0346094,7,2012-04-09,"Distant","Uzak",https://www.imdb.com/title/tt0346094,Movie,7.5,110,2002,"Comedy, Drama",24638,"2002-12-20","Nuri Bilge Ceylan"
tt0338135,8,2012-04-08,"The Barbarian Invasions","Les invasions barbares",https://www.imdb.com/title/tt0338135,Movie,7.5,99,2003,"Comedy, Crime, Mystery, Romance, Drama",30892,"2004-03-05","Denys Arcand"
tt0387898,6,2012-04-07,"Caché","Caché",https://www.imdb.com/title/tt0387898,Movie,7.3,117,2005,"Drama, Thriller, Mystery",90022,"2006-02-17","Michael Haneke"
tt0299977,6,2012-04-07,"Hero","Ying xiong",https://www.imdb.com/title/tt0299977,Movie,7.9,94,2002,"Adventure, Drama, Action",193881,"2004-08-27","Yimou Zhang"
tt0472043,7,2012-04-06,"Apocalypto","Apocalypto",https://www.imdb.com/title/tt0472043,Movie,7.8,139,2006,"Adventure, Drama, Thriller, Action",357112,"2006-12-08","Mel Gibson"
tt0405094,10,2012-04-06,"The Lives of Others","Das Leben der Anderen",https://www.imdb.com/title/tt0405094,Movie,8.4,137,2006,"Drama, Thriller, Mystery",442158,"2007-03-30","Florian Henckel von Donnersmarck"
tt0347048,8,2012-04-06,"Head-On","Gegen die Wand",https://www.imdb.com/title/tt0347048,Movie,7.8,121,2004,"Romance, Drama",60706,"2004-03-11","Fatih Akin"
tt0375679,8,2012-04-06,"Crash","Crash",https://www.imdb.com/title/tt0375679,Movie,7.7,112,2004,"Drama, Crime, Thriller",461651,"2005-05-06","Paul Haggis"
tt0449059,5,2012-04-06,"Little Miss Sunshine","Little Miss Sunshine",https://www.imdb.com/title/tt0449059,Movie,7.8,101,2006,"Comedy, Drama",556299,"2006-08-18","Jonathan Dayton,Valerie Faris"
tt0117951,8,2012-04-06,"Trainspotting","Trainspotting",https://www.imdb.com/title/tt0117951,Movie,8.1,93,1996,"Crime, Drama",767357,"1996-08-09","Danny Boyle"
tt0376136,6,2012-04-05,"The Rum Diary","The Rum Diary",https://www.imdb.com/title/tt0376136,Movie,6.1,119,2011,"Drama, Comedy, Romance",110063,"2011-10-28","Bruce Robinson"
tt1660379,6,2012-04-05,"House of Tolerance","L'Apollonide (Souvenirs de la maison close)",https://www.imdb.com/title/tt1660379,Movie,6.7,122,2011,"Drama",8590,"2011-11-25","Bertrand Bonello"
tt0114814,7,2012-04-05,"The Usual Suspects","The Usual Suspects",https://www.imdb.com/title/tt0114814,Movie,8.5,106,1995,"Drama, Crime, Mystery, Thriller",1234859,"1995-08-16","Bryan Singer"
tt1375666,9,2012-04-03,"Inception","Inception",https://www.imdb.com/title/tt1375666,Movie,8.8,148,2010,"Sci-Fi, Thriller, Action, Adventure",2803276,"2010-07-16","Christopher Nolan"
tt0986233,7,2012-04-03,"Hunger","Hunger",https://www.imdb.com/title/tt0986233,Movie,7.5,96,2008,"Drama, Biography, Thriller, Crime",76438,"2008-10-31","Steve McQueen"
tt0468569,7,2012-03-27,"The Dark Knight","The Dark Knight",https://www.imdb.com/title/tt0468569,Movie,9.1,152,2008,"Drama, Crime, Thriller, Action",3153518,"2008-07-18","Christopher Nolan"
tt0436697,6,2012-03-25,"The Queen","The Queen",https://www.imdb.com/title/tt0436697,Movie,7.3,103,2006,"Biography, Drama",119570,"2006-11-17","Stephen Frears"
tt0468492,4,2012-03-25,"The Host","Goemool",https://www.imdb.com/title/tt0468492,Movie,7.1,120,2006,"Horror, Sci-Fi, Drama",142618,"2007-03-30","Bong Joon Ho"
tt0907657,6,2012-03-24,"Once","Once",https://www.imdb.com/title/tt0907657,Movie,7.8,86,2006,"Musical, Music, Drama, Romance",124849,"2007-06-15","John Carney"
tt0443453,6,2012-03-23,"Borat","Borat: Cultural Learnings of America for Make Benefit Glorious Nation of Kazakhstan",https://www.imdb.com/title/tt0443453,Movie,7.4,84,2006,"Comedy",475221,"2006-11-03","Larry Charles"
tt1723811,7,2012-03-23,"Shame","Shame",https://www.imdb.com/title/tt1723811,Movie,7.2,101,2011,"Drama",217022,"2011","Steve McQueen"
tt0206634,7,2012-03-23,"Children of Men","Children of Men",https://www.imdb.com/title/tt0206634,Movie,7.9,109,2006,"Thriller, Drama, Sci-Fi",564339,"2007-01-05","Alfonso Cuarón"
tt1179904,4,2012-03-23,"Paranormal Activity","Paranormal Activity",https://www.imdb.com/title/tt1179904,Movie,6.3,86,2007,"Horror, Mystery",271478,"2009-10-16","Oren Peli"
tt1212419,7,2012-03-21,"Hereafter","Hereafter",https://www.imdb.com/title/tt1212419,Movie,6.5,129,2010,"Drama, Fantasy, Romance",98255,"2010-10-22","Clint Eastwood"
tt0910970,6,2012-03-20,"WALL·E","WALL·E",https://www.imdb.com/title/tt0910970,Movie,8.4,98,2008,"Animation, Sci-Fi, Adventure, Family",1314997,"2008-06-27","Andrew Stanton"
tt1157605,5,2012-03-20,"Anvil: The Story of Anvil","Anvil: The Story of Anvil",https://www.imdb.com/title/tt1157605,Movie,7.9,80,2008,"Documentary, Music, Biography, Drama",17339,"2009-02-20","Sacha Gervasi"
tt1139797,7,2012-03-20,"Let the Right One In","Låt den rätte komma in",https://www.imdb.com/title/tt1139797,Movie,7.8,114,2008,"Drama, Horror, Romance, Fantasy",239491,"2008-12-12","Tomas Alfredson"
tt1136608,6,2012-03-18,"District 9","District 9",https://www.imdb.com/title/tt1136608,Movie,7.9,112,2009,"Sci-Fi, Action, Thriller",751028,"2009-08-14","Neill Blomkamp"
tt0901487,6,2012-03-17,"The Good, the Bad, the Weird","Joeun nom, napun nom, esanghan nom",https://www.imdb.com/title/tt0901487,Movie,7.2,130,2008,"Adventure, Action, Western, Comedy",39688,"2008-07-17","Kim Jee-woon"
tt0372784,6,2012-03-16,"Batman Begins","Batman Begins",https://www.imdb.com/title/tt0372784,Movie,8.2,140,2005,"Action, Crime, Drama, Thriller",1707109,"2005-06-15","Christopher Nolan"
tt1149362,7,2012-03-16,"The White Ribbon","Das weiße Band - Eine deutsche Kindergeschichte",https://www.imdb.com/title/tt1149362,Movie,7.8,144,2009,"Drama, Mystery, Thriller",81402,"2010-03-05","Michael Haneke"
tt1470827,5,2012-03-16,"Monsters","Monsters",https://www.imdb.com/title/tt1470827,Movie,6.3,94,2010,"Drama, Sci-Fi, Thriller, Adventure, Romance",101728,"2010-12-03","Gareth Edwards"
tt1232776,6,2012-03-16,"Fish Tank","Fish Tank",https://www.imdb.com/title/tt1232776,Movie,7.3,123,2009,"Drama",68233,"2009-09-11","Andrea Arnold"
tt1588337,6,2012-03-15,"Of Gods and Men","Des hommes et des dieux",https://www.imdb.com/title/tt1588337,Movie,7.2,122,2010,"Drama, History",16756,"2011-03-25","Xavier Beauvois"
tt0154421,8,2012-03-15,"The Idiots","Idioterne",https://www.imdb.com/title/tt0154421,Movie,6.7,117,1998,"Comedy, Drama",35977,"1998-05-20","Lars von Trier"
tt0212338,7,2012-03-15,"Meet the Parents","Meet the Parents",https://www.imdb.com/title/tt0212338,Movie,7.0,108,2000,"Romance, Comedy",377268,"2000-10-06","Jay Roach"
tt0247380,5,2012-03-15,"The Gleaners & I","Les glaneurs et la glaneuse",https://www.imdb.com/title/tt0247380,Movie,7.7,82,2000,"Documentary",10116,"2000-07-07","Agnès Varda"
tt0245574,8,2012-03-15,"Y tu mamá también","Y tu mamá también",https://www.imdb.com/title/tt0245574,Movie,7.7,106,2001,"Drama",140570,"2001-06-08","Alfonso Cuarón"
tt0208990,7,2012-03-15,"The Son's Room","La stanza del figlio",https://www.imdb.com/title/tt0208990,Movie,7.3,99,2001,"Drama",22552,"2001-03-09","Nanni Moretti"
tt0166924,8,2012-03-15,"Mulholland Drive","Mulholland Dr.",https://www.imdb.com/title/tt0166924,Movie,7.9,147,2001,"Drama, Thriller, Mystery",426598,"2001-10-19","David Lynch"
tt0254686,7,2012-03-15,"The Piano Teacher","La pianiste",https://www.imdb.com/title/tt0254686,Movie,7.5,131,2001,"Music, Romance, Drama",80339,"2001-08-31","Michael Haneke"
tt1341167,5,2012-03-14,"Four Lions","Four Lions",https://www.imdb.com/title/tt1341167,Movie,7.3,97,2010,"Comedy, Crime, Drama",90786,"2010-05-07","Christopher Morris"
tt1661862,7,2012-03-14,"No Rest for the Wicked","No habrá paz para los malvados",https://www.imdb.com/title/tt1661862,Movie,6.4,114,2011,"Thriller, Crime",5825,"2011-09-23","Enrique Urbizu"
tt0758758,9,2012-03-14,"Into the Wild","Into the Wild",https://www.imdb.com/title/tt0758758,Movie,8.0,148,2007,"Drama, Adventure, Biography",694286,"2007-10-19","Sean Penn"
tt0268126,7,2012-03-14,"Adaptation.","Adaptation.",https://www.imdb.com/title/tt0268126,Movie,7.6,115,2002,"Comedy, Drama",213678,"2003-02-14","Spike Jonze"
tt0340468,5,2012-03-14,"Bus 174","Ônibus 174",https://www.imdb.com/title/tt0340468,Movie,7.8,122,2002,"Documentary, Crime",8996,"2003-08-30","José Padilha,Felipe Lacerda"
tt0335345,6,2012-03-14,"The Passion of the Christ","The Passion of the Christ",https://www.imdb.com/title/tt0335345,Movie,7.3,127,2004,"Drama",271100,"2004-02-25","Mel Gibson"
tt0482571,7,2012-03-14,"The Prestige","The Prestige",https://www.imdb.com/title/tt0482571,Movie,8.5,130,2006,"Drama, Thriller, Mystery, Sci-Fi",1580506,"2006-10-20","Christopher Nolan"
tt0929632,7,2012-03-14,"Precious","Precious",https://www.imdb.com/title/tt0929632,Movie,7.3,110,2009,"Drama",120872,"2009-11-20","Lee Daniels"
tt1504320,6,2012-03-14,"The King's Speech","The King's Speech",https://www.imdb.com/title/tt1504320,Movie,8.0,118,2010,"Drama, Biography, History",731942,"2010-12-25","Tom Hooper"
tt0107290,6,2012-03-14,"Jurassic Park","Jurassic Park",https://www.imdb.com/title/tt0107290,Movie,8.2,127,1993,"Thriller, Action, Sci-Fi, Adventure",1172362,"1993-06-11","Steven Spielberg"
tt0105695,7,2012-03-14,"Unforgiven","Unforgiven",https://www.imdb.com/title/tt0105695,Movie,8.2,130,1992,"Drama, Western",467558,"1992-08-07","Clint Eastwood"
tt0105236,8,2012-03-14,"Reservoir Dogs","Reservoir Dogs",https://www.imdb.com/title/tt0105236,Movie,8.3,99,1992,"Crime, Thriller",1167300,"1992-09-02","Quentin Tarantino"
tt0103074,5,2012-03-14,"Thelma & Louise","Thelma & Louise",https://www.imdb.com/title/tt0103074,Movie,7.6,130,1991,"Drama, Adventure, Crime",192039,"1991-05-24","Ridley Scott"
tt0101700,8,2012-03-14,"Delicatessen","Delicatessen",https://www.imdb.com/title/tt0101700,Movie,7.5,99,1991,"Crime, Comedy",94145,"1992-04-03","Marc Caro,Jean-Pierre Jeunet"
tt0096895,7,2012-03-14,"Batman","Batman",https://www.imdb.com/title/tt0096895,Movie,7.5,126,1989,"Adventure, Action",431164,"1989-06-23","Tim Burton"
tt0093010,7,2012-03-14,"Fatal Attraction","Fatal Attraction",https://www.imdb.com/title/tt0093010,Movie,6.9,119,1987,"Drama, Thriller",110915,"1987-09-18","Adrian Lyne"
tt0116282,8,2012-03-14,"Fargo","Fargo",https://www.imdb.com/title/tt0116282,Movie,8.1,98,1996,"Drama, Thriller, Crime",785315,"1996-04-05","Joel Coen,Ethan Coen"
tt0116629,5,2012-03-14,"Independence Day","Independence Day",https://www.imdb.com/title/tt0116629,Movie,7.0,145,1996,"Adventure, Sci-Fi, Action",645149,"1996-07-03","Roland Emmerich"
tt0185937,4,2012-03-14,"The Blair Witch Project","The Blair Witch Project",https://www.imdb.com/title/tt0185937,Movie,6.5,81,1999,"Mystery, Horror",315425,"1999-07-30","Daniel Myrick,Eduardo Sánchez"
tt0172495,6,2012-03-14,"Gladiator","Gladiator",https://www.imdb.com/title/tt0172495,Movie,8.5,155,2000,"Adventure, Drama, Action",1841058,"2000-05-05","Ridley Scott"
tt0168629,6,2012-03-14,"Dancer in the Dark","Dancer in the Dark",https://www.imdb.com/title/tt0168629,Movie,7.9,135,2000,"Musical, Crime, Drama",123671,"2000-10-06","Lars von Trier"
tt0190332,7,2012-03-14,"Crouching Tiger, Hidden Dragon","Wo hu cang long",https://www.imdb.com/title/tt0190332,Movie,7.9,120,2000,"Action, Romance, Adventure, Drama, Fantasy",293714,"2001-01-12","Ang Lee"
tt0203009,6,2012-03-14,"Moulin Rouge!","Moulin Rouge!",https://www.imdb.com/title/tt0203009,Movie,7.5,127,2001,"Musical, Romance, Drama",313868,"2001-06-01","Baz Luhrmann"
tt0375063,7,2012-03-14,"Sideways","Sideways",https://www.imdb.com/title/tt0375063,Movie,7.5,127,2004,"Comedy, Drama, Romance",216611,"2004-10-22","Alexander Payne"
tt0477348,9,2012-03-14,"No Country for Old Men","No Country for Old Men",https://www.imdb.com/title/tt0477348,Movie,8.2,122,2007,"Thriller, Crime, Drama",1183397,"2007-11-21","Ethan Coen,Joel Coen"
tt0929425,8,2012-03-14,"Gomorrah","Gomorra",https://www.imdb.com/title/tt0929425,Movie,7.0,137,2008,"Drama, Crime",53127,"2009-04-10","Matteo Garrone"
tt1125849,6,2012-03-14,"The Wrestler","The Wrestler",https://www.imdb.com/title/tt1125849,Movie,7.9,109,2008,"Drama, Sport",330781,"2009-01-30","Darren Aronofsky"
tt1832382,9,2012-03-14,"A Separation","Jodaeiye Nader az Simin",https://www.imdb.com/title/tt1832382,Movie,8.3,123,2011,"Drama",277069,"2011-03-16","Asghar Farhadi"
tt1440232,9,2012-03-14,"Little White Lies","Les petits mouchoirs",https://www.imdb.com/title/tt1440232,Movie,7.1,154,2010,"Comedy, Drama",28282,"2010-10-20","Guillaume Canet"
tt0914863,6,2012-03-10,"Unthinkable","Unthinkable",https://www.imdb.com/title/tt0914863,Movie,7.0,97,2010,"Drama, Thriller, Crime",99933,"2010-05-26","Gregor Jordan"
tt1462758,5,2012-03-09,"Buried","Buried",https://www.imdb.com/title/tt1462758,Movie,7.0,95,2010,"Mystery, Thriller, Drama",176075,"2010-10-15","Rodrigo Cortés"
tt0970179,6,2012-02-21,"Hugo","Hugo",https://www.imdb.com/title/tt0970179,Movie,7.5,126,2011,"Adventure, Mystery, Drama, Fantasy, Family",348792,"2011-11-23","Martin Scorsese"
tt1068646,5,2012-01-27,"The Class","Entre les murs",https://www.imdb.com/title/tt1068646,Movie,7.5,128,2008,"Drama",37467,"2009-03-13","Laurent Cantet"
tt1625155,8,2012-01-26,"Blood of My Blood","Sangue do Meu Sangue",https://www.imdb.com/title/tt1625155,Movie,7.3,131,2011,"Drama, Thriller",2163,"2011-10-05","João Canijo"
tt1805297,8,2012-01-24,"The Women on the 6th Floor","Les femmes du 6e étage",https://www.imdb.com/title/tt1805297,Movie,7.1,102,2010,"Comedy",10968,"2011-10-07","Philippe Le Guay"
tt0119643,7,2012-01-23,"Meet Joe Black","Meet Joe Black",https://www.imdb.com/title/tt0119643,Movie,7.2,178,1998,"Drama, Romance, Fantasy",298947,"1998-11-13","Martin Brest"
tt0327919,6,2012-01-21,"I Am David","I Am David",https://www.imdb.com/title/tt0327919,Movie,7.1,90,2003,"Drama, Adventure",8582,"2004-12-03","Paul Feig"
tt0099818,6,2012-01-21,"I Hired a Contract Killer","I Hired a Contract Killer",https://www.imdb.com/title/tt0099818,Movie,7.1,79,1990,"Comedy, Romance, Crime, Drama",8841,"1990-10-12","Aki Kaurismäki"
tt0086199,6,2012-01-21,"Crime and Punishment","Rikos ja rangaistus",https://www.imdb.com/title/tt0086199,Movie,7.0,93,1983,"Crime, Drama",3726,"1983-12-02","Aki Kaurismäki"
tt0313792,6,2012-01-20,"Anything Else","Anything Else",https://www.imdb.com/title/tt0313792,Movie,6.3,108,2003,"Romance, Comedy",34223,"2003-09-19","Woody Allen"
tt0390384,5,2012-01-20,"Primer","Primer",https://www.imdb.com/title/tt0390384,Movie,6.7,77,2004,"Drama, Thriller, Sci-Fi",121280,"2005-05-25","Shane Carruth"
tt0363163,7,2012-01-20,"Downfall","Der Untergang",https://www.imdb.com/title/tt0363163,Movie,8.2,156,2004,"Drama, War, Biography, History",399426,"2005-04-08","Oliver Hirschbiegel"
tt0411705,5,2012-01-15,"9 Songs","9 Songs",https://www.imdb.com/title/tt0411705,Movie,4.7,71,2004,"Drama, Music, Romance",25412,"2005-03-11","Michael Winterbottom"
tt0430576,7,2012-01-15,"The Secret Life of Words","The Secret Life of Words",https://www.imdb.com/title/tt0430576,Movie,7.4,115,2005,"Drama, Romance",13657,"2005-10-21","Isabel Coixet"
tt0105750,7,2012-01-14,"The Bohemian Life","La vie de bohème",https://www.imdb.com/title/tt0105750,Movie,7.6,103,1992,"Comedy, Romance, Drama",7163,"1993-07-29","Aki Kaurismäki"
tt0128442,7,2012-01-14,"Rounders","Rounders",https://www.imdb.com/title/tt0128442,Movie,7.3,121,1998,"Crime, Drama",169316,"1998-09-11","John Dahl"
tt0443543,7,2012-01-14,"The Illusionist","The Illusionist",https://www.imdb.com/title/tt0443543,Movie,7.5,110,2006,"Drama, Romance, Mystery, Thriller, Fantasy",403764,"2006-09-01","Neil Burger"
tt0100150,7,2012-01-14,"Miller's Crossing","Miller's Crossing",https://www.imdb.com/title/tt0100150,Movie,7.7,115,1990,"Thriller, Crime, Drama",149085,"1990-10-05","Joel Coen,Ethan Coen"
tt0094675,7,2012-01-12,"Ariel","Ariel",https://www.imdb.com/title/tt0094675,Movie,7.4,72,1988,"Romance, Crime, Drama, Comedy",9711,"1990-10","Aki Kaurismäki"
tt0098532,6,2012-01-12,"The Match Factory Girl","Tulitikkutehtaan tyttö",https://www.imdb.com/title/tt0098532,Movie,7.5,69,1990,"Comedy, Crime, Drama",13537,"1992-11-06","Aki Kaurismäki"
tt0445760,4,2012-01-12,"The Wayward Cloud","Tian bian yi duo yun",https://www.imdb.com/title/tt0445760,Movie,6.5,112,2005,"Musical, Comedy, Drama",5969,"2005-03-18","Tsai Ming-liang"
tt0116752,6,2012-01-09,"Drifting Clouds","Kauas pilvet karkaavat",https://www.imdb.com/title/tt0116752,Movie,7.6,95,1996,"Drama, Comedy",10565,"1998-07-10","Aki Kaurismäki"
tt0093058,8,2012-01-06,"Full Metal Jacket","Full Metal Jacket",https://www.imdb.com/title/tt0093058,Movie,8.2,116,1987,"Drama, War",848732,"1987-07-10","Stanley Kubrick"
tt1568346,8,2012-01-05,"The Girl with the Dragon Tattoo","The Girl with the Dragon Tattoo",https://www.imdb.com/title/tt1568346,Movie,7.8,158,2011,"Drama, Thriller, Crime, Mystery",527041,"2011-12-21","David Fincher"
tt0367859,5,2012-01-03,"The Man Who Copied","O Homem que Copiava",https://www.imdb.com/title/tt0367859,Movie,7.6,124,2003,"Comedy, Crime, Drama, Romance",12614,"2003-06-13","Jorge Furtado"
tt0362269,5,2012-01-02,"Kinsey","Kinsey",https://www.imdb.com/title/tt0362269,Movie,7.0,118,2004,"Drama, Biography, Romance",52556,"2005-01-07","Bill Condon"
tt0411061,6,2012-01-01,"88 Minutes","88 Minutes",https://www.imdb.com/title/tt0411061,Movie,5.9,108,2007,"Drama, Thriller, Mystery, Crime",80321,"2008-04-18","Jon Avnet"
tt0254455,8,2011-12-30,"Sex and Lucía","Lucía y el sexo",https://www.imdb.com/title/tt0254455,Movie,7.0,128,2001,"Romance, Drama",40523,"2001-08-24","Julio Medem"
tt1498569,7,2011-12-29,"Restless","Restless",https://www.imdb.com/title/tt1498569,Movie,6.7,91,2011,"Drama, Romance",18741,"2011-04-06","Gus Van Sant"
tt1189073,8,2011-12-29,"The Skin I Live In","La piel que habito",https://www.imdb.com/title/tt1189073,Movie,7.6,120,2011,"Thriller, Drama, Mystery",179722,"2011-09-02","Pedro Almodóvar"
tt0111149,7,2011-12-28,"Shallow Grave","Shallow Grave",https://www.imdb.com/title/tt0111149,Movie,7.2,89,1994,"Crime, Drama, Thriller",70664,"1995-02-10","Danny Boyle"
tt0086250,8,2011-12-19,"Scarface","Scarface",https://www.imdb.com/title/tt0086250,Movie,8.3,170,1983,"Crime, Drama",1011189,"1983-12-09","Brian De Palma"
tt0780504,6,2011-12-19,"Drive","Drive",https://www.imdb.com/title/tt0780504,Movie,7.8,100,2011,"Drama, Action",759792,"2011-09-16","Nicolas Winding Refn"
tt1639426,8,2011-12-17,"Udaan","Udaan",https://www.imdb.com/title/tt1639426,Movie,8.1,134,2010,"Drama",49779,"2010-07-16","Vikramaditya Motwane"
tt0404203,7,2011-12-17,"Little Children","Little Children",https://www.imdb.com/title/tt0404203,Movie,7.5,137,2006,"Drama, Romance",121781,"2007-02-09","Todd Field"
tt0913425,7,2011-12-15,"Broken Embraces","Los abrazos rotos",https://www.imdb.com/title/tt0913425,Movie,7.2,127,2009,"Drama, Thriller, Romance",44117,"2010-01-15","Pedro Almodóvar"
tt0278504,7,2011-12-15,"Insomnia","Insomnia",https://www.imdb.com/title/tt0278504,Movie,7.2,118,2002,"Mystery, Drama, Thriller",341363,"2002-05-24","Christopher Nolan"
tt1013753,6,2011-12-14,"Milk","Milk",https://www.imdb.com/title/tt1013753,Movie,7.5,128,2008,"Biography, Drama, History",185808,"2009-01-30","Gus Van Sant"
tt0976051,8,2011-12-14,"The Reader","The Reader",https://www.imdb.com/title/tt0976051,Movie,7.6,124,2008,"Drama, Romance, Mystery",273488,"2009-01-30","Stephen Daldry"
tt0111495,7,2011-12-14,"Three Colors: Red","Trois couleurs: Rouge",https://www.imdb.com/title/tt0111495,Movie,8.1,99,1994,"Mystery, Romance, Drama",116674,"1994-11-23","Krzysztof Kieslowski"
tt0104797,5,2011-12-14,"Malcolm X","Malcolm X",https://www.imdb.com/title/tt0104797,Movie,7.7,202,1992,"Biography, History, Drama",110795,"1992-11-18","Spike Lee"
tt0335266,8,2011-12-14,"Lost in Translation","Lost in Translation",https://www.imdb.com/title/tt0335266,Movie,7.7,102,2003,"Comedy, Drama",527983,"2003-10-03","Sofia Coppola"
tt0106519,8,2011-12-11,"Carlito's Way","Carlito's Way",https://www.imdb.com/title/tt0106519,Movie,7.9,144,1993,"Crime, Thriller, Drama",247254,"1993-11-12","Brian De Palma"
tt1229822,6,2011-12-10,"Jane Eyre","Jane Eyre",https://www.imdb.com/title/tt1229822,Movie,7.3,120,2011,"Drama, Romance, Mystery",97563,"2011-04-22","Cary Joji Fukunaga"
tt1119646,6,2011-12-09,"The Hangover","The Hangover",https://www.imdb.com/title/tt1119646,Movie,7.7,100,2009,"Comedy",925698,"2009-06-05","Todd Phillips"
tt0230600,7,2011-12-09,"The Others","The Others",https://www.imdb.com/title/tt0230600,Movie,7.6,104,2001,"Mystery, Thriller, Horror",425801,"2001-08-10","Alejandro Amenábar"
tt1205489,7,2011-12-09,"Gran Torino","Gran Torino",https://www.imdb.com/title/tt1205489,Movie,8.1,116,2008,"Drama",859796,"2009-01-09","Clint Eastwood"
tt1120985,7,2011-12-09,"Blue Valentine","Blue Valentine",https://www.imdb.com/title/tt1120985,Movie,7.3,112,2010,"Romance, Drama",224901,"2011-01-28","Derek Cianfrance"
tt0099487,8,2011-12-09,"Edward Scissorhands","Edward Scissorhands",https://www.imdb.com/title/tt0099487,Movie,7.8,105,1990,"Drama, Romance, Fantasy",563585,"1990-12-14","Tim Burton"
tt0301357,6,2011-12-09,"Good Bye Lenin!","Good Bye Lenin!",https://www.imdb.com/title/tt0301357,Movie,7.7,121,2003,"Romance, Comedy, Drama",159495,"2004-05-14","Wolfgang Becker"
tt0119008,7,2011-12-09,"Donnie Brasco","Donnie Brasco",https://www.imdb.com/title/tt0119008,Movie,7.7,127,1997,"Biography, Crime, Drama",355358,"1997-02-28","Mike Newell"
tt1210042,6,2011-12-09,"Brooklyn's Finest","Brooklyn's Finest",https://www.imdb.com/title/tt1210042,Movie,6.7,132,2009,"Crime, Drama, Thriller",68748,"2010-03-05","Antoine Fuqua"
tt0497465,7,2011-12-09,"Vicky Cristina Barcelona","Vicky Cristina Barcelona",https://www.imdb.com/title/tt0497465,Movie,7.1,96,2008,"Drama, Romance, Comedy",280137,"2008-08-15","Woody Allen"
tt1527186,5,2011-12-07,"Melancholia","Melancholia",https://www.imdb.com/title/tt1527186,Movie,7.1,135,2011,"Drama, Sci-Fi",207680,"2011-05-26","Lars von Trier"
tt1226236,7,2011-12-07,"I Am Love","Io sono l'amore",https://www.imdb.com/title/tt1226236,Movie,7.0,120,2009,"Drama, Romance",25601,"2010-07-23","Luca Guadagnino"
tt0473705,6,2011-12-07,"State of Play","State of Play",https://www.imdb.com/title/tt0473705,Movie,7.1,127,2009,"Drama, Mystery, Thriller, Crime",166185,"2009-04-17","Kevin Macdonald"
tt1456472,6,2011-12-04,"We Have a Pope","Habemus Papam",https://www.imdb.com/title/tt1456472,Movie,6.7,102,2011,"Drama, Comedy",15312,"2011-04-15","Nanni Moretti"
tt1440292,6,2011-12-03,"Submarine","Submarine",https://www.imdb.com/title/tt1440292,Movie,7.3,97,2010,"Comedy, Drama, Romance",100779,"2011-03-18","Richard Ayoade"
tt0075314,8,2011-12-01,"Taxi Driver","Taxi Driver",https://www.imdb.com/title/tt0075314,Movie,8.2,114,1976,"Crime, Drama",1022249,"1976-02-09","Martin Scorsese"
tt0460740,5,2011-11-30,"Cashback","Cashback",https://www.imdb.com/title/tt0460740,Movie,7.1,102,2006,"Drama, Romance, Comedy",94679,"2006-11-21","Sean Ellis"
tt0808279,6,2011-11-22,"Funny Games","Funny Games",https://www.imdb.com/title/tt0808279,Movie,6.5,111,2007,"Thriller, Drama, Crime",110067,"2008-04-04","Michael Haneke"
tt0765120,6,2011-11-20,"My Blueberry Nights","My Blueberry Nights",https://www.imdb.com/title/tt0765120,Movie,6.6,95,2007,"Romance, Drama",58616,"2007-11-28","Wong Kar-Wai"
tt0117776,5,2011-11-18,"Sudden Terror: The Hijacking of School Bus #17","Sudden Terror: The Hijacking of School Bus #17",https://www.imdb.com/title/tt0117776,TV Movie,4.6,91,1996,"Drama, Thriller",577,"1996-10-13","Paul Schneider"
tt1010048,8,2011-11-18,"Slumdog Millionaire","Slumdog Millionaire",https://www.imdb.com/title/tt1010048,Movie,8.0,120,2008,"Drama, Romance, Crime",908793,"2008-12-25","Danny Boyle,Loveleen Tandan"
tt0955308,6,2011-11-17,"Robin Hood","Robin Hood",https://www.imdb.com/title/tt0955308,Movie,6.6,140,2010,"Drama, Action, History, Adventure",295819,"2010-05-14","Ridley Scott"
tt0489458,6,2011-11-16,"O Cheiro do Ralo","O Cheiro do Ralo",https://www.imdb.com/title/tt0489458,Movie,7.3,112,2006,"Comedy, Drama",6015,"2007-03-23","Heitor Dhalia"
tt0167404,8,2011-11-15,"The Sixth Sense","The Sixth Sense",https://www.imdb.com/title/tt0167404,Movie,8.2,107,1999,"Mystery, Drama, Thriller",1140289,"1999-08-06","M. Night Shyamalan"
tt1039960,7,2011-11-13,"Estômago","Estômago",https://www.imdb.com/title/tt1039960,Movie,7.8,113,2007,"Drama, Comedy, Crime",9876,"2008-04-11","Marcos Jorge"
tt0947798,8,2011-11-10,"Black Swan","Black Swan",https://www.imdb.com/title/tt0947798,Movie,8.0,108,2010,"Drama, Thriller",886545,"2010-12-17","Darren Aronofsky"
tt0211946,7,2011-11-10,"Berlin Calling","Berlin Calling",https://www.imdb.com/title/tt0211946,Movie,7.2,109,2008,"Comedy, Drama, Music",15898,"2008-10-02","Hannes Stöhr"
tt1605783,7,2011-11-07,"Midnight in Paris","Midnight in Paris",https://www.imdb.com/title/tt1605783,Movie,7.6,94,2011,"Comedy, Romance, Fantasy",470334,"2011-06-10","Woody Allen"
tt0780536,4,2011-10-08,"In Bruges","In Bruges",https://www.imdb.com/title/tt0780536,Movie,7.9,107,2008,"Crime, Drama, Comedy, Thriller",492154,"2008-02-29","Martin McDonagh"
tt0443456,6,2011-09-18,"Breaking and Entering","Breaking and Entering",https://www.imdb.com/title/tt0443456,Movie,6.5,120,2006,"Drama, Romance, Crime",23780,"2006-11-10","Anthony Minghella"
tt0475276,5,2011-09-18,"United 93","United 93",https://www.imdb.com/title/tt0475276,Movie,7.6,111,2006,"Drama, Thriller, History, Action",115353,"2006-04-28","Paul Greengrass"
tt0420223,6,2011-09-18,"Stranger Than Fiction","Stranger Than Fiction",https://www.imdb.com/title/tt0420223,Movie,7.5,113,2006,"Fantasy, Drama, Romance, Comedy",244886,"2006-11-10","Marc Forster"
tt0427309,7,2011-09-15,"The Great Debaters","The Great Debaters",https://www.imdb.com/title/tt0427309,Movie,7.5,126,2007,"Drama, Biography, Romance",66305,"2007-12-25","Denzel Washington"
tt0880502,8,2011-09-14,"The Edge of Heaven","Auf der anderen Seite",https://www.imdb.com/title/tt0880502,Movie,7.7,116,2007,"Drama",35381,"2007-09-27","Fatih Akin"
tt0399095,6,2011-09-13,"Trade","Trade",https://www.imdb.com/title/tt0399095,Movie,7.3,120,2007,"Drama, Crime, Thriller",18912,"2007-10-18","Marco Kreuzpaintner"
tt0464141,9,2011-09-13,"The Orphanage","El orfanato",https://www.imdb.com/title/tt0464141,Movie,7.4,105,2007,"Drama, Mystery, Thriller, Horror",170216,"2008-01-11","J.A. Bayona"
tt0825236,9,2011-09-12,"Caramel","Sukkar banat",https://www.imdb.com/title/tt0825236,Movie,7.1,95,2007,"Comedy, Drama, Romance",15252,"2007-08-09","Nadine Labaki"
tt0472062,6,2011-09-12,"Charlie Wilson's War","Charlie Wilson's War",https://www.imdb.com/title/tt0472062,Movie,7.0,102,2007,"Drama, Biography, Comedy, History",130384,"2007-12-21","Mike Nichols"
tt0765429,6,2011-09-11,"American Gangster","American Gangster",https://www.imdb.com/title/tt0765429,Movie,7.8,157,2007,"Drama, Crime, Biography",484597,"2007-11-02","Ridley Scott"
tt0825232,5,2011-09-10,"The Bucket List","The Bucket List",https://www.imdb.com/title/tt0825232,Movie,7.3,97,2007,"Comedy, Drama, Adventure",271644,"2008-01-11","Rob Reiner"
tt0469623,6,2011-09-08,"Things We Lost in the Fire","Things We Lost in the Fire",https://www.imdb.com/title/tt0469623,Movie,7.1,118,2007,"Drama",30603,"2007-10-19","Susanne Bier"
tt1073241,6,2011-09-07,"Nothing But the Truth","Nothing But the Truth",https://www.imdb.com/title/tt1073241,Movie,7.1,108,2008,"Drama, Crime, Thriller, Mystery",41572,"2009-07-29","Rod Lurie"
tt1084950,5,2011-09-07,"Rachel Getting Married","Rachel Getting Married",https://www.imdb.com/title/tt1084950,Movie,6.7,113,2008,"Drama, Romance",53324,"2008-10-31","Jonathan Demme"
tt1068649,8,2011-09-05,"I've Loved You So Long","Il y a longtemps que je t'aime",https://www.imdb.com/title/tt1068649,Movie,7.6,117,2008,"Drama",21078,"2009-02-20","Philippe Claudel"
tt0758774,6,2011-09-05,"Body of Lies","Body of Lies",https://www.imdb.com/title/tt0758774,Movie,7.0,128,2008,"Drama, Thriller, Action",249984,"2008-10-10","Ridley Scott"
tt0936501,6,2011-09-05,"Taken","Taken",https://www.imdb.com/title/tt0936501,Movie,7.7,90,2008,"Action, Thriller, Crime",670310,"2009-01-30","Pierre Morel"
tt1117385,7,2011-09-05,"Felon","Felon",https://www.imdb.com/title/tt1117385,Movie,7.4,104,2008,"Thriller, Action, Drama",87770,"2008-07-18","Ric Roman Waugh"
tt0455824,6,2011-09-04,"Australia","Australia",https://www.imdb.com/title/tt0455824,Movie,6.6,165,2008,"Drama, War, Adventure, Romance, Western",133595,"2008-11-26","Baz Luhrmann"
tt0918927,6,2011-09-04,"Doubt","Doubt",https://www.imdb.com/title/tt0918927,Movie,7.5,104,2008,"Drama, Mystery",146351,"2008-12-25","John Patrick Shanley"
tt1034331,7,2011-09-04,"Righteous Kill","Righteous Kill",https://www.imdb.com/title/tt1034331,Movie,6.0,101,2008,"Crime, Mystery, Thriller",95805,"2008-09-12","Jon Avnet"
tt0814314,6,2011-09-04,"Seven Pounds","Seven Pounds",https://www.imdb.com/title/tt0814314,Movie,7.6,123,2008,"Drama, Mystery, Thriller",325466,"2008-12-19","Gabriele Muccino"
tt0064116,8,2011-09-03,"Once Upon a Time in the West","C'era una volta il West",https://www.imdb.com/title/tt0064116,Movie,8.5,145,1968,"Drama, Western",383128,"1969-07-04","Sergio Leone"
tt0133152,7,2011-09-02,"Planet of the Apes","Planet of the Apes",https://www.imdb.com/title/tt0133152,Movie,5.7,120,2001,"Adventure, Thriller, Sci-Fi, Action",241517,"2001-07-27","Tim Burton"
tt1318514,6,2011-09-02,"Rise of the Planet of the Apes","Rise of the Planet of the Apes",https://www.imdb.com/title/tt1318514,Movie,7.6,105,2011,"Action, Sci-Fi, Drama, Thriller",604294,"2011-08-05","Rupert Wyatt"
tt1078588,5,2011-08-31,"My Sister's Keeper","My Sister's Keeper",https://www.imdb.com/title/tt1078588,Movie,7.3,109,2009,"Drama, Family",102615,"2009-06-26","Nick Cassavetes"
tt0499549,6,2011-08-31,"Avatar","Avatar",https://www.imdb.com/title/tt0499549,Movie,7.9,162,2009,"Sci-Fi, Action, Adventure, Fantasy",1492300,"2009-12-18","James Cameron"
tt1403865,6,2011-08-30,"True Grit","True Grit",https://www.imdb.com/title/tt1403865,Movie,7.6,110,2010,"Drama, Western",375620,"2010-12-22","Ethan Coen,Joel Coen"
tt0964517,6,2011-08-30,"The Fighter","The Fighter",https://www.imdb.com/title/tt0964517,Movie,7.8,116,2010,"Drama, Sport, Biography, Action",407173,"2010-12-17","David O. Russell"
tt1130884,8,2011-08-30,"Shutter Island","Shutter Island",https://www.imdb.com/title/tt1130884,Movie,8.2,138,2010,"Thriller, Mystery, Drama",1637013,"2010-02-19","Martin Scorsese"
tt0988045,5,2011-08-29,"Sherlock Holmes","Sherlock Holmes",https://www.imdb.com/title/tt0988045,Movie,7.5,128,2009,"Adventure, Mystery, Action",705275,"2009-12-25","Guy Ritchie"
tt0964185,7,2011-08-29,"Tetro","Tetro",https://www.imdb.com/title/tt0964185,Movie,6.8,127,2009,"Drama",14254,"2009-06-26","Francis Ford Coppola"
tt1226774,5,2011-08-29,"In the Loop","In the Loop",https://www.imdb.com/title/tt1226774,Movie,7.4,106,2009,"Comedy",64139,"2009-09-04","Armando Iannucci"
tt0762073,8,2011-08-29,"Thirst","Bakjwi",https://www.imdb.com/title/tt0762073,Movie,7.1,134,2009,"Horror, Drama, Romance, Fantasy",54912,"2009-04-30","Park Chan-wook"
tt0765010,6,2011-08-29,"Brothers","Brothers",https://www.imdb.com/title/tt0765010,Movie,7.1,105,2009,"Drama, War, Thriller",171548,"2009-12-04","Jim Sheridan"
tt0810784,6,2011-08-29,"Bright Star","Bright Star",https://www.imdb.com/title/tt0810784,Movie,6.9,119,2009,"Drama, Romance, Biography",29778,"2009-10-09","Jane Campion"
tt1328634,6,2011-08-21,"New York","New York",https://www.imdb.com/title/tt1328634,Movie,6.8,153,2009,"Drama, Crime, Thriller",13014,"2009-06-26","Kabir Khan"
tt1305806,9,2011-08-14,"The Secret in Their Eyes","El secreto de sus ojos",https://www.imdb.com/title/tt1305806,Movie,8.2,129,2009,"Drama, Mystery, Thriller, Romance",241411,"2010-05-21","Juan José Campanella"
tt1132620,7,2011-08-14,"The Girl with the Dragon Tattoo","Män som hatar kvinnor",https://www.imdb.com/title/tt1132620,Movie,7.8,152,2009,"Thriller, Mystery, Drama, Crime",230298,"2010-04-30","Niels Arden Oplev"
tt0364569,8,2011-07-12,"Oldboy","Oldeuboi",https://www.imdb.com/title/tt0364569,Movie,8.3,120,2003,"Mystery, Thriller, Action, Drama",714946,"2003-11-21","Park Chan-wook"
tt1440741,5,2011-07-02,"From Beginning to End","Do Começo ao Fim",https://www.imdb.com/title/tt1440741,Movie,6.6,94,2009,"Drama, Romance",9033,"2009-11-27","Aluizio Abranches"
tt0758752,5,2011-05-23,"Love & Other Drugs","Love & Other Drugs",https://www.imdb.com/title/tt0758752,Movie,6.7,112,2010,"Drama, Comedy, Romance",250159,"2010-11-24","Edward Zwick"
tt1027718,5,2011-05-20,"Wall Street: Money Never Sleeps","Wall Street: Money Never Sleeps",https://www.imdb.com/title/tt1027718,Movie,6.2,133,2010,"Drama",109777,"2010-09-24","Oliver Stone"
tt0935075,6,2011-05-20,"Rabbit Hole","Rabbit Hole",https://www.imdb.com/title/tt0935075,Movie,6.9,91,2010,"Drama",52751,"2011-01-28","John Cameron Mitchell"
tt0842926,6,2011-05-17,"The Kids Are All Right","The Kids Are All Right",https://www.imdb.com/title/tt0842926,Movie,7.0,106,2010,"Comedy, Drama, Romance",137276,"2010-07-30","Lisa Cholodenko"
tt0119488,7,2011-05-17,"L.A. Confidential","L.A. Confidential",https://www.imdb.com/title/tt0119488,Movie,8.2,138,1997,"Crime, Drama, Thriller, Mystery",657478,"1997-09-19","Curtis Hanson"
tt0213847,8,2011-03-06,"Malena","Malèna",https://www.imdb.com/title/tt0213847,Movie,7.4,108,2000,"War, Romance, Drama",124320,"2001-02-02","Giuseppe Tornatore"
tt1139328,7,2011-01-28,"The Ghost Writer","The Ghost Writer",https://www.imdb.com/title/tt1139328,Movie,7.2,128,2010,"Mystery, Thriller, Drama, Crime",176531,"2010-03-19","Roman Polanski"
tt0087843,9,2010-11-17,"Once Upon a Time in America","C'era una volta in America",https://www.imdb.com/title/tt0087843,Movie,8.3,229,1984,"Crime, Drama",407669,"1984-06-01","Sergio Leone"
tt0401383,7,2010-11-16,"The Diving Bell and the Butterfly","Le scaphandre et le papillon",https://www.imdb.com/title/tt0401383,Movie,8.0,112,2007,"Drama, Biography",112795,"2008-02-01","Julian Schnabel"
tt0059578,9,2010-11-16,"For a Few Dollars More","Per qualche dollaro in più",https://www.imdb.com/title/tt0059578,Movie,8.2,132,1965,"Drama, Western",299326,"1967-05-10","Sergio Leone"
tt1285016,6,2010-11-16,"The Social Network","The Social Network",https://www.imdb.com/title/tt1285016,Movie,7.8,120,2010,"Drama, Biography",816628,"2010-10-01","David Fincher"
tt0258463,7,2010-11-16,"The Bourne Identity","The Bourne Identity",https://www.imdb.com/title/tt0258463,Movie,7.8,119,2002,"Mystery, Thriller, Action",611819,"2002-06-14","Doug Liman"
tt0450188,8,2010-11-16,"La Vie En Rose","La Môme",https://www.imdb.com/title/tt0450188,Movie,7.5,140,2007,"Drama, Biography, Music, Romance",93951,"2007-07-20","Olivier Dahan"
tt0423866,7,2010-09-30,"3-Iron","Binjip",https://www.imdb.com/title/tt0423866,Movie,7.9,88,2004,"Drama, Romance, Crime",61202,"2004-10-15","Kim Ki-duk"
tt0283431,7,2010-09-05,"Kandahar","Safar-e Ghandehar",https://www.imdb.com/title/tt0283431,Movie,6.8,81,2001,"Drama",7288,"2002-02-01","Mohsen Makhmalbaf"
tt0118694,9,2010-09-05,"In the Mood for Love","Fa yeung nin wah",https://www.imdb.com/title/tt0118694,Movie,8.0,98,2000,"Romance, Drama",187359,"2001-03-09","Wong Kar-Wai"
tt0252444,6,2010-09-02,"Rabbit-Proof Fence","Rabbit-Proof Fence",https://www.imdb.com/title/tt0252444,Movie,7.4,94,2002,"Biography, Adventure, Drama",31613,"2003-01-31","Phillip Noyce"
tt0091763,9,2010-05-28,"Platoon","Platoon",https://www.imdb.com/title/tt0091763,Movie,8.1,120,1986,"Drama, War",471538,"1986-12-19","Oliver Stone"
tt0099776,7,2010-05-28,"Europa Europa","Europa Europa",https://www.imdb.com/title/tt0099776,Movie,7.5,112,1990,"History, Drama, War",18601,"1990-11-14","Agnieszka Holland"
tt0067800,8,2010-05-09,"Straw Dogs","Straw Dogs",https://www.imdb.com/title/tt0067800,Movie,7.4,113,1971,"Crime, Drama, Thriller",68130,"1971-12-22","Sam Peckinpah"
tt0050212,8,2010-05-09,"The Bridge on the River Kwai","The Bridge on the River Kwai",https://www.imdb.com/title/tt0050212,Movie,8.1,161,1957,"Drama, War, Adventure",248148,"1957-12-14","David Lean"
tt0424227,7,2010-04-22,"Turtles Can Fly","Lakposhtha parvaz mikonand",https://www.imdb.com/title/tt0424227,Movie,8.0,98,2004,"Drama, War",22478,"2005-02-23","Bahman Ghobadi"
tt0390221,7,2010-03-24,"Maria Full of Grace","Maria Full of Grace",https://www.imdb.com/title/tt0390221,Movie,7.4,101,2004,"Drama, Crime",37526,"2004-08-06","Joshua Marston"
tt0790712,6,2010-03-23,"The Messenger","The Messenger",https://www.imdb.com/title/tt0790712,Movie,7.1,113,2009,"Drama, Romance, War",38430,"2009-12-04","Oren Moverman"
tt1135503,5,2010-03-23,"Julie & Julia","Julie & Julia",https://www.imdb.com/title/tt1135503,Movie,7.0,123,2009,"Biography, Drama, Romance",135904,"2009-08-07","Nora Ephron"
tt0443706,7,2010-03-19,"Zodiac","Zodiac",https://www.imdb.com/title/tt0443706,Movie,7.7,157,2007,"Drama, Thriller, Crime, Mystery",669777,"2007-03-02","David Fincher"
tt0257360,7,2010-03-14,"About Schmidt","About Schmidt",https://www.imdb.com/title/tt0257360,Movie,7.2,125,2002,"Drama",137946,"2003-01-03","Alexander Payne"
tt0338013,8,2010-03-14,"Eternal Sunshine of the Spotless Mind","Eternal Sunshine of the Spotless Mind",https://www.imdb.com/title/tt0338013,Movie,8.3,108,2004,"Drama, Sci-Fi, Romance",1178968,"2004-03-19","Michel Gondry"
tt1014759,8,2010-03-06,"Alice in Wonderland","Alice in Wonderland",https://www.imdb.com/title/tt1014759,Movie,6.4,108,2010,"Fantasy, Family, Adventure, Mystery",466695,"2010-03-05","Tim Burton"
tt1193138,5,2010-03-04,"Up in the Air","Up in the Air",https://www.imdb.com/title/tt1193138,Movie,7.4,109,2009,"Drama, Romance, Comedy",360291,"2009-12-23","Jason Reitman"
tt0370986,8,2010-02-28,"Mysterious Skin","Mysterious Skin",https://www.imdb.com/title/tt0370986,Movie,7.6,105,2004,"Drama",84860,"2005-06-24","Gregg Araki"
tt0099685,9,2010-02-26,"GoodFellas","GoodFellas",https://www.imdb.com/title/tt0099685,Movie,8.7,145,1990,"Biography, Crime, Drama",1385297,"1990-09-21","Martin Scorsese"
tt0264464,7,2010-02-26,"Catch Me If You Can","Catch Me If You Can",https://www.imdb.com/title/tt0264464,Movie,8.1,141,2002,"Drama, Biography, Crime",1229936,"2002-12-25","Steven Spielberg"
tt1206488,7,2010-02-10,"The Milk of Sorrow","La teta asustada",https://www.imdb.com/title/tt1206488,Movie,6.7,94,2009,"Drama, Music",7677,"2009-02-13","Claudia Llosa"
tt0878804,5,2010-02-10,"The Blind Side","The Blind Side",https://www.imdb.com/title/tt0878804,Movie,7.6,129,2009,"Drama, Sport, Biography",385724,"2009-11-20","John Lee Hancock"
tt1174732,7,2010-02-09,"An Education","An Education",https://www.imdb.com/title/tt1174732,Movie,7.2,100,2009,"Drama",141005,"2010-02-05","Lone Scherfig"
tt1178663,6,2010-02-08,"Whatever Works","Whatever Works",https://www.imdb.com/title/tt1178663,Movie,7.1,93,2009,"Comedy, Romance",79152,"2009-07-03","Woody Allen"
tt1019452,6,2010-02-08,"A Serious Man","A Serious Man",https://www.imdb.com/title/tt1019452,Movie,7.0,106,2009,"Drama, Comedy",158139,"2009-11-06","Ethan Coen,Joel Coen"
tt0898367,6,2010-02-05,"The Road","The Road",https://www.imdb.com/title/tt0898367,Movie,7.2,111,2009,"Drama, Thriller",270144,"2009-12-18","John Hillcoat"
tt1057500,7,2010-02-04,"Invictus","Invictus",https://www.imdb.com/title/tt1057500,Movie,7.3,134,2009,"Biography, Drama, History, Sport",174014,"2009-12-11","Clint Eastwood"
tt0042876,7,2010-02-03,"Rashomon","Rashômon",https://www.imdb.com/title/tt0042876,Movie,8.1,88,1950,"Crime, Mystery, Drama",195945,"1951-12-26","Akira Kurosawa"
tt0241303,7,2010-02-02,"Chocolat","Chocolat",https://www.imdb.com/title/tt0241303,Movie,7.2,121,2000,"Romance, Drama",210047,"2001-01-19","Lasse Hallström"
tt0060196,9,2010-02-02,"The Good, the Bad and the Ugly","Il buono, il brutto, il cattivo",https://www.imdb.com/title/tt0060196,Movie,8.8,178,1966,"Adventure, Drama, Western",888617,"1967-12-29","Sergio Leone"
tt0311519,7,2010-02-02,"The Man Without a Past","Mies vailla menneisyyttä",https://www.imdb.com/title/tt0311519,Movie,7.6,97,2002,"Romance, Drama, Comedy",28818,"2002-03-01","Aki Kaurismäki"
tt0487419,8,2010-02-01,"The Secret of the Grain","La graine et le mulet",https://www.imdb.com/title/tt0487419,Movie,7.4,151,2007,"Drama",8255,"2007-12-12","Abdellatif Kechiche"
tt0056869,7,2010-01-25,"The Birds","The Birds",https://www.imdb.com/title/tt0056869,Movie,7.6,119,1963,"Drama, Mystery, Romance, Horror",219542,"1963-03-29","Alfred Hitchcock"
tt0448134,5,2010-01-25,"Sunshine","Sunshine",https://www.imdb.com/title/tt0448134,Movie,7.2,107,2007,"Sci-Fi, Thriller",285874,"2007-07-27","Danny Boyle"
tt0277434,8,2010-01-21,"We Were Soldiers","We Were Soldiers",https://www.imdb.com/title/tt0277434,Movie,7.2,138,2002,"History, Drama, War, Action",159297,"2002-03-01","Randall Wallace"
tt0265666,7,2010-01-20,"The Royal Tenenbaums","The Royal Tenenbaums",https://www.imdb.com/title/tt0265666,Movie,7.6,110,2001,"Drama, Comedy",333829,"2002-01-04","Wes Anderson"
tt0387131,8,2010-01-18,"The Constant Gardener","The Constant Gardener",https://www.imdb.com/title/tt0387131,Movie,7.3,129,2005,"Drama, Thriller, Mystery, Romance",155578,"2005-08-31","Fernando Meirelles"
tt0344510,7,2010-01-18,"A Very Long Engagement","Un long dimanche de fiançailles",https://www.imdb.com/title/tt0344510,Movie,7.6,133,2004,"Drama, Mystery, Romance, War",77863,"2005-01-14","Jean-Pierre Jeunet"
tt0388795,6,2010-01-18,"Brokeback Mountain","Brokeback Mountain",https://www.imdb.com/title/tt0388795,Movie,7.7,134,2005,"Drama, Romance",415718,"2006-01-13","Ang Lee"
tt0310910,6,2010-01-18,"Confidence","Confidence",https://www.imdb.com/title/tt0310910,Movie,6.6,97,2003,"Thriller, Crime",36345,"2003-04-25","James Foley"
tt1174691,6,2010-01-18,"Era Uma Vez...","Era Uma Vez...",https://www.imdb.com/title/tt1174691,Movie,7.0,117,2008,"Drama, Romance",1532,"2008-07-25","Breno Silveira"
tt0445620,8,2010-01-18,"Paradise Now","Paradise Now",https://www.imdb.com/title/tt0445620,Movie,7.4,91,2005,"Drama, Crime, Thriller, War",24843,"2005-11-18","Hany Abu-Assad"
tt0468565,9,2010-01-18,"Tsotsi","Tsotsi",https://www.imdb.com/title/tt0468565,Movie,7.2,94,2005,"Crime, Drama",32320,"2006-03-31","Gavin Hood"
tt0870984,7,2010-01-18,"Antichrist","Antichrist",https://www.imdb.com/title/tt0870984,Movie,6.5,108,2009,"Horror, Drama, Thriller",144524,"2009-05-20","Lars von Trier"
tt0388505,9,2010-01-18,"Live and Become","Va, vis et deviens",https://www.imdb.com/title/tt0388505,Movie,7.8,140,2005,"Drama",6578,"2008-02-01","Radu Mihaileanu"
tt0361596,7,2010-01-18,"Fahrenheit 9/11","Fahrenheit 9/11",https://www.imdb.com/title/tt0361596,Movie,7.5,122,2004,"Documentary, Drama, War",134952,"2004-06-25","Michael Moore"
tt0421082,9,2010-01-17,"Control","Control",https://www.imdb.com/title/tt0421082,Movie,7.6,122,2007,"Drama, Biography, Music",71493,"2007-09-26","Anton Corbijn"
tt0467406,6,2010-01-16,"Juno","Juno",https://www.imdb.com/title/tt0467406,Movie,7.4,96,2007,"Comedy, Drama",571552,"2007-12-25","Jason Reitman"
tt0887912,8,2010-01-16,"The Hurt Locker","The Hurt Locker",https://www.imdb.com/title/tt0887912,Movie,7.5,131,2008,"Thriller, Drama, War",495628,"2009-07-31","Kathryn Bigelow"
tt1235166,7,2010-01-16,"A Prophet","Un prophète",https://www.imdb.com/title/tt1235166,Movie,7.8,155,2009,"Crime, Drama",107306,"2010-03-26","Jacques Audiard"
tt0780571,6,2010-01-14,"Mr. Brooks","Mr. Brooks",https://www.imdb.com/title/tt0780571,Movie,7.2,120,2007,"Drama, Thriller, Crime, Mystery",163240,"2007-06-01","Bruce A. Evans"
tt0482572,7,2010-01-14,"Pride and Glory","Pride and Glory",https://www.imdb.com/title/tt0482572,Movie,6.6,130,2008,"Drama, Crime, Thriller",65532,"2008-10-24","Gavin O'Connor"
tt0478134,7,2010-01-14,"In the Valley of Elah","In the Valley of Elah",https://www.imdb.com/title/tt0478134,Movie,7.1,121,2007,"Drama, Mystery, Crime",77329,"2007-09-28","Paul Haggis"
tt0119396,8,2010-01-11,"Jackie Brown","Jackie Brown",https://www.imdb.com/title/tt0119396,Movie,7.5,154,1997,"Drama, Crime, Thriller",402888,"1997-12-25","Quentin Tarantino"
tt0108399,7,2010-01-11,"True Romance","True Romance",https://www.imdb.com/title/tt0108399,Movie,7.9,119,1993,"Thriller, Drama, Crime, Romance",260187,"1993-09-10","Tony Scott"
tt0445922,8,2010-01-10,"Across the Universe","Across the Universe",https://www.imdb.com/title/tt0445922,Movie,7.3,133,2007,"Musical, Drama, Romance, Fantasy, Music, History",117564,"2007-10-12","Julie Taymor"
tt0396171,8,2010-01-07,"Perfume: The Story of a Murderer","Perfume: The Story of a Murderer",https://www.imdb.com/title/tt0396171,Movie,7.5,147,2006,"Drama, Crime, Fantasy",278576,"2007-01-05","Tom Tykwer"
tt0421715,8,2010-01-07,"The Curious Case of Benjamin Button","The Curious Case of Benjamin Button",https://www.imdb.com/title/tt0421715,Movie,7.8,166,2008,"Romance, Drama, Fantasy",742992,"2008-12-25","David Fincher"
tt0109830,6,2010-01-07,"Forrest Gump","Forrest Gump",https://www.imdb.com/title/tt0109830,Movie,8.8,142,1994,"Romance, Drama",2485330,"1994-07-06","Robert Zemeckis"
tt0455590,7,2010-01-06,"The Last King of Scotland","The Last King of Scotland",https://www.imdb.com/title/tt0455590,Movie,7.6,123,2006,"Drama, Biography, History, Thriller",205502,"2007-01-19","Kevin Macdonald"
tt0985699,6,2010-01-04,"Valkyrie","Valkyrie",https://www.imdb.com/title/tt0985699,Movie,7.1,121,2008,"Thriller, War, Drama, History",274385,"2008-12-25","Bryan Singer"
tt0266697,6,2009-12-29,"Kill Bill: Vol. 1","Kill Bill: Vol. 1",https://www.imdb.com/title/tt0266697,Movie,8.2,111,2003,"Action, Thriller, Crime",1301892,"2003-10-10","Quentin Tarantino"
tt0407887,7,2009-12-29,"The Departed","The Departed",https://www.imdb.com/title/tt0407887,Movie,8.5,151,2006,"Crime, Drama, Thriller",1548208,"2006-10-06","Martin Scorsese"
tt0378194,7,2009-12-29,"Kill Bill: Vol. 2","Kill Bill: Vol. 2",https://www.imdb.com/title/tt0378194,Movie,8.0,137,2004,"Thriller, Crime, Action",867112,"2004-04-16","Quentin Tarantino"
tt0118715,6,2009-12-29,"The Big Lebowski","The Big Lebowski",https://www.imdb.com/title/tt0118715,Movie,8.1,117,1998,"Crime, Comedy",914702,"1998-03-06","Joel Coen,Ethan Coen"
tt1185616,8,2009-12-29,"Waltz with Bashir","Vals Im Bashir",https://www.imdb.com/title/tt1185616,Movie,8.0,90,2008,"Animation, Documentary, Biography, Drama, War, History, Mystery",62557,"2008-06-12","Ari Folman"
tt0978759,6,2009-12-25,"Frozen River","Frozen River",https://www.imdb.com/title/tt0978759,Movie,7.1,97,2008,"Drama, Crime",27176,"2008-09-05","Courtney Hunt"
tt0443680,7,2009-12-25,"The Assassination of Jesse James by the Coward Robert Ford","The Assassination of Jesse James by the Coward Robert Ford",https://www.imdb.com/title/tt0443680,Movie,7.5,160,2007,"Drama, Biography, Crime, Western, History",203720,"2007-10-19","Andrew Dominik"
tt0780516,7,2009-12-22,"Flawless","Flawless",https://www.imdb.com/title/tt0780516,Movie,6.7,108,2007,"Crime, Drama, Thriller",28296,"2008-03-28","Michael Radford"
tt1059786,5,2009-12-22,"Eagle Eye","Eagle Eye",https://www.imdb.com/title/tt1059786,Movie,6.6,118,2008,"Thriller, Action, Mystery",201505,"2008-09-26","D.J. Caruso"
tt0870111,7,2009-12-22,"Frost/Nixon","Frost/Nixon",https://www.imdb.com/title/tt0870111,Movie,7.6,122,2008,"Drama, Biography, History",115845,"2009-01-23","Ron Howard"
tt0376968,7,2009-12-22,"The Return","Vozvrashchenie",https://www.imdb.com/title/tt0376968,Movie,7.9,110,2003,"Drama",49414,"2003-06-25","Andrey Zvyagintsev"
tt0092890,5,2009-12-22,"Dirty Dancing","Dirty Dancing",https://www.imdb.com/title/tt0092890,Movie,7.1,100,1987,"Music, Romance, Drama",279129,"1987-08-21","Emile Ardolino"
tt0765443,7,2009-12-17,"Eastern Promises","Eastern Promises",https://www.imdb.com/title/tt0765443,Movie,7.6,100,2007,"Thriller, Crime, Drama",276918,"2007-09-21","David Cronenberg"
tt0887883,6,2009-12-16,"Burn After Reading","Burn After Reading",https://www.imdb.com/title/tt0887883,Movie,7.0,96,2008,"Comedy, Drama, Crime, Thriller",375200,"2008-09-12","Ethan Coen,Joel Coen"
tt0293007,7,2009-12-16,"Carandiru","Carandiru",https://www.imdb.com/title/tt0293007,Movie,7.6,145,2003,"Crime, Drama",24637,"2003-04-11","Hector Babenco"
tt0112641,8,2009-12-16,"Casino","Casino",https://www.imdb.com/title/tt0112641,Movie,8.2,178,1995,"Crime, Drama",616900,"1995-11-22","Martin Scorsese"
tt0317248,8,2009-12-16,"City of God","Cidade de Deus",https://www.imdb.com/title/tt0317248,Movie,8.6,130,2002,"Drama, Crime",868027,"2004-02-13","Fernando Meirelles,Kátia Lund"
tt0292963,6,2009-12-16,"Before the Devil Knows You're Dead","Before the Devil Knows You're Dead",https://www.imdb.com/title/tt0292963,Movie,7.3,117,2007,"Crime, Drama, Thriller",121837,"2007-10-26","Sidney Lumet"
tt0399146,6,2009-12-15,"A History of Violence","A History of Violence",https://www.imdb.com/title/tt0399146,Movie,7.4,96,2005,"Drama, Thriller, Action, Crime",272154,"2005-09-30","David Cronenberg"
tt0101507,6,2009-12-15,"Boyz n the Hood","Boyz n the Hood",https://www.imdb.com/title/tt0101507,Movie,7.8,112,1991,"Crime, Drama",167967,"1991-07-12","John Singleton"
tt0783233,8,2009-12-15,"Atonement","Atonement",https://www.imdb.com/title/tt0783233,Movie,7.8,123,2007,"Drama, Romance, Mystery, War",327548,"2008-01-11","Joe Wright"
tt0106489,8,2009-12-15,"A Bronx Tale","A Bronx Tale",https://www.imdb.com/title/tt0106489,Movie,7.8,121,1993,"Crime, Drama",184109,"1993-10-01","Robert De Niro"
tt0381849,8,2009-12-13,"3:10 to Yuma","3:10 to Yuma",https://www.imdb.com/title/tt0381849,Movie,7.6,122,2007,"Western, Drama, Crime, Action",350397,"2007-09-07","James Mangold"
tt0478087,6,2009-12-13,"21","21",https://www.imdb.com/title/tt0478087,Movie,6.8,123,2008,"Drama, Crime, Thriller",280577,"2008-03-28","Robert Luketic"
tt1032846,7,2009-12-13,"4 Months, 3 Weeks and 2 Days","4 luni, 3 saptamâni si 2 zile",https://www.imdb.com/title/tt1032846,Movie,7.9,113,2007,"Drama",65689,"2007-09-14","Cristian Mungiu"
tt0346336,10,2009-01-12,"The Best of Youth","La meglio gioventù",https://www.imdb.com/title/tt0346336,Movie,8.4,374,2003,"Romance, Drama",27909,"2003-06-20","Marco Tullio Giordana"
tt0307901,8,2008-08-10,"25th Hour","25th Hour",https://www.imdb.com/title/tt0307901,Movie,7.6,135,2002,"Drama",191343,"2003-01-10","Spike Lee"
tt0117318,6,2008-08-10,"The People vs. Larry Flynt","The People vs. Larry Flynt",https://www.imdb.com/title/tt0117318,Movie,7.3,130,1996,"Biography, Drama",105597,"1997-01-10","Miloš Forman"
tt0317740,5,2008-08-10,"The Italian Job","The Italian Job",https://www.imdb.com/title/tt0317740,Movie,7.0,111,2003,"Thriller, Crime, Action",406314,"2003-05-30","F. Gary Gray"
tt0120679,7,2008-08-10,"Frida","Frida",https://www.imdb.com/title/tt0120679,Movie,7.3,123,2002,"Biography, Romance, Drama",101345,"2002-11-22","Julie Taymor"
tt0120902,5,2008-08-08,"The X Files","The X Files",https://www.imdb.com/title/tt0120902,Movie,7.0,121,1998,"Mystery, Drama, Adventure, Sci-Fi, Thriller",114549,"1998-06-19","Rob Bowman"
tt0861739,9,2008-07-30,"Elite Squad","Tropa de Elite",https://www.imdb.com/title/tt0861739,Movie,8.0,115,2007,"Drama, Crime, Thriller, Action",119146,"2007-10-12","José Padilha"
tt0494271,8,2008-05-29,"The Unknown Woman","La sconosciuta",https://www.imdb.com/title/tt0494271,Movie,7.4,118,2006,"Drama, Thriller, Mystery",16775,"2006-10-20","Giuseppe Tornatore"
tt0244316,9,2008-05-28,"Yi Yi","Yi yi",https://www.imdb.com/title/tt0244316,Movie,8.1,173,2000,"Drama",33812,"2000-12-16","Edward Yang"
tt0078788,9,2008-05-28,"Apocalypse Now","Apocalypse Now",https://www.imdb.com/title/tt0078788,Movie,8.4,147,1979,"Drama, Mystery, War",768085,"1979-08-15","Francis Ford Coppola"
tt0057869,7,2008-04-08,"Band of Outsiders","Bande à part",https://www.imdb.com/title/tt0057869,Movie,7.6,95,1964,"Drama, Comedy, Crime",28833,"1964-08-05","Jean-Luc Godard"
tt0069191,7,2008-04-08,"Roma","Roma",https://www.imdb.com/title/tt0069191,Movie,7.3,120,1972,"Comedy, Drama",14834,"1972-10-15","Federico Fellini"
tt0071853,7,2008-03-24,"Monty Python and the Holy Grail","Monty Python and the Holy Grail",https://www.imdb.com/title/tt0071853,Movie,8.2,91,1975,"Adventure, Fantasy, Comedy",602226,"1975-07-18","Terry Gilliam,Terry Jones"
tt0117381,7,2008-03-24,"Primal Fear","Primal Fear",https://www.imdb.com/title/tt0117381,Movie,7.7,129,1996,"Crime, Mystery, Drama, Thriller",281601,"1996-04-03","Gregory Hoblit"
tt0071315,8,2008-03-11,"Chinatown","Chinatown",https://www.imdb.com/title/tt0071315,Movie,8.1,130,1974,"Drama, Thriller, Mystery",376082,"1974-06-20","Roman Polanski"
tt0804522,6,2008-03-11,"Rendition","Rendition",https://www.imdb.com/title/tt0804522,Movie,6.8,122,2007,"Thriller, Drama",59812,"2007-10-19","Gavin Hood"
tt0445336,6,2008-03-06,"You, the Living","Du levande",https://www.imdb.com/title/tt0445336,Movie,7.4,95,2007,"Comedy, Drama, Music",16951,"2007-09-21","Roy Andersson"
tt0808417,8,2008-02-26,"Persepolis","Persepolis",https://www.imdb.com/title/tt0808417,Movie,8.0,96,2007,"Animation, Drama, Biography, War, History",105291,"2008-02-22","Vincent Paronnaud,Marjane Satrapi"
tt0469494,8,2008-02-24,"There Will Be Blood","There Will Be Blood",https://www.imdb.com/title/tt0469494,Movie,8.2,158,2007,"Drama",705437,"2008-01-25","Paul Thomas Anderson"
tt0106307,7,2008-02-24,"Arizona Dream","Arizona Dream",https://www.imdb.com/title/tt0106307,Movie,7.2,142,1993,"Comedy, Fantasy, Romance, Drama",47696,"1994-09-09","Emir Kusturica"
tt0090967,8,2008-02-24,"Down by Law","Down by Law",https://www.imdb.com/title/tt0090967,Movie,7.6,107,1986,"Crime, Drama, Comedy",58554,"1986-09-25","Jim Jarmusch"
tt0354899,6,2008-02-24,"The Science of Sleep","La science des rêves",https://www.imdb.com/title/tt0354899,Movie,7.2,105,2006,"Comedy, Drama, Romance, Fantasy",72155,"2006-09-29","Michel Gondry"
tt0319061,8,2008-02-11,"Big Fish","Big Fish",https://www.imdb.com/title/tt0319061,Movie,7.9,125,2003,"Fantasy, Adventure, Romance, Drama",477776,"2004-01-09","Tim Burton"
tt0408236,7,2008-02-11,"Sweeney Todd: The Demon Barber of Fleet Street","Sweeney Todd: The Demon Barber of Fleet Street",https://www.imdb.com/title/tt0408236,Movie,7.3,116,2007,"Musical, Drama, Thriller, Horror",405856,"2007-12-21","Tim Burton"
tt0208092,8,2008-02-06,"Snatch","Snatch",https://www.imdb.com/title/tt0208092,Movie,8.2,102,2000,"Comedy, Crime",974350,"2001-01-19","Guy Ritchie"
tt0071562,9,2008-01-10,"The Godfather Part II","The Godfather Part II",https://www.imdb.com/title/tt0071562,Movie,9.0,202,1974,"Crime, Drama",1490003,"1974-12-18","Francis Ford Coppola"
tt0099674,9,2008-01-10,"The Godfather Part III","The Godfather Part III",https://www.imdb.com/title/tt0099674,Movie,7.5,162,1990,"Crime, Drama",454184,"1990-12-25","Francis Ford Coppola"
tt0068646,9,2008-01-02,"The Godfather","The Godfather",https://www.imdb.com/title/tt0068646,Movie,9.2,175,1972,"Crime, Drama",2217634,"1972-03-24","Francis Ford Coppola"
tt0455957,5,2007-12-17,"Goya's Ghosts","Goya's Ghosts",https://www.imdb.com/title/tt0455957,Movie,6.9,113,2006,"Drama, Biography, History",33161,"2006-11-10","Miloš Forman"
tt0120591,5,2007-12-13,"Armageddon","Armageddon",https://www.imdb.com/title/tt0120591,Movie,6.7,151,1998,"Adventure, Sci-Fi, Thriller, Action",478062,"1998-07-01","Michael Bay"
tt0422720,5,2007-12-13,"Marie Antoinette","Marie Antoinette",https://www.imdb.com/title/tt0422720,Movie,6.5,123,2006,"Drama, Biography, History, Romance",131482,"2006-10-20","Sofia Coppola"
tt0103030,7,2007-12-13,"High Heels","Tacones lejanos",https://www.imdb.com/title/tt0103030,Movie,7.0,112,1991,"Comedy, Romance, Drama",18691,"1991-12-20","Pedro Almodóvar"
tt0088461,6,2007-12-13,"What Have I Done to Deserve This?","¿Qué he hecho YO para merecer esto!!",https://www.imdb.com/title/tt0088461,Movie,7.1,101,1984,"Drama, Comedy",12050,"1985-03-30","Pedro Almodóvar"
tt0125659,8,2007-12-13,"Open Your Eyes","Abre los ojos",https://www.imdb.com/title/tt0125659,Movie,7.7,119,1997,"Mystery, Thriller, Sci-Fi, Drama",76931,"1997-12-19","Alejandro Amenábar"
tt0185125,9,2007-12-13,"All About My Mother","Todo sobre mi madre",https://www.imdb.com/title/tt0185125,Movie,7.8,101,1999,"Comedy, Romance, Drama",109377,"2000-03-31","Pedro Almodóvar"
tt0240772,7,2007-12-13,"Ocean's Eleven","Ocean's Eleven",https://www.imdb.com/title/tt0240772,Movie,7.7,116,2001,"Thriller, Crime",671168,"2001-12-07","Steven Soderbergh"
tt0401711,8,2007-12-13,"Paris, Je T'aime","Paris, je t'aime",https://www.imdb.com/title/tt0401711,Movie,7.2,120,2006,"Romance, Drama, Comedy",76354,"2007-06-15","Olivier Assayas,Frédéric Auburtin,Gurinder Chadha,Sylvain Chomet,Ethan Coen,Joel Coen,Isabel Coixet,Wes Craven,Alfonso Cuarón,Gérard Depardieu,Christopher Doyle,Richard LaGravenese,Vincenzo Natali,Alexander Payne,Bruno Podalydès,Walter Salles,Oliver Schmitz,Nobuhiro Suwa,Daniela Thomas,Tom Tykwer,Gus Van Sant"
tt0091167,8,2007-12-13,"Hannah and Her Sisters","Hannah and Her Sisters",https://www.imdb.com/title/tt0091167,Movie,7.8,107,1986,"Drama, Comedy",81371,"1986-03-14","Woody Allen"
tt0181865,8,2007-12-13,"Traffic","Traffic",https://www.imdb.com/title/tt0181865,Movie,7.5,147,2000,"Thriller, Crime, Drama",230071,"2001-01-05","Steven Soderbergh"
tt0066995,7,2007-12-13,"Diamonds Are Forever","Diamonds Are Forever",https://www.imdb.com/title/tt0066995,Movie,6.5,120,1971,"Thriller, Adventure, Action",122776,"1971-12-17","Guy Hamilton"
tt0120601,6,2007-12-13,"Being John Malkovich","Being John Malkovich",https://www.imdb.com/title/tt0120601,Movie,7.7,113,1999,"Drama, Comedy, Fantasy",368988,"1999-12-03","Spike Jonze"
tt0097576,7,2007-12-13,"Indiana Jones and the Last Crusade","Indiana Jones and the Last Crusade",https://www.imdb.com/title/tt0097576,Movie,8.2,127,1989,"Adventure, Action",861536,"1989-05-24","Steven Spielberg"
tt0287467,8,2007-12-13,"Talk to Her","Hable con ella",https://www.imdb.com/title/tt0287467,Movie,7.9,112,2002,"Romance, Mystery, Drama",121566,"2003-02-14","Pedro Almodóvar"
tt0101761,8,2007-12-13,"The Doors","The Doors",https://www.imdb.com/title/tt0101761,Movie,7.2,140,1991,"Music, Biography, Drama",106861,"1991-03-01","Oliver Stone"
tt0162222,6,2007-12-13,"Cast Away","Cast Away",https://www.imdb.com/title/tt0162222,Movie,7.8,143,2000,"Romance, Drama, Adventure",687416,"2000-12-22","Robert Zemeckis"
tt0217869,6,2007-12-13,"Unbreakable","Unbreakable",https://www.imdb.com/title/tt0217869,Movie,7.3,106,2000,"Mystery, Drama, Sci-Fi, Thriller",466692,"2000-11-22","M. Night Shyamalan"
tt0100405,6,2007-12-13,"Pretty Woman","Pretty Woman",https://www.imdb.com/title/tt0100405,Movie,7.1,119,1990,"Romance, Comedy",403106,"1990-03-23","Garry Marshall"
tt0277027,7,2007-12-13,"I Am Sam","I Am Sam",https://www.imdb.com/title/tt0277027,Movie,7.6,132,2001,"Drama",162014,"2002-01-25","Jessie Nelson"
tt0416320,8,2007-12-13,"Match Point","Match Point",https://www.imdb.com/title/tt0416320,Movie,7.6,124,2005,"Drama, Romance, Thriller",238624,"2006-01-20","Woody Allen"
tt0099423,7,2007-12-13,"Die Hard 2","Die Hard 2",https://www.imdb.com/title/tt0099423,Movie,7.2,124,1990,"Thriller, Action",406439,"1990-07-03","Renny Harlin"
tt0441909,8,2007-12-13,"Volver","Volver",https://www.imdb.com/title/tt0441909,Movie,7.6,121,2006,"Comedy, Drama",112546,"2007-01-26","Pedro Almodóvar"
tt0058150,7,2007-12-13,"Goldfinger","Goldfinger",https://www.imdb.com/title/tt0058150,Movie,7.7,110,1964,"Adventure, Thriller, Action",216915,"1965-01-09","Guy Hamilton"
tt0103772,8,2007-12-13,"Basic Instinct","Basic Instinct",https://www.imdb.com/title/tt0103772,Movie,7.1,127,1992,"Mystery, Drama, Romance, Thriller",242438,"1992-03-20","Paul Verhoeven"
tt0095675,8,2007-12-13,"Women on the Verge of a Nervous Breakdown","Mujeres al borde de un ataque de ""nervios""",https://www.imdb.com/title/tt0095675,Movie,7.5,88,1988,"Drama, Comedy",50428,"1988-11-11","Pedro Almodóvar"
tt0091635,7,2007-12-13,"9½ Weeks","Nine 1/2 Weeks",https://www.imdb.com/title/tt0091635,Movie,5.9,117,1986,"Romance, Drama",46858,"1986-02-21","Adrian Lyne"
tt0075686,8,2007-12-13,"Annie Hall","Annie Hall",https://www.imdb.com/title/tt0075686,Movie,7.9,93,1977,"Romance, Comedy",290679,"1977-04-20","Woody Allen"
tt0120689,6,2007-12-13,"The Green Mile","The Green Mile",https://www.imdb.com/title/tt0120689,Movie,8.6,189,1999,"Crime, Fantasy, Mystery, Drama",1554813,"1999-12-10","Frank Darabont"
tt0377917,6,2007-12-13,"The Fifth Element","The Fifth Element",https://www.imdb.com/title/tt0377917,Video Game,7.6,,1998,"Action, Adventure, Sci-Fi",13116,"1998-10-03","Nicolas Coquard"
tt0112818,7,2007-12-13,"Dead Man Walking","Dead Man Walking",https://www.imdb.com/title/tt0112818,Movie,7.5,122,1995,"Crime, Drama",108184,"1996-02-02","Tim Robbins"
tt0221027,7,2007-12-13,"Blow","Blow",https://www.imdb.com/title/tt0221027,Movie,7.5,124,2001,"Biography, Crime, Drama",286977,"2001-04-06","Ted Demme"
tt0120815,8,2007-12-13,"Saving Private Ryan","Saving Private Ryan",https://www.imdb.com/title/tt0120815,Movie,8.6,169,1998,"Drama, War",1631931,"1998-07-24","Steven Spielberg"
tt0335119,7,2007-12-13,"Girl with a Pearl Earring","Girl with a Pearl Earring",https://www.imdb.com/title/tt0335119,Movie,6.9,100,2003,"Biography, Romance, Drama",85520,"2004-01-30","Peter Webber"
tt0092099,6,2007-12-04,"Top Gun","Top Gun",https://www.imdb.com/title/tt0092099,Movie,7.0,110,1986,"Drama, Action",549138,"1986-05-16","Tony Scott"
tt0395169,7,2007-12-04,"Hotel Rwanda","Hotel Rwanda",https://www.imdb.com/title/tt0395169,Movie,8.1,121,2004,"Drama, War, History, Biography",391261,"2005-02-04","Terry George"
tt0169547,9,2007-12-04,"American Beauty","American Beauty",https://www.imdb.com/title/tt0169547,Movie,8.3,122,1999,"Drama",1277145,"1999-10-01","Sam Mendes"
tt0180093,8,2007-12-04,"Requiem for a Dream","Requiem for a Dream",https://www.imdb.com/title/tt0180093,Movie,8.3,102,2000,"Drama",970374,"2000-12-15","Darren Aronofsky"
tt0181689,6,2007-12-04,"Minority Report","Minority Report",https://www.imdb.com/title/tt0181689,Movie,7.6,145,2002,"Crime, Sci-Fi, Mystery, Thriller, Action",619671,"2002-06-21","Steven Spielberg"
tt0445946,5,2007-12-04,"The Contract","The Contract",https://www.imdb.com/title/tt0445946,Movie,5.6,96,2006,"Drama, Thriller, Crime, Action",27224,"2007-04-05","Bruce Beresford"
tt0446755,6,2007-12-04,"The Painted Veil","The Painted Veil",https://www.imdb.com/title/tt0446755,Movie,7.4,125,2006,"Drama, Romance",99841,"2007-01-19","John Curran"
tt0118799,7,2007-12-04,"Life Is Beautiful","La vita è bella",https://www.imdb.com/title/tt0118799,Movie,8.6,116,1997,"Comedy, War, Romance, Drama",809891,"1997-12-20","Roberto Benigni"
tt0094889,4,2007-12-04,"Cocktail","Cocktail",https://www.imdb.com/title/tt0094889,Movie,6.0,104,1988,"Drama, Comedy, Romance",97955,"1988-07-29","Roger Donaldson"
tt0120586,10,2007-12-04,"American History X","American History X",https://www.imdb.com/title/tt0120586,Movie,8.5,119,1998,"Drama, Crime",1269711,"1998-11-20","Tony Kaye"
tt0095953,7,2007-12-04,"Rain Man","Rain Man",https://www.imdb.com/title/tt0095953,Movie,8.0,133,1988,"Drama",583812,"1988-12-16","Barry Levinson"
tt0369339,6,2007-12-04,"Collateral","Collateral",https://www.imdb.com/title/tt0369339,Movie,7.5,120,2004,"Crime, Thriller, Action, Drama",466106,"2004-08-06","Michael Mann"
tt0253474,9,2007-12-04,"The Pianist","The Pianist",https://www.imdb.com/title/tt0253474,Movie,8.5,150,2002,"Biography, Music, Drama, War",1008493,"2003-03-28","Roman Polanski"
tt0175880,7,2007-12-04,"Magnolia","Magnolia",https://www.imdb.com/title/tt0175880,Movie,8.0,188,1999,"Drama",349698,"2000-01-07","Paul Thomas Anderson"
tt0118971,7,2007-12-04,"The Devil's Advocate","The Devil's Advocate",https://www.imdb.com/title/tt0118971,Movie,7.5,144,1997,"Thriller, Mystery, Fantasy, Drama",442472,"1997-10-17","Taylor Hackford"
tt0259711,7,2007-12-04,"Vanilla Sky","Vanilla Sky",https://www.imdb.com/title/tt0259711,Movie,6.9,136,2001,"Mystery, Fantasy, Sci-Fi, Romance, Thriller",307770,"2001-12-14","Cameron Crowe"
tt0090863,6,2007-12-04,"The Color of Money","The Color of Money",https://www.imdb.com/title/tt0090863,Movie,7.0,119,1986,"Sport, Drama",101006,"1986-10-17","Martin Scorsese"
tt0481369,5,2007-12-03,"The Number 23","The Number 23",https://www.imdb.com/title/tt0481369,Movie,6.4,98,2007,"Mystery, Thriller, Crime",221191,"2007-02-23","Joel Schumacher"
tt0379889,6,2007-11-27,"The Merchant of Venice","The Merchant of Venice",https://www.imdb.com/title/tt0379889,Movie,7.0,131,2004,"Drama, Romance",39951,"2005-02-18","Michael Radford"
tt0283900,6,2007-11-12,"The Spanish Apartment","L'auberge espagnole",https://www.imdb.com/title/tt0283900,Movie,7.3,122,2002,"Drama, Romance, Comedy",44017,"2003-06-20","Cédric Klapisch"
tt0117665,7,2007-11-12,"Sleepers","Sleepers",https://www.imdb.com/title/tt0117665,Movie,7.5,147,1996,"Thriller, Crime, Drama",251179,"1996-10-18","Barry Levinson"
tt0315733,8,2007-11-12,"21 Grams","21 Grams",https://www.imdb.com/title/tt0315733,Movie,7.6,124,2003,"Crime, Thriller, Drama",253233,"2004-01-16","Alejandro G. Iñárritu"
tt0102536,8,2007-11-12,"Night on Earth","Night on Earth",https://www.imdb.com/title/tt0102536,Movie,7.7,129,1991,"Drama, Comedy",70890,"1991-12-12","Jim Jarmusch"
tt0097940,8,2007-11-12,"Mystery Train","Mystery Train",https://www.imdb.com/title/tt0097940,Movie,7.5,110,1989,"Crime, Drama, Comedy",32961,"1989-11-17","Jim Jarmusch"
tt0449467,8,2007-11-12,"Babel","Babel",https://www.imdb.com/title/tt0449467,Movie,7.4,143,2006,"Drama",328534,"2006-11-10","Alejandro G. Iñárritu"
tt0379217,6,2007-11-12,"Coffee and Cigarettes","Coffee and Cigarettes",https://www.imdb.com/title/tt0379217,Movie,7.0,95,2003,"Comedy, Music, Drama",70740,"2004-06-11","Jim Jarmusch"
tt0376541,8,2007-11-12,"Closer","Closer",https://www.imdb.com/title/tt0376541,Movie,7.1,104,2004,"Drama, Romance",250435,"2004-12-03","Mike Nichols"
tt0216787,7,2007-11-12,"The Taste of Others","Le goût des autres",https://www.imdb.com/title/tt0216787,Movie,7.2,112,2000,"Romance, Drama, Comedy",11157,"2000-03-01","Agnès Jaoui"
tt0996605,6,2007-11-12,"Love Songs","Les chansons d'amour",https://www.imdb.com/title/tt0996605,Movie,7.0,91,2007,"Musical, Drama, Romance",10546,"2007-05-23","Christophe Honoré"
tt0118819,9,2007-11-12,"Live Flesh","Carne trémula",https://www.imdb.com/title/tt0118819,Movie,7.3,103,1997,"Drama",35425,"1998-01-16","Pedro Almodóvar"
tt0381681,8,2007-09-10,"Before Sunset","Before Sunset",https://www.imdb.com/title/tt0381681,Movie,8.1,80,2004,"Drama, Romance",313750,"2004-07-30","Richard Linklater"
tt0211915,10,2007-09-10,"Amélie","Le fabuleux destin d'Amélie Poulain",https://www.imdb.com/title/tt0211915,Movie,8.3,122,2001,"Romance, Comedy",837863,"2002-02-08","Jean-Pierre Jeunet"
tt0245712,8,2007-09-10,"Amores Perros","Amores perros",https://www.imdb.com/title/tt0245712,Movie,8.0,154,2000,"Thriller, Drama",272094,"2001-04-13","Alejandro G. Iñárritu"
tt0209144,8,2007-09-10,"Memento","Memento",https://www.imdb.com/title/tt0209144,Movie,8.4,113,2000,"Drama, Thriller, Mystery",1430358,"2001-05-25","Christopher Nolan"
tt0327056,7,2007-09-10,"Mystic River","Mystic River",https://www.imdb.com/title/tt0327056,Movie,7.9,138,2003,"Crime, Mystery, Thriller, Drama",521046,"2003-10-15","Clint Eastwood"
tt0137523,9,2007-09-10,"Fight Club","Fight Club",https://www.imdb.com/title/tt0137523,Movie,8.8,139,1999,"Drama, Crime, Thriller",2592297,"1999-10-15","David Fincher"
tt0308644,8,2007-09-10,"Finding Neverland","Finding Neverland",https://www.imdb.com/title/tt0308644,Movie,7.6,106,2004,"Drama, Biography, Family",217114,"2004-12-17","Marc Forster"
tt0457430,8,2007-09-10,"Pan's Labyrinth","El laberinto del fauno",https://www.imdb.com/title/tt0457430,Movie,8.2,118,2006,"Drama, Fantasy, War",745105,"2007-01-19","Guillermo del Toro"
tt0367594,5,2007-08-22,"Charlie and the Chocolate Factory","Charlie and the Chocolate Factory",https://www.imdb.com/title/tt0367594,Movie,6.7,115,2005,"Musical, Adventure, Comedy, Family, Fantasy",569525,"2005-07-15","Tim Burton"
tt0114369,9,2007-08-22,"Seven","Se7en",https://www.imdb.com/title/tt0114369,Movie,8.6,127,1995,"Mystery, Drama, Crime, Thriller",2011162,"1995-09-22","David Fincher"
tt0324133,7,2007-08-22,"Swimming Pool","Swimming Pool",https://www.imdb.com/title/tt0324133,Movie,6.7,102,2003,"Thriller, Drama, Crime, Mystery",51270,"2003-08-01","François Ozon"
tt0159097,8,2007-08-22,"The Virgin Suicides","The Virgin Suicides",https://www.imdb.com/title/tt0159097,Movie,7.2,97,1999,"Romance, Drama",185684,"2000-05-19","Sofia Coppola"
tt0112471,8,2007-08-22,"Before Sunrise","Before Sunrise",https://www.imdb.com/title/tt0112471,Movie,8.1,101,1995,"Comedy, Romance, Drama",375458,"1995-01-27","Richard Linklater"
tt0409184,7,2007-08-22,"Russian Dolls","Les poupées russes",https://www.imdb.com/title/tt0409184,Movie,6.9,125,2005,"Romance, Comedy, Drama",21920,"2005-06-15","Cédric Klapisch"
tt0113101,8,2007-08-22,"Four Rooms","Four Rooms",https://www.imdb.com/title/tt0113101,Movie,6.7,98,1995,"Comedy",116734,"1995-12-25","Allison Anders,Alexandre Rockwell,Robert Rodriguez,Quentin Tarantino"
tt0111161,8,2007-08-22,"The Shawshank Redemption","The Shawshank Redemption",https://www.imdb.com/title/tt0111161,Movie,9.3,142,1994,"Drama",3174437,"1994-10-14","Frank Darabont"
tt0110912,9,2007-08-22,"Pulp Fiction","Pulp Fiction",https://www.imdb.com/title/tt0110912,Movie,8.8,154,1994,"Crime, Drama",2425737,"1994-10-14","Quentin Tarantino"
tt0265930,10,2007-08-22,"The Last Kiss","L'ultimo bacio",https://www.imdb.com/title/tt0265930,Movie,6.9,115,2001,"Romance, Drama, Comedy",9118,"2001-02-02","Gabriele Muccino"
tt0274558,8,2007-08-22,"The Hours","The Hours",https://www.imdb.com/title/tt0274558,Movie,7.5,114,2002,"Romance, Drama",146793,"2003-02-14","Stephen Daldry"
tt0369702,8,2007-08-22,"The Sea Inside","Mar adentro",https://www.imdb.com/title/tt0369702,Movie,7.9,126,2004,"Drama, Biography",88802,"2005-03-04","Alejandro Amenábar"
tt0072684,9,2007-08-22,"Barry Lyndon","Barry Lyndon",https://www.imdb.com/title/tt0072684,Movie,8.1,185,1975,"Adventure, War, Drama",203722,"1975-12-18","Stanley Kubrick"
